danbooru_tag,base_tag,is_variant,franchise,post_count
tarnished_(elden_ring),tarnished_(elden_ring),0,Elden Ring,1509
melina_(elden_ring),melina_(elden_ring),0,Elden Ring,983
miquella_(elden_ring),miquella_(elden_ring),0,Elden Ring,814
recluse_(elden_ring),recluse_(elden_ring),0,Elden Ring,539
revenant_(elden_ring),revenant_(elden_ring),0,Elden Ring,413
bloody_wolf_(elden_ring),bloody_wolf_(elden_ring),0,Elden Ring,321
duchess_(elden_ring),duchess_(elden_ring),0,Elden Ring,259
wylder_(elden_ring),wylder_(elden_ring),0,Elden Ring,257
rya_(elden_ring),rya_(elden_ring),0,Elden Ring,206
torrent_(elden_ring),torrent_(elden_ring),0,Elden Ring,166
millicent_(elden_ring),millicent_(elden_ring),0,Elden Ring,160
guardian_(elden_ring),guardian_(elden_ring),0,Elden Ring,150
prisoner_(elden_ring),prisoner_(elden_ring),0,Elden Ring,127
revenant_(darkness)_(elden_ring),revenant_(elden_ring),1,Elden Ring,3
lancelot_(fate/grand_order),lancelot_(fate/grand_order),0,Fate,771
fionn_mac_cumhaill_(fate/grand_order),fionn_mac_cumhaill_(fate/grand_order),0,Fate,162
lancelot_(first_ascension)_(fate/grand_order),lancelot_(fate/grand_order),1,Fate,103
lancelot_(third_ascension)_(fate/grand_order),lancelot_(fate/grand_order),1,Fate,94
fionn_mac_cumhaill_(fgo_fes._2025)_(fate/grand_order),fionn_mac_cumhaill_(fate/grand_order),1,Fate,0
artoria_pendragon_(fate),artoria_pendragon_(fate),0,Fate,45067
saber_(fate),saber_(fate),0,Fate,20778
jeanne_d'arc_alter_(fate),jeanne_d'arc_alter_(fate),0,Fate,13451
abigail_williams_(fate),abigail_williams_(fate),0,Fate,12571
nero_claudius_(fate),nero_claudius_(fate),0,Fate,11170
scathach_(fate),scathach_(fate),0,Fate,9371
tamamo_no_mae_(fate),tamamo_no_mae_(fate),0,Fate,9005
jeanne_d'arc_(fate),jeanne_d'arc_(fate),0,Fate,8593
gilgamesh_(fate),gilgamesh_(fate),0,Fate,8148
okita_souji_(fate),okita_souji_(fate),0,Fate,7848
shuten_douji_(fate),shuten_douji_(fate),0,Fate,7606
astolfo_(fate),astolfo_(fate),0,Fate,7516
baobhan_sith_(fate),baobhan_sith_(fate),0,Fate,7002
archer_(fate),archer_(fate),0,Fate,6956
cu_chulainn_(fate),cu_chulainn_(fate),0,Fate,6910
mordred_(fate),mordred_(fate),0,Fate,6499
minamoto_no_raikou_(fate),minamoto_no_raikou_(fate),0,Fate,6426
bb_(fate),bb_(fate),0,Fate,6423
morgan_le_fay_(fate),morgan_le_fay_(fate),0,Fate,5889
medusa_(fate),medusa_(fate),0,Fate,5751
artoria_pendragon_(lancer)_(fate),artoria_pendragon_(fate),1,Fate,5624
ereshkigal_(fate),ereshkigal_(fate),0,Fate,5466
ishtar_(fate),ishtar_(fate),0,Fate,5185
meltryllis_(fate),meltryllis_(fate),0,Fate,5150
miyamoto_musashi_(fate),miyamoto_musashi_(fate),0,Fate,5016
medusa_(rider)_(fate),medusa_(fate),1,Fate,4427
artoria_caster_(fate),artoria_caster_(fate),0,Fate,4381
cu_chulainn_(lancer)_(fate),cu_chulainn_(fate),1,Fate,4242
kama_(fate),kama_(fate),0,Fate,4200
oda_nobunaga_(fate),oda_nobunaga_(fate),0,Fate,3969
florence_nightingale_(fate),florence_nightingale_(fate),0,Fate,3862
abigail_williams_(first_ascension)_(fate),abigail_williams_(fate),1,Fate,3661
jeanne_d'arc_alter_(avenger)_(fate),jeanne_d'arc_alter_(fate),1,Fate,3510
elizabeth_bathory_(fate),elizabeth_bathory_(fate),0,Fate,3426
nitocris_(fate),nitocris_(fate),0,Fate,3408
iskandar_(fate),iskandar_(fate),0,Fate,3388
oberon_(fate),oberon_(fate),0,Fate,3385
melusine_(fate),melusine_(fate),0,Fate,3267
jeanne_d'arc_(ruler)_(fate),jeanne_d'arc_(fate),1,Fate,3207
kiyohime_(fate),kiyohime_(fate),0,Fate,3140
tomoe_gozen_(fate),tomoe_gozen_(fate),0,Fate,3026
katsushika_hokusai_(fate),katsushika_hokusai_(fate),0,Fate,2884
jeanne_d'arc_alter_(swimsuit_berserker)_(fate),jeanne_d'arc_alter_(fate),1,Fate,2759
tamamo_cat_(fate),tamamo_cat_(fate),0,Fate,2741
barghest_(fate),barghest_(fate),0,Fate,2722
fou_(fate),fou_(fate),0,Fate,2688
ibaraki_douji_(fate),ibaraki_douji_(fate),0,Fate,2535
diarmuid_ua_duibhne_(fate),diarmuid_ua_duibhne_(fate),0,Fate,2527
leonardo_da_vinci_(fate),leonardo_da_vinci_(fate),0,Fate,2518
koyanskaya_(fate),koyanskaya_(fate),0,Fate,2510
meltryllis_(swimsuit_lancer)_(fate),meltryllis_(fate),1,Fate,2484
anastasia_(fate),anastasia_(fate),0,Fate,2471
diarmuid_ua_duibhne_(lancer)_(fate),diarmuid_ua_duibhne_(fate),1,Fate,2454
yu_mei-ren_(fate),yu_mei-ren_(fate),0,Fate,2418
napoleon_bonaparte_(fate),napoleon_bonaparte_(fate),0,Fate,2372
ushiwakamaru_(fate),ushiwakamaru_(fate),0,Fate,2372
enkidu_(fate),enkidu_(fate),0,Fate,2354
nero_claudius_(swimsuit_caster)_(fate),nero_claudius_(fate),1,Fate,2301
tamamo_no_mae_(swimsuit_lancer)_(fate),tamamo_no_mae_(fate),1,Fate,2266
mysterious_heroine_xx_(fate),mysterious_heroine_xx_(fate),0,Fate,2266
ashiya_douman_(fate),ashiya_douman_(fate),0,Fate,2240
hassan_of_serenity_(fate),hassan_of_serenity_(fate),0,Fate,2211
artoria_pendragon_(lancer_alter)_(fate),artoria_pendragon_(fate),1,Fate,2192
marie_antoinette_(fate),marie_antoinette_(fate),0,Fate,2144
jeanne_d'arc_alter_santa_lily_(fate),jeanne_d'arc_alter_santa_lily_(fate),0,Fate,2051
baobhan_sith_(first_ascension)_(fate),baobhan_sith_(fate),1,Fate,2036
nero_claudius_(bride)_(fate),nero_claudius_(fate),1,Fate,1985
jeanne_d'arc_alter_(ver._shinjuku_1999)_(fate),jeanne_d'arc_alter_(fate),1,Fate,1948
artoria_pendragon_(swimsuit_ruler)_(fate),artoria_pendragon_(fate),1,Fate,1942
mysterious_heroine_x_alter_(fate),mysterious_heroine_x_alter_(fate),0,Fate,1913
oberon_(third_ascension)_(fate),oberon_(fate),1,Fate,1887
scathach-skadi_(fate),scathach-skadi_(fate),0,Fate,1874
okita_souji_(third_ascension)_(fate),okita_souji_(fate),1,Fate,1860
lilith_(fate),lilith_(fate),0,Fate,1819
martha_(fate),martha_(fate),0,Fate,1814
medea_(fate),medea_(fate),0,Fate,1808
scathach_skadi_(fate),scathach_skadi_(fate),0,Fate,1808
astolfo_(rider)_(fate),astolfo_(fate),1,Fate,1803
miyamoto_musashi_(swimsuit_berserker)_(fate),miyamoto_musashi_(fate),1,Fate,1788
caenis_(fate),caenis_(fate),0,Fate,1746
yang_guifei_(fate),yang_guifei_(fate),0,Fate,1730
merlin_(fate),merlin_(fate),0,Fate,1726
passionlip_(fate),passionlip_(fate),0,Fate,1685
osakabehime_(fate),osakabehime_(fate),0,Fate,1668
helena_blavatsky_(fate),helena_blavatsky_(fate),0,Fate,1652
arjuna_(fate),arjuna_(fate),0,Fate,1639
karna_(fate),karna_(fate),0,Fate,1630
tenochtitlan_(fate),tenochtitlan_(fate),0,Fate,1607
leonardo_da_vinci_(rider)_(fate),leonardo_da_vinci_(fate),1,Fate,1603
boudica_(fate),boudica_(fate),0,Fate,1600
kama_(young)_(fate),kama_(fate),1,Fate,1592
artoria_pendragon_(swimsuit_ruler)_(first_ascension)_(fate),artoria_pendragon_(fate),1,Fate,1574
murasaki_shikibu_(fate),murasaki_shikibu_(fate),0,Fate,1545
medea_(caster)_(fate),medea_(fate),1,Fate,1533
toto-sama_(fate),toto-sama_(fate),0,Fate,1525
atalanta_(fate),atalanta_(fate),0,Fate,1507
gilles_de_rais_(fate),gilles_de_rais_(fate),0,Fate,1468
edmond_dantes_(fate),edmond_dantes_(fate),0,Fate,1453
okita_souji_alter_(fate),okita_souji_alter_(fate),0,Fate,1451
sieg_(fate),sieg_(fate),0,Fate,1445
artoria_caster_(second_ascension)_(fate),artoria_caster_(fate),1,Fate,1443
scathach_(lancer)_(fate),scathach_(fate),1,Fate,1438
minamoto_no_raikou_(swimsuit_lancer)_(fate),minamoto_no_raikou_(fate),1,Fate,1431
altera_(fate),altera_(fate),0,Fate,1425
medb_(fate),medb_(fate),0,Fate,1404
mordred_(memories_at_trifas)_(fate),mordred_(fate),1,Fate,1378
arthur_pendragon_(fate),arthur_pendragon_(fate),0,Fate,1365
gilles_de_rais_(caster)_(fate),gilles_de_rais_(fate),1,Fate,1359
nursery_rhyme_(fate),nursery_rhyme_(fate),0,Fate,1358
yamato_takeru_(fate),yamato_takeru_(fate),0,Fate,1342
medjed_(fate),medjed_(fate),0,Fate,1324
miyamoto_musashi_(swimsuit_berserker)_(second_ascension)_(fate),miyamoto_musashi_(fate),1,Fate,1323
senji_muramasa_(fate),senji_muramasa_(fate),0,Fate,1319
gilgamesh_(caster)_(fate),gilgamesh_(fate),1,Fate,1317
astolfo_(sailor_paladin)_(fate),astolfo_(fate),1,Fate,1299
kama_(teenager)_(fate),kama_(fate),1,Fate,1293
frankenstein's_monster_(fate),frankenstein's_monster_(fate),0,Fate,1273
florence_nightingale_(trick_or_treatment)_(fate),florence_nightingale_(fate),1,Fate,1265
meltryllis_(swimsuit_lancer)_(first_ascension)_(fate),meltryllis_(fate),1,Fate,1256
cu_chulainn_alter_(fate),cu_chulainn_alter_(fate),0,Fate,1239
xuangzang_sanzang_(fate),xuangzang_sanzang_(fate),0,Fate,1235
scathach_(swimsuit_assassin)_(fate),scathach_(fate),1,Fate,1191
florence_nightingale_(berserker)_(fate),florence_nightingale_(fate),1,Fate,1186
euryale_(fate),euryale_(fate),0,Fate,1174
bb_(swimsuit_mooncancer)_(second_ascension)_(fate),bb_(fate),1,Fate,1166
mordred_(third_ascension)_(fate),mordred_(fate),1,Fate,1163
king_hassan_(fate),king_hassan_(fate),0,Fate,1159
wu_zetian_(fate),wu_zetian_(fate),0,Fate,1142
cu_chulainn_(caster)_(fate),cu_chulainn_(fate),1,Fate,1141
oda_nobukatsu_(fate),oda_nobukatsu_(fate),0,Fate,1137
jeanne_d'arc_alter_(avenger)_(third_ascension)_(fate),jeanne_d'arc_alter_(fate),1,Fate,1129
aesc_(fate),aesc_(fate),0,Fate,1128
abigail_williams_(traveling_outfit)_(fate),abigail_williams_(fate),1,Fate,1127
nemo_(fate),nemo_(fate),0,Fate,1123
kama_(adult)_(fate),kama_(fate),1,Fate,1112
miyamoto_iori_(fate),miyamoto_iori_(fate),0,Fate,1107
tezcatlipoca_(fate),tezcatlipoca_(fate),0,Fate,1102
abigail_williams_(swimsuit_foreigner)_(third_ascension)_(fate),abigail_williams_(fate),1,Fate,1087
queen_draco_(fate),queen_draco_(fate),0,Fate,1086
suzuka_gozen_(fate),suzuka_gozen_(fate),0,Fate,1070
abigail_williams_(third_ascension)_(fate),abigail_williams_(fate),1,Fate,1066
sakata_kintoki_(fate),sakata_kintoki_(fate),0,Fate,1060
bradamante_(fate),bradamante_(fate),0,Fate,1059
gawain_(fate),gawain_(fate),0,Fate,1056
van_gogh_(fate),van_gogh_(fate),0,Fate,1051
sei_shounagon_(fate),sei_shounagon_(fate),0,Fate,1047
scathach_(piercing_bunny)_(fate),scathach_(fate),1,Fate,1039
hebi_nyoubou_(fate),hebi_nyoubou_(fate),0,Fate,1035
artoria_pendragon_(lancer)_(third_ascension)_(fate),artoria_pendragon_(fate),1,Fate,1027
meltryllis_(swimsuit_lancer)_(second_ascension)_(fate),meltryllis_(fate),1,Fate,1020
leonardo_da_vinci_(caster)_(fate),leonardo_da_vinci_(fate),1,Fate,1015
bb_(swimsuit_mooncancer)_(third_ascension)_(fate),bb_(fate),1,Fate,1005
viy_(fate),viy_(fate),0,Fate,993
jeanne_d'arc_(third_ascension)_(fate),jeanne_d'arc_(fate),1,Fate,990
stheno_(fate),stheno_(fate),0,Fate,984
heracles_(fate),heracles_(fate),0,Fate,982
tiamat_(fate),tiamat_(fate),0,Fate,980
yang_guifei_(second_ascension)_(fate),yang_guifei_(fate),1,Fate,968
achilles_(fate),achilles_(fate),0,Fate,958
paul_bunyan_(fate),paul_bunyan_(fate),0,Fate,955
saitou_hajime_(fate),saitou_hajime_(fate),0,Fate,950
angra_mainyu_(fate),angra_mainyu_(fate),0,Fate,949
mysterious_heroine_x_(fate),mysterious_heroine_x_(fate),0,Fate,946
jeanne_d'arc_alter_(avenger)_(first_ascension)_(fate),jeanne_d'arc_alter_(fate),1,Fate,945
nitocris_(swimsuit_assassin)_(fate),nitocris_(fate),1,Fate,933
jeanne_d'arc_(swimsuit_archer)_(first_ascension)_(fate),jeanne_d'arc_(fate),1,Fate,923
brynhild_(fate),brynhild_(fate),0,Fate,920
astolfo_(saber)_(fate),astolfo_(fate),1,Fate,913
okada_izou_(fate),okada_izou_(fate),0,Fate,911
minamoto_no_raikou_(second_ascension)_(fate),minamoto_no_raikou_(fate),1,Fate,906
gray_(fate),gray_(fate),0,Fate,905
elizabeth_bathory_(brave)_(fate),elizabeth_bathory_(fate),1,Fate,904
carmilla_(fate),carmilla_(fate),0,Fate,901
scheherazade_(fate),scheherazade_(fate),0,Fate,890
richard_i_(fate),richard_i_(fate),0,Fate,890
captain_nemo_(fate),captain_nemo_(fate),0,Fate,873
semiramis_(fate),semiramis_(fate),0,Fate,863
nagao_kagetora_(fate),nagao_kagetora_(fate),0,Fate,858
okita_souji_(second_ascension)_(fate),okita_souji_(fate),1,Fate,858
ibaraki_douji_(berserker)_(fate),ibaraki_douji_(fate),1,Fate,853
mysterious_heroine_x_alter_(first_ascension)_(fate),mysterious_heroine_x_alter_(fate),1,Fate,846
xu_fu_(fate),xu_fu_(fate),0,Fate,845
nitocris_(caster)_(fate),nitocris_(fate),1,Fate,845
ibuki_douji_(fate),ibuki_douji_(fate),0,Fate,840
francesca_prelati_(fate),francesca_prelati_(fate),0,Fate,838
okita_j._souji_(fate),okita_j._souji_(fate),0,Fate,824
mordred_(swimsuit_rider)_(fate),mordred_(fate),1,Fate,823
valkyrie_(fate),valkyrie_(fate),0,Fate,814
lavinia_whateley_(fate),lavinia_whateley_(fate),0,Fate,808
medusa_(lancer)_(fate),medusa_(fate),1,Fate,801
gilgamesh_(immoral_biker_jacket)_(fate),gilgamesh_(fate),1,Fate,801
hijikata_toshizou_(fate),hijikata_toshizou_(fate),0,Fate,797
quetzalcoatl_(fate),quetzalcoatl_(fate),0,Fate,792
tamamo_cat_(first_ascension)_(fate),tamamo_cat_(fate),1,Fate,790
kama_(assassin)_(first_ascension)_(fate),kama_(fate),1,Fate,788
martha_(swimsuit_ruler)_(fate),martha_(fate),1,Fate,781
medusa_(casual_wear)_(fate),medusa_(fate),1,Fate,776
bedivere_(fate),bedivere_(fate),0,Fate,769
jeanne_d'arc_(swimsuit_archer)_(second_ascension)_(fate),jeanne_d'arc_(fate),1,Fate,769
minamoto_no_raikou_(first_ascension)_(fate),minamoto_no_raikou_(fate),1,Fate,766
hans_christian_andersen_(fate),hans_christian_andersen_(fate),0,Fate,759
tamamo_cat_(third_ascension)_(fate),tamamo_cat_(fate),1,Fate,756
tomoe_gozen_(swimsuit_saber)_(first_ascension)_(fate),tomoe_gozen_(fate),1,Fate,742
circe_(fate),circe_(fate),0,Fate,738
lilith_(second_ascension)_(fate),lilith_(fate),1,Fate,736
ozymandias_(fate),ozymandias_(fate),0,Fate,734
oda_nobunaga_(maou_avenger)_(fate),oda_nobunaga_(fate),1,Fate,734
boudica_(first_ascension)_(fate),boudica_(fate),1,Fate,722
jeanne_d'arc_(girl_from_orleans)_(fate),jeanne_d'arc_(fate),1,Fate,711
tristan_(fate),tristan_(fate),0,Fate,710
miyamoto_musashi_(third_ascension)_(fate),miyamoto_musashi_(fate),1,Fate,706
gareth_(fate),gareth_(fate),0,Fate,705
abigail_williams_(second_ascension)_(fate),abigail_williams_(fate),1,Fate,702
amakusa_shirou_(fate),amakusa_shirou_(fate),0,Fate,697
mrs._snake_(fate),mrs._snake_(fate),0,Fate,697
koyanskaya_(assassin)_(first_ascension)_(fate),koyanskaya_(fate),1,Fate,696
aesc_(rain_witch)_(fate),aesc_(fate),1,Fate,686
okita_souji_(first_ascension)_(fate),okita_souji_(fate),1,Fate,685
scathach-skadi_(first_ascension)_(fate),scathach-skadi_(fate),1,Fate,684
sakamoto_ryouma_(fate),sakamoto_ryouma_(fate),0,Fate,681
melusine_(second_ascension)_(fate),melusine_(fate),1,Fate,680
oryou_(fate),oryou_(fate),0,Fate,674
astolfo_(memories_at_trifas)_(fate),astolfo_(fate),1,Fate,674
robin_hood_(fate),robin_hood_(fate),0,Fate,673
siegfried_(fate),siegfried_(fate),0,Fate,671
tamamo_no_mae_(swimsuit_lancer)_(second_ascension)_(fate),tamamo_no_mae_(fate),1,Fate,671
melusine_(swimsuit_ruler)_(fate),melusine_(fate),1,Fate,666
lady_avalon_(fate),lady_avalon_(fate),0,Fate,665
mordred_(swimsuit_rider)_(first_ascension)_(fate),mordred_(fate),1,Fate,664
morgan_le_fay_(second_ascension)_(fate),morgan_le_fay_(fate),1,Fate,664
scathach_skadi_(first_ascension)_(fate),scathach_skadi_(fate),1,Fate,662
saber_(swimsuit_archer)_(first_ascension)_(fate),saber_(fate),1,Fate,656
baobhan_sith_(swimsuit_pretender)_(first_ascension)_(fate),baobhan_sith_(fate),1,Fate,651
artoria_caster_(swimsuit_berserker)_(first_ascension)_(fate),artoria_caster_(fate),1,Fate,648
antonio_salieri_(fate),antonio_salieri_(fate),0,Fate,645
yan_qing_(fate),yan_qing_(fate),0,Fate,645
helena_blavatsky_(caster)_(fate),helena_blavatsky_(fate),1,Fate,642
oda_nobunaga_(swimsuit_berserker)_(fate),oda_nobunaga_(fate),1,Fate,633
morgan_le_fay_(third_ascension)_(fate),morgan_le_fay_(fate),1,Fate,633
bb_dubai_(fate),bb_dubai_(fate),0,Fate,626
ushiwakamaru_(second_ascension)_(fate),ushiwakamaru_(fate),1,Fate,624
nero_claudius_(olympian_bloomers)_(fate),nero_claudius_(fate),1,Fate,621
tomoe_gozen_(first_ascension)_(fate),tomoe_gozen_(fate),1,Fate,621
habetrot_(fate),habetrot_(fate),0,Fate,617
murasaki_shikibu_(first_ascension)_(fate),murasaki_shikibu_(fate),1,Fate,616
shuten_douji_(first_ascension)_(fate),shuten_douji_(fate),1,Fate,614
okita_souji_alter_(second_ascension)_(fate),okita_souji_alter_(fate),1,Fate,613
queen_of_sheba_(fate),queen_of_sheba_(fate),0,Fate,612
prince_of_lan_ling_(fate),prince_of_lan_ling_(fate),0,Fate,607
nero_claudius_(bride)_(second_ascension)_(fate),nero_claudius_(fate),1,Fate,607
frankenstein's_monster_(swimsuit_saber)_(fate),frankenstein's_monster_(fate),1,Fate,601
space_ishtar_(fate),space_ishtar_(fate),0,Fate,601
morgan_le_fay_(queen_of_winter)_(fate),morgan_le_fay_(fate),1,Fate,601
scathach_(third_ascension)_(fate),scathach_(fate),1,Fate,600
kingprotea_(fate),kingprotea_(fate),0,Fate,594
cernunnos_(fate),cernunnos_(fate),0,Fate,592
tezcatlipoca_(first_ascension)_(fate),tezcatlipoca_(fate),1,Fate,581
tamamo_no_mae_(swimsuit_lancer)_(third_ascension)_(fate),tamamo_no_mae_(fate),1,Fate,580
francis_drake_(fate),francis_drake_(fate),0,Fate,579
morgan_le_fay_(first_ascension)_(fate),morgan_le_fay_(fate),1,Fate,571
caenis_(second_ascension)_(fate),caenis_(fate),1,Fate,570
hector_(fate),hector_(fate),0,Fate,568
tamamo_cat_(second_ascension)_(fate),tamamo_cat_(fate),1,Fate,566
yui_shousetsu_(fate),yui_shousetsu_(fate),0,Fate,566
kama_(assassin)_(second_ascension)_(fate),kama_(fate),1,Fate,558
artoria_pendragon_(swimsuit_archer)_(fate),artoria_pendragon_(fate),1,Fate,557
child_gilgamesh_(fate),child_gilgamesh_(fate),0,Fate,557
abigail_williams_(swimsuit_foreigner)_(first_ascension)_(fate),abigail_williams_(fate),1,Fate,552
ereshkigal_(swimsuit_beast)_(fate),ereshkigal_(fate),1,Fate,545
oberon_(first_ascension)_(fate),oberon_(fate),1,Fate,544
dobrynya_nikitich_(fate),dobrynya_nikitich_(fate),0,Fate,542
himiko_(fate),himiko_(fate),0,Fate,541
zenobia_(fate),zenobia_(fate),0,Fate,541
shuten_douji_(halloween_caster)_(fate),shuten_douji_(fate),1,Fate,540
nero_claudius_(swimsuit_caster)_(third_ascension)_(fate),nero_claudius_(fate),1,Fate,540
qin_liangyu_(fate),qin_liangyu_(fate),0,Fate,533
van_gogh_(first_ascension)_(fate),van_gogh_(fate),1,Fate,532
kiyohime_(second_ascension)_(fate),kiyohime_(fate),1,Fate,532
huyan_zhuo_(fate),huyan_zhuo_(fate),0,Fate,530
katsushika_hokusai_(swimsuit_saber)_(fate),katsushika_hokusai_(fate),1,Fate,529
baobhan_sith_(swimsuit_pretender)_(third_ascension)_(fate),baobhan_sith_(fate),1,Fate,523
marie_antoinette_(rider)_(fate),marie_antoinette_(fate),1,Fate,520
gorgon_(fate),gorgon_(fate),0,Fate,518
bb_(swimsuit_mooncancer)_(first_ascension)_(fate),bb_(fate),1,Fate,516
nosh_(fate),nosh_(fate),0,Fate,516
sitonai_(fate),sitonai_(fate),0,Fate,512
katsushika_hokusai_(first_ascension)_(fate),katsushika_hokusai_(fate),1,Fate,512
kama_(assassin)_(third_ascension)_(fate),kama_(fate),1,Fate,511
arjuna_alter_(fate),arjuna_alter_(fate),0,Fate,509
marie_antoinette_alter_(fate),marie_antoinette_alter_(fate),0,Fate,509
artoria_pendragon_(royal_icing)_(fate),artoria_pendragon_(fate),1,Fate,509
sasaki_kojirou_(fate),sasaki_kojirou_(fate),0,Fate,508
chevalier_d'eon_(fate),chevalier_d'eon_(fate),0,Fate,506
sherlock_holmes_(fate),sherlock_holmes_(fate),0,Fate,504
charlotte_corday_(fate),charlotte_corday_(fate),0,Fate,502
artoria_caster_(first_ascension)_(fate),artoria_caster_(fate),1,Fate,501
barghest_(second_ascension)_(fate),barghest_(fate),1,Fate,495
sigurd_(fate),sigurd_(fate),0,Fate,494
voyager_(fate),voyager_(fate),0,Fate,491
katou_danzou_(fate),katou_danzou_(fate),0,Fate,491
yu_mei-ren_(second_ascension)_(fate),yu_mei-ren_(fate),1,Fate,488
ishtar_(first_ascension)_(fate),ishtar_(fate),1,Fate,487
baobhan_sith_(second_ascension)_(fate),baobhan_sith_(fate),1,Fate,486
sei_shounagon_(first_ascension)_(fate),sei_shounagon_(fate),1,Fate,486
morgan_le_fay_(water_princess)_(fate),morgan_le_fay_(fate),1,Fate,480
cleopatra_(fate),cleopatra_(fate),0,Fate,472
tamamo_no_mae_(spring_casual)_(fate),tamamo_no_mae_(fate),1,Fate,472
ibaraki_douji_(first_ascension)_(fate),ibaraki_douji_(fate),1,Fate,472
takasugi_shinsaku_(fate),takasugi_shinsaku_(fate),0,Fate,471
melusine_(swimsuit_ruler)_(first_ascension)_(fate),melusine_(fate),1,Fate,467
constantine_xi_(fate),constantine_xi_(fate),0,Fate,464
edward_teach_(fate),edward_teach_(fate),0,Fate,461
oberon_(second_ascension)_(fate),oberon_(fate),1,Fate,461
leonardo_da_vinci_(rider)_(first_ascension)_(fate),leonardo_da_vinci_(fate),1,Fate,459
mordred_(second_ascension)_(fate),mordred_(fate),1,Fate,458
alexander_(fate),alexander_(fate),0,Fate,457
kama_(swimsuit_avenger)_(third_ascension)_(fate),kama_(fate),1,Fate,457
hassan_of_the_cursed_arm_(fate),hassan_of_the_cursed_arm_(fate),0,Fate,455
kukulkan_(fate),kukulkan_(fate),0,Fate,455
wolfgang_amadeus_mozart_(fate),wolfgang_amadeus_mozart_(fate),0,Fate,450
ortlinde_(fate),ortlinde_(fate),0,Fate,447
okita_souji_alter_(first_ascension)_(fate),okita_souji_alter_(fate),1,Fate,447
nitocris_(swimsuit_assassin)_(second_ascension)_(fate),nitocris_(fate),1,Fate,446
okita_j._souji_(first_ascension)_(fate),okita_j._souji_(fate),1,Fate,446
thrud_(fate),thrud_(fate),0,Fate,440
yu_mei-ren_(first_ascension)_(fate),yu_mei-ren_(fate),1,Fate,439
solomon_(fate),solomon_(fate),0,Fate,438
charlemagne_(fate),charlemagne_(fate),0,Fate,437
atalanta_alter_(fate),atalanta_alter_(fate),0,Fate,433
lady_avalon_(second_ascension)_(fate),lady_avalon_(fate),1,Fate,433
tenochtitlan_(second_ascension)_(fate),tenochtitlan_(fate),1,Fate,429
katsushika_hokusai_(second_ascension)_(fate),katsushika_hokusai_(fate),1,Fate,426
abigail_williams_(emerald_float)_(fate),abigail_williams_(fate),1,Fate,424
kiyohime_(first_ascension)_(fate),kiyohime_(fate),1,Fate,422
kriemhild_(fate),kriemhild_(fate),0,Fate,421
ibuki_douji_(swimsuit_berserker)_(fate),ibuki_douji_(fate),1,Fate,416
yu_mei-ren_(swimsuit_lancer)_(fate),yu_mei-ren_(fate),1,Fate,414
antonio_salieri_(second_ascension)_(fate),antonio_salieri_(fate),1,Fate,414
mysterious_heroine_x_alter_(second_ascension)_(fate),mysterious_heroine_x_alter_(fate),1,Fate,414
pollux_(fate),pollux_(fate),0,Fate,413
oda_nobunaga_(swimsuit_berserker)_(first_ascension)_(fate),oda_nobunaga_(fate),1,Fate,413
yu_mei-ren_(third_ascension)_(fate),yu_mei-ren_(fate),1,Fate,412
asclepius_(fate),asclepius_(fate),0,Fate,411
miyamoto_musashi_(first_ascension)_(fate),miyamoto_musashi_(fate),1,Fate,410
kazuradrop_(fate),kazuradrop_(fate),0,Fate,409
miyamoto_musashi_(second_ascension)_(fate),miyamoto_musashi_(fate),1,Fate,409
captain_nemo_(first_ascension)_(fate),captain_nemo_(fate),1,Fate,407
xuangzang_sanzang_(third_ascension)_(fate),xuangzang_sanzang_(fate),1,Fate,407
gawain_(third_ascension)_(fate),gawain_(fate),1,Fate,405
wu_zetian_(first_ascension)_(fate),wu_zetian_(fate),1,Fate,403
kawakami_gensai_(fate),kawakami_gensai_(fate),0,Fate,400
ashwatthama_(fate),ashwatthama_(fate),0,Fate,396
chacha_(fate),chacha_(fate),0,Fate,396
penthesilea_(fate),penthesilea_(fate),0,Fate,395
koyanskaya_(chinese_lostbelt_outfit)_(fate),koyanskaya_(fate),1,Fate,393
astolfo_(saber)_(first_ascension)_(fate),astolfo_(fate),1,Fate,393
cu_chulainn_alter_(third_ascension)_(fate),cu_chulainn_alter_(fate),1,Fate,391
artoria_pendragon_(swimsuit_archer)_(first_ascension)_(fate),artoria_pendragon_(fate),1,Fate,391
yamanami_keisuke_(fate),yamanami_keisuke_(fate),0,Fate,389
brynhild_(lancer)_(fate),brynhild_(fate),1,Fate,388
scathach_(loungewear_mode)_(fate),scathach_(fate),1,Fate,386
beowulf_(fate),beowulf_(fate),0,Fate,384
koyanskaya_(foreigner)_(first_ascension)_(fate),koyanskaya_(fate),1,Fate,383
ishtar_(swimsuit_rider)_(fate),ishtar_(fate),1,Fate,382
anne_bonny_(fate),anne_bonny_(fate),0,Fate,382
baobhan_sith_(swimsuit_pretender)_(second_ascension)_(fate),baobhan_sith_(fate),1,Fate,380
artoria_caster_(swimsuit_berserker)_(second_ascension)_(fate),artoria_caster_(fate),1,Fate,380
nitocris_(swimsuit_assassin)_(first_ascension)_(fate),nitocris_(fate),1,Fate,378
kiyohime_(swimsuit_lancer)_(first_ascension)_(fate),kiyohime_(fate),1,Fate,377
abigail_williams_(festival_outfit)_(fate),abigail_williams_(fate),1,Fate,375
meltryllis_(third_ascension)_(fate),meltryllis_(fate),1,Fate,374
li_shuwen_(fate),li_shuwen_(fate),0,Fate,371
bradamante_(first_ascension)_(fate),bradamante_(fate),1,Fate,363
louhi_(fate),louhi_(fate),0,Fate,363
fuuma_kotarou_(fate),fuuma_kotarou_(fate),0,Fate,360
nagakura_shinpachi_(fate),nagakura_shinpachi_(fate),0,Fate,360
archer_(casual_wear)_(fate),archer_(fate),1,Fate,359
mochizuki_chiyome_(fate),mochizuki_chiyome_(fate),0,Fate,358
hildr_(fate),hildr_(fate),0,Fate,358
nitocris_alter_(fate),nitocris_alter_(fate),0,Fate,356
mata_hari_(fate),mata_hari_(fate),0,Fate,355
asterios_(fate),asterios_(fate),0,Fate,354
parvati_(fate),parvati_(fate),0,Fate,354
mandricardo_(fate),mandricardo_(fate),0,Fate,352
mini_nobu_(fate),mini_nobu_(fate),0,Fate,349
nero_claudius_(bride)_(third_ascension)_(fate),nero_claudius_(fate),1,Fate,349
harada_sanosuke_(fate),harada_sanosuke_(fate),0,Fate,348
okita_j._souji_(third_ascension)_(fate),okita_j._souji_(fate),1,Fate,347
ushiwakamaru_(swimsuit_assassin)_(first_ascension)_(fate),ushiwakamaru_(fate),1,Fate,346
artoria_caster_(third_ascension)_(fate),artoria_caster_(fate),1,Fate,345
larva_tiamat_(fate),larva_tiamat_(fate),0,Fate,343
mary_read_(fate),mary_read_(fate),0,Fate,342
saber_(honkai:_star_rail)_(fate),saber_(fate),1,Fate,340
minamoto_no_raikou_(swimsuit_lancer)_(third_ascension)_(fate),minamoto_no_raikou_(fate),1,Fate,338
durga_(fate),durga_(fate),0,Fate,338
yang_guifei_(first_ascension)_(fate),yang_guifei_(fate),1,Fate,334
himiko_(first_ascension)_(fate),himiko_(fate),1,Fate,334
jason_(fate),jason_(fate),0,Fate,330
tamamo_no_mae_(third_ascension)_(fate),tamamo_no_mae_(fate),1,Fate,328
abigail_williams_(swimsuit_foreigner)_(second_ascension)_(fate),abigail_williams_(fate),1,Fate,328
artemis_(fate),artemis_(fate),0,Fate,325
cu_chulainn_(casual_wear)_(fate),cu_chulainn_(fate),1,Fate,322
arash_(fate),arash_(fate),0,Fate,320
percival_(fate),percival_(fate),0,Fate,317
elizabeth_bathory_(second_ascension)_(fate),elizabeth_bathory_(fate),1,Fate,317
tamamo_aria_(fate),tamamo_aria_(fate),0,Fate,317
medea_lily_(fate),medea_lily_(fate),0,Fate,317
arjuna_(third_ascension)_(fate),arjuna_(fate),1,Fate,316
chiron_(fate),chiron_(fate),0,Fate,315
martha_(rider)_(fate),martha_(fate),1,Fate,315
setanta_(fate),setanta_(fate),0,Fate,313
queen_draco_(third_ascension)_(fate),queen_draco_(fate),1,Fate,311
suzuka_gozen_(swimsuit_rider)_(fate),suzuka_gozen_(fate),1,Fate,309
luthar_(fate),luthar_(fate),0,Fate,308
sen_no_rikyu_(fate),sen_no_rikyu_(fate),0,Fate,307
ibaraki_douji_(third_ascension)_(fate),ibaraki_douji_(fate),1,Fate,307
aesc_(savior)_(fate),aesc_(fate),1,Fate,306
taira_no_kagekiyo_(fate),taira_no_kagekiyo_(fate),0,Fate,304
ushi_gozen_(fate),ushi_gozen_(fate),0,Fate,304
mori_nagayoshi_(fate),mori_nagayoshi_(fate),0,Fate,303
shuten_douji_(festival_outfit)_(fate),shuten_douji_(fate),1,Fate,299
typhon_ephemeros_(fate),typhon_ephemeros_(fate),0,Fate,299
astolfo_(saber)_(third_ascension)_(fate),astolfo_(fate),1,Fate,298
no_name_assassin_(fate),no_name_assassin_(fate),0,Fate,297
katsushika_hokusai_(traveling_outfit)_(fate),katsushika_hokusai_(fate),1,Fate,297
con_(fate),con_(fate),0,Fate,296
toudou_heisuke_(fate),toudou_heisuke_(fate),0,Fate,295
euryale_(third_ascension)_(fate),euryale_(fate),1,Fate,294
queen_draco_(second_ascension)_(fate),queen_draco_(fate),1,Fate,294
xu_fu_(first_ascension)_(fate),xu_fu_(fate),1,Fate,294
shi_huang_di_(fate),shi_huang_di_(fate),0,Fate,293
bradamante_(third_ascension)_(fate),bradamante_(fate),1,Fate,293
ibaraki_douji_(second_ascension)_(fate),ibaraki_douji_(fate),1,Fate,292
metatron_jeanne_(fate),metatron_jeanne_(fate),0,Fate,291
martha_(swimsuit_ruler)_(third_ascension)_(fate),martha_(fate),1,Fate,290
indra_(fate),indra_(fate),0,Fate,289
kingu_(fate),kingu_(fate),0,Fate,288
kiyohime_(third_ascension)_(fate),kiyohime_(fate),1,Fate,288
sei_shounagon_(swimsuit_berserker)_(first_ascension)_(fate),sei_shounagon_(fate),1,Fate,286
lilith_(first_ascension)_(fate),lilith_(fate),1,Fate,286
murasaki_shikibu_(swimsuit_rider)_(first_ascension)_(fate),murasaki_shikibu_(fate),1,Fate,285
arjuna_(second_ascension)_(fate),arjuna_(fate),1,Fate,284
tamamo_jk_(fate),tamamo_jk_(fate),0,Fate,283
rama_(fate),rama_(fate),0,Fate,283
charles-henri_sanson_(fate),charles-henri_sanson_(fate),0,Fate,283
tomoe_gozen_(third_ascension)_(fate),tomoe_gozen_(fate),1,Fate,283
koyanskaya_(assassin)_(second_ascension)_(fate),koyanskaya_(fate),1,Fate,281
frankenstein's_monster_(swimsuit_saber)_(first_ascension)_(fate),frankenstein's_monster_(fate),1,Fate,281
altera_the_santa_(fate),altera_the_santa_(fate),0,Fate,280
helena_blavatsky_(third_ascension)_(fate),helena_blavatsky_(fate),1,Fate,279
noah_(fate),noah_(fate),0,Fate,279
jeanne_d'arc_alter_(violette_vengeur)_(fate),jeanne_d'arc_alter_(fate),1,Fate,274
vritra_(fate),vritra_(fate),0,Fate,272
oda_nobunaga_(swimsuit_berserker)_(second_ascension)_(fate),oda_nobunaga_(fate),1,Fate,271
kiyohime_(swimsuit_lancer)_(third_ascension)_(fate),kiyohime_(fate),1,Fate,270
nero_claudius_(imperium_pride)_(fate),nero_claudius_(fate),1,Fate,270
hippolyta_(fate),hippolyta_(fate),0,Fate,269
lakshmibai_(fate),lakshmibai_(fate),0,Fate,266
nursery_rhyme_(third_ascension)_(fate),nursery_rhyme_(fate),1,Fate,265
huyan_zhuo_(swimsuit_berserker)_(fate),huyan_zhuo_(fate),1,Fate,265
taigong_wang_(fate),taigong_wang_(fate),0,Fate,264
britomart_(fate),britomart_(fate),0,Fate,260
watanabe_no_tsuna_(fate),watanabe_no_tsuna_(fate),0,Fate,259
tenochtitlan_(first_ascension)_(fate),tenochtitlan_(fate),1,Fate,259
queen_draco_(first_ascension)_(fate),queen_draco_(fate),1,Fate,256
trung_trac_(fate),trung_trac_(fate),0,Fate,254
duryodhana_(fate),duryodhana_(fate),0,Fate,254
osakabehime_(swimsuit_archer)_(fate),osakabehime_(fate),1,Fate,254
scathach-skadi_(third_ascension)_(fate),scathach-skadi_(fate),1,Fate,254
caenis_(swimsuit_rider)_(fate),caenis_(fate),1,Fate,252
nitocris_(first_ascension)_(fate),nitocris_(fate),1,Fate,252
baobhan_sith_(third_ascension)_(fate),baobhan_sith_(fate),1,Fate,252
okita_souji_(teal_haori_and_hakama)_(fate),okita_souji_(fate),1,Fate,251
jaguarman_(fate),jaguarman_(fate),0,Fate,250
marine_nemo_(fate),marine_nemo_(fate),0,Fate,250
blanca_(fate),blanca_(fate),0,Fate,250
minamoto_no_raikou_(swimsuit_lancer)_(second_ascension)_(fate),minamoto_no_raikou_(fate),1,Fate,250
ibaraki_douji_(swimsuit_lancer)_(first_ascension)_(fate),ibaraki_douji_(fate),1,Fate,250
melusine_(first_ascension)_(fate),melusine_(fate),1,Fate,250
durga_(first_ascension)_(fate),durga_(fate),1,Fate,249
cu_chulainn_(aloha_shirt)_(fate),cu_chulainn_(fate),1,Fate,249
fergus_mac_roich_(fate),fergus_mac_roich_(fate),0,Fate,248
mephistopheles_(fate),mephistopheles_(fate),0,Fate,247
scathach_skadi_(third_ascension)_(fate),scathach_skadi_(fate),1,Fate,247
saitou_hajime_(first_ascension)_(fate),saitou_hajime_(fate),1,Fate,247
philia_(fate),philia_(fate),0,Fate,247
li_shuwen_(young)_(fate),li_shuwen_(fate),1,Fate,246
jing_ke_(fate),jing_ke_(fate),0,Fate,245
trung_nhi_(fate),trung_nhi_(fate),0,Fate,245
yang_guifei_(third_ascension)_(fate),yang_guifei_(fate),1,Fate,244
carmilla_(assassin)_(fate),carmilla_(fate),1,Fate,244
ashiya_douman_(third_ascension)_(fate),ashiya_douman_(fate),1,Fate,243
romulus-quirinus_(fate),romulus-quirinus_(fate),0,Fate,243
galahad_(fate),galahad_(fate),0,Fate,242
romulus_(fate),romulus_(fate),0,Fate,242
space_ereshkigal_(fate),space_ereshkigal_(fate),0,Fate,242
lobo_(fate),lobo_(fate),0,Fate,241
demon_pillar_(fate),demon_pillar_(fate),0,Fate,240
ozymandias_(third_ascension)_(fate),ozymandias_(fate),1,Fate,240
grigori_rasputin_(fate),grigori_rasputin_(fate),0,Fate,239
miyamoto_musashi_(swimsuit_berserker)_(first_ascension)_(fate),miyamoto_musashi_(fate),1,Fate,238
yagyuu_munenori_(fate),yagyuu_munenori_(fate),0,Fate,235
the_count_of_monte_cristo_(fate),the_count_of_monte_cristo_(fate),0,Fate,235
martha_(swimsuit_ruler)_(second_ascension)_(fate),martha_(fate),1,Fate,234
dante_alighieri_(fate),dante_alighieri_(fate),0,Fate,234
romulus_quirinus_(fate),romulus_quirinus_(fate),0,Fate,233
kama_(swimsuit_avenger)_(second_ascension)_(fate),kama_(fate),1,Fate,233
medb_(third_ascension)_(fate),medb_(fate),1,Fate,233
kama_(swimsuit_avenger)_(first_ascension)_(fate),kama_(fate),1,Fate,232
ereshkigal_(third_ascension)_(fate),ereshkigal_(fate),1,Fate,232
calamity_jane_(fate),calamity_jane_(fate),0,Fate,229
ereshkigal_(second_ascension)_(fate),ereshkigal_(fate),1,Fate,229
archer_(summer_casual)_(fate),archer_(fate),1,Fate,228
billy_the_kid_(fate),billy_the_kid_(fate),0,Fate,227
florence_nightingale_(third_ascension)_(fate),florence_nightingale_(fate),1,Fate,227
jekyll_and_hyde_(fate),jekyll_and_hyde_(fate),0,Fate,225
castor_(fate),castor_(fate),0,Fate,225
miss_crane_(fate),miss_crane_(fate),0,Fate,225
ibuki_douji_(swimsuit_berserker)_(first_ascension)_(fate),ibuki_douji_(fate),1,Fate,225
add_(fate),add_(fate),0,Fate,224
bb_(bb_shot!)_(fate),bb_(fate),1,Fate,224
kawakami_gensai_(first_ascension)_(fate),kawakami_gensai_(fate),1,Fate,224
bhima_(fate),bhima_(fate),0,Fate,223
kali_(fate),kali_(fate),0,Fate,222
nitocris_(second_ascension)_(fate),nitocris_(fate),1,Fate,221
tenochtitlan_(swimsuit_mooncancer)_(third_ascension)_(fate),tenochtitlan_(fate),1,Fate,220
kondou_isami_(fate),kondou_isami_(fate),0,Fate,220
thomas_edison_(fate),thomas_edison_(fate),0,Fate,219
zerco_(fate),zerco_(fate),0,Fate,219
barghest_(first_ascension)_(fate),barghest_(fate),1,Fate,218
passionlip_(swimsuit_saber)_(first_ascension)_(fate),passionlip_(fate),1,Fate,217
nikola_tesla_(fate),nikola_tesla_(fate),0,Fate,216
zheng_chenggong_(fate),zheng_chenggong_(fate),0,Fate,216
andromeda_(fate),andromeda_(fate),0,Fate,216
katsushika_hokusai_(third_ascension)_(fate),katsushika_hokusai_(fate),1,Fate,214
suzuka_gozen_(swimsuit_rider)_(second_ascension)_(fate),suzuka_gozen_(fate),1,Fate,214
gaius_julius_caesar_(fate),gaius_julius_caesar_(fate),0,Fate,214
john_lackland_(fate),john_lackland_(fate),0,Fate,213
avicebron_(fate),avicebron_(fate),0,Fate,212
tamamo_no_mae_(sable_mage)_(fate),tamamo_no_mae_(fate),1,Fate,212
okita_souji_alter_(swimsuit_saber)_(fate),okita_souji_alter_(fate),1,Fate,212
lahmu_(fate),lahmu_(fate),0,Fate,211
wu_zetian_(swimsuit_caster)_(fate),wu_zetian_(fate),1,Fate,211
gray_(assassin)_(fate),gray_(fate),1,Fate,211
agravain_(fate),agravain_(fate),0,Fate,209
space_ishtar_(second_ascension)_(fate),space_ishtar_(fate),1,Fate,209
super_orion_(fate),super_orion_(fate),0,Fate,208
komahime_(fate),komahime_(fate),0,Fate,208
gilgamesh_(establishment)_(fate),gilgamesh_(fate),1,Fate,207
ashiya_douman_(second_ascension)_(fate),ashiya_douman_(fate),1,Fate,206
nitocris_(third_ascension)_(fate),nitocris_(fate),1,Fate,206
william_shakespeare_(fate),william_shakespeare_(fate),0,Fate,205
caenis_(unofficial_casual_wear)_(fate),caenis_(fate),1,Fate,205
martha_(third_ascension)_(fate),martha_(fate),1,Fate,204
marie_antoinette_alter_(third_ascension)_(fate),marie_antoinette_alter_(fate),1,Fate,203
francois_prelati_(fate),francois_prelati_(fate),0,Fate,201
charlemagne_(first_ascension)_(fate),charlemagne_(fate),1,Fate,201
saitou_hajime_(second_ascension)_(fate),saitou_hajime_(fate),1,Fate,200
abigail_williams_(santa)_(fate),abigail_williams_(fate),1,Fate,199
marie_antoinette_(third_ascension)_(fate),marie_antoinette_(fate),1,Fate,197
bartholomew_roberts_(fate),bartholomew_roberts_(fate),0,Fate,196
atalanta_alter_(second_ascension)_(fate),atalanta_alter_(fate),1,Fate,196
arjuna_alter_(first_ascension)_(fate),arjuna_alter_(fate),1,Fate,196
iskandar_(casual_wear)_(fate),iskandar_(fate),1,Fate,195
tristan_(third_ascension)_(fate),tristan_(fate),1,Fate,195
geronimo_(fate),geronimo_(fate),0,Fate,194
saitou_hajime_(third_ascension)_(fate),saitou_hajime_(fate),1,Fate,194
cu_chulainn_(second_ascension)_(fate),cu_chulainn_(fate),1,Fate,193
mysterious_executor_c.i.e.l_(fate),mysterious_executor_c.i.e.l_(fate),0,Fate,192
osakabehime_(third_ascension)_(fate),osakabehime_(fate),1,Fate,192
artoria_caster_(final_ascension)_(fate),artoria_caster_(fate),1,Fate,192
larva_tiamat_(first_ascension)_(fate),larva_tiamat_(fate),1,Fate,191
nero_claudius_(modern_costume_of_crimson)_(fate),nero_claudius_(fate),1,Fate,190
hans_christian_andersen_(adult)_(fate),hans_christian_andersen_(fate),1,Fate,189
leonidas_(fate),leonidas_(fate),0,Fate,188
odysseus_(fate),odysseus_(fate),0,Fate,188
tiamat_(femme_fatale)_(fate),tiamat_(fate),1,Fate,188
hessian_(fate),hessian_(fate),0,Fate,187
professor_nemo_(fate),professor_nemo_(fate),0,Fate,187
biscione_(fate),biscione_(fate),0,Fate,186
miyamoto_musashi_(woman_of_niten_ichiryuu)_(fate),miyamoto_musashi_(fate),1,Fate,184
nezha_(fate),nezha_(fate),0,Fate,183
yui_shousetsu_(first_ascension)_(fate),yui_shousetsu_(fate),1,Fate,183
arthur_pendragon_alter_(fate),arthur_pendragon_alter_(fate),0,Fate,180
leysritt_(fate),leysritt_(fate),0,Fate,180
christopher_columbus_(fate),christopher_columbus_(fate),0,Fate,180
medusa_(rider)_(third_ascension)_(fate),medusa_(fate),1,Fate,180
elizabeth_bathory_(halloween_caster)_(fate),elizabeth_bathory_(fate),1,Fate,179
mysterious_ranmaru_x_(fate),mysterious_ranmaru_x_(fate),0,Fate,179
mrs._snake_(second_ascension)_(fate),mrs._snake_(fate),1,Fate,179
helena_blavatsky_(swimsuit_archer)_(third_ascension)_(fate),helena_blavatsky_(fate),1,Fate,178
ibuki_douji_(second_ascension)_(fate),ibuki_douji_(fate),1,Fate,178
caligula_(fate),caligula_(fate),0,Fate,177
izumo_no_okuni_(fate),izumo_no_okuni_(fate),0,Fate,177
oberon_(refreshing_summer_prince)_(fate),oberon_(fate),1,Fate,177
charlotte_corday_(third_ascension)_(fate),charlotte_corday_(fate),1,Fate,176
hippogriff_(fate),hippogriff_(fate),0,Fate,176
nurse_nemo_(fate),nurse_nemo_(fate),0,Fate,174
appren-chirps_(fate),appren-chirps_(fate),0,Fate,174
martha_(swimsuit_ruler)_(first_ascension)_(fate),martha_(fate),1,Fate,173
passionlip_(third_ascension)_(fate),passionlip_(fate),1,Fate,173
stheno_(third_ascension)_(fate),stheno_(fate),1,Fate,172
miyamoto_musashi_(swimsuit_berserker)_(third_ascension)_(fate),miyamoto_musashi_(fate),1,Fate,172
kukulkan_(second_ascension)_(fate),kukulkan_(fate),1,Fate,172
cnoc_na_riabh_(fate),cnoc_na_riabh_(fate),0,Fate,172
takeda_shingen_(fate),takeda_shingen_(fate),0,Fate,172
lord_logres_(fate),lord_logres_(fate),0,Fate,172
kyokutei_bakin_(fate),kyokutei_bakin_(fate),0,Fate,171
tenochtitlan_(swimsuit_mooncancer)_(first_ascension)_(fate),tenochtitlan_(fate),1,Fate,171
johanna_(fate),johanna_(fate),0,Fate,170
morgan_le_fay_(chaldea_satellite_station)_(fate),morgan_le_fay_(fate),1,Fate,169
barghest_(swimsuit_archer)_(second_ascension)_(fate),barghest_(fate),1,Fate,169
archer_(third_ascension)_(fate),archer_(fate),1,Fate,169
oda_kippoushi_(fate),oda_kippoushi_(fate),0,Fate,167
ptolemy_(fate),ptolemy_(fate),0,Fate,167
caenis_(swimsuit_rider)_(first_ascension)_(fate),caenis_(fate),1,Fate,167
siduri_(fate),siduri_(fate),0,Fate,166
henry_jekyll_(fate),henry_jekyll_(fate),0,Fate,166
sea_demon_(fate),sea_demon_(fate),0,Fate,166
mini_cu-chan_(fate),mini_cu-chan_(fate),0,Fate,165
artoria_caster_(swimsuit_berserker)_(third_ascension)_(fate),artoria_caster_(fate),1,Fate,165
bedivere_(third_ascension)_(fate),bedivere_(fate),1,Fate,164
paul_bunyan_(third_ascension)_(fate),paul_bunyan_(fate),1,Fate,162
taisui_xingjun_(fate),taisui_xingjun_(fate),0,Fate,162
ganesha_(fate),ganesha_(fate),0,Fate,161
anastasia_(swimsuit_archer)_(third_ascension)_(fate),anastasia_(fate),1,Fate,161
melusine_(swimsuit_ruler)_(second_ascension)_(fate),melusine_(fate),1,Fate,161
koyanskaya_(foreigner)_(third_ascension)_(fate),koyanskaya_(fate),1,Fate,161
leonardo_da_vinci_(swimsuit_ruler)_(fate),leonardo_da_vinci_(fate),1,Fate,160
ushi_gozen_(avenger)_(fate),ushi_gozen_(fate),1,Fate,160
kiichi_hogen_(fate),kiichi_hogen_(fate),0,Fate,159
colonel_olcott_(fate),colonel_olcott_(fate),0,Fate,158
marie_antoinette_alter_(first_ascension)_(fate),marie_antoinette_alter_(fate),1,Fate,158
mysterious_heroine_x_alter_(third_ascension)_(fate),mysterious_heroine_x_alter_(fate),1,Fate,157
van_gogh_(second_ascension)_(fate),van_gogh_(fate),1,Fate,157
space_ishtar_(first_ascension)_(fate),space_ishtar_(fate),1,Fate,157
kriemhild_(first_ascension)_(fate),kriemhild_(fate),1,Fate,157
scheherazade_(third_ascension)_(fate),scheherazade_(fate),1,Fate,157
sakata_kintoki_(rider)_(fate),sakata_kintoki_(fate),1,Fate,156
ereshkigal_alter_(fate),ereshkigal_alter_(fate),0,Fate,156
bb_cosmo_(fate),bb_cosmo_(fate),0,Fate,156
astolfo_(rider)_(third_ascension)_(fate),astolfo_(fate),1,Fate,156
patxi_(fate),patxi_(fate),0,Fate,155
tamamo_no_mae_(swimsuit_lancer)_(first_ascension)_(fate),tamamo_no_mae_(fate),1,Fate,155
barghest_(swimsuit_archer)_(first_ascension)_(fate),barghest_(fate),1,Fate,155
mysterious_heroine_x_(second_ascension)_(fate),mysterious_heroine_x_(fate),1,Fate,155
florence_nightingale_(chaldea_lifesavers)_(fate),florence_nightingale_(fate),1,Fate,154
frankenstein's_monster_(swimsuit_saber)_(second_ascension)_(fate),frankenstein's_monster_(fate),1,Fate,154
astraea_(fate),astraea_(fate),0,Fate,153
rengoku_(fate),rengoku_(fate),0,Fate,153
medusa_(saber)_(fate),medusa_(fate),1,Fate,153
dobrynya_nikitich_(second_ascension)_(fate),dobrynya_nikitich_(fate),1,Fate,153
lilith_(third_ascension)_(fate),lilith_(fate),1,Fate,152
carmilla_(swimsuit_rider)_(third_ascension)_(fate),carmilla_(fate),1,Fate,151
barghest_(swimsuit_archer)_(final_ascension)_(fate),barghest_(fate),1,Fate,151
space_ishtar_(third_ascension)_(fate),space_ishtar_(fate),1,Fate,150
louhi_(second_ascension)_(fate),louhi_(fate),1,Fate,150
xiang_yu_(fate),xiang_yu_(fate),0,Fate,148
metatron_jeanne_(second_ascension)_(fate),metatron_jeanne_(fate),1,Fate,147
charles_babbage_(fate),charles_babbage_(fate),0,Fate,146
paris_(fate),paris_(fate),0,Fate,146
marie_antoinette_(swimsuit_caster)_(third_ascension)_(fate),marie_antoinette_(fate),1,Fate,146
baker_nemo_(fate),baker_nemo_(fate),0,Fate,145
locusta_(fate),locusta_(fate),0,Fate,145
spartacus_(fate),spartacus_(fate),0,Fate,144
koyanskaya_(lostbelt_beast:iv)_(fate),koyanskaya_(fate),1,Fate,144
artoria_pendragon_(swimsuit_ruler)_(second_ascension)_(fate),artoria_pendragon_(fate),1,Fate,144
sen_no_rikyu_(second_ascension)_(fate),sen_no_rikyu_(fate),1,Fate,144
sella_(fate),sella_(fate),0,Fate,143
kama_(beast_iii/l)_(fate),kama_(fate),1,Fate,143
camazotz_(fate),camazotz_(fate),0,Fate,143
kukulkan_(first_ascension)_(fate),kukulkan_(fate),1,Fate,142
trung_nhi_(second_ascension)_(fate),trung_nhi_(fate),1,Fate,142
cavall_ii_(fate),cavall_ii_(fate),0,Fate,142
chevalier_d'eon_(saber)_(fate),chevalier_d'eon_(fate),1,Fate,142
mary_read_(rider)_(fate),mary_read_(fate),1,Fate,142
edward_teach_(final_ascension)_(fate),edward_teach_(fate),1,Fate,141
meltryllis_(swimsuit_lancer)_(third_ascension)_(fate),meltryllis_(fate),1,Fate,141
trung_trac_(second_ascension)_(fate),trung_trac_(fate),1,Fate,141
noah_(third_ascension)_(fate),noah_(fate),1,Fate,141
marie_antoinette_(swimsuit_caster)_(second_ascension)_(fate),marie_antoinette_(fate),1,Fate,140
setanta's_puppy_(fate),setanta's_puppy_(fate),0,Fate,140
chevalier_d'eon_(maid_knight)_(fate),chevalier_d'eon_(fate),1,Fate,139
osakabehime_(swimsuit_archer)_(second_ascension)_(fate),osakabehime_(fate),1,Fate,139
baobhan_sith_(exhibition_attire)_(fate),baobhan_sith_(fate),1,Fate,139
cu_chulainn_(third_ascension)_(fate),cu_chulainn_(fate),1,Fate,139
archer_(honkai:_star_rail)_(fate),archer_(fate),1,Fate,139
gilles_de_rais_(saber)_(fate),gilles_de_rais_(fate),1,Fate,138
anne_bonny_(swimsuit_archer)_(first_ascension)_(fate),anne_bonny_(fate),1,Fate,138
demeter_(fate),demeter_(fate),0,Fate,137
okita_souji_alter_(swimsuit_saber)_(first_ascension)_(fate),okita_souji_alter_(fate),1,Fate,137
florence_nightingale_(santa)_(fate),florence_nightingale_(fate),1,Fate,136
suzuka_gozen_(santa)_(fate),suzuka_gozen_(fate),1,Fate,135
li_shuwen_(old)_(fate),li_shuwen_(fate),1,Fate,135
medb_(alluring_chief_warden_look)_(fate),medb_(fate),1,Fate,135
nitocris_(swimsuit_assassin)_(third_ascension)_(fate),nitocris_(fate),1,Fate,135
medb_(swimsuit_saber)_(second_ascension)_(fate),medb_(fate),1,Fate,135
apollo_(fate),apollo_(fate),0,Fate,134
mysterious_heroine_x_(third_ascension)_(fate),mysterious_heroine_x_(fate),1,Fate,134
kazuradrop_(first_ascension)_(fate),kazuradrop_(fate),1,Fate,134
david_(fate),david_(fate),0,Fate,131
koyanskaya_(assassin)_(third_ascension)_(fate),koyanskaya_(fate),1,Fate,131
nitocris_alter_(second_ascension)_(fate),nitocris_alter_(fate),1,Fate,131
astolfo_(third_ascension)_(fate),astolfo_(fate),1,Fate,131
mochizuki_chiyome_(second_ascension)_(fate),mochizuki_chiyome_(fate),1,Fate,131
engineer_nemo_(fate),engineer_nemo_(fate),0,Fate,130
jeanne_d'arc_(white_cruising)_(fate),jeanne_d'arc_(fate),1,Fate,130
achilles_(fearless_diver)_(fate),achilles_(fate),1,Fate,130
mysterious_heroine_xx_alter_(fate),mysterious_heroine_xx_alter_(fate),0,Fate,130
mori_nagayoshi_(second_ascension)_(fate),mori_nagayoshi_(fate),1,Fate,130
paracelsus_von_hohenheim_(fate),paracelsus_von_hohenheim_(fate),0,Fate,130
tomoe_gozen_(second_ascension)_(fate),tomoe_gozen_(fate),1,Fate,130
xochitonal_(fate),xochitonal_(fate),0,Fate,129
richard_i_(second_ascension)_(fate),richard_i_(fate),1,Fate,129
arjuna_alter_(third_ascension)_(fate),arjuna_alter_(fate),1,Fate,129
sita_(fate),sita_(fate),0,Fate,128
medb_(first_ascension)_(fate),medb_(fate),1,Fate,128
anne_bonny_(rider)_(fate),anne_bonny_(fate),1,Fate,128
europa_(fate),europa_(fate),0,Fate,126
boudica_(third_ascension)_(fate),boudica_(fate),1,Fate,125
matsunaga_hisahide_(fate),matsunaga_hisahide_(fate),0,Fate,125
astolfo_(sparkling_frills)_(fate),astolfo_(fate),1,Fate,124
ibaraki_douji_(swimsuit_lancer)_(third_ascension)_(fate),ibaraki_douji_(fate),1,Fate,124
saika_magoichi_(fate),saika_magoichi_(fate),0,Fate,124
calamity_jane_(first_ascension)_(fate),calamity_jane_(fate),1,Fate,124
amakusa_shirou_(third_ascension)_(fate),amakusa_shirou_(fate),1,Fate,122
gareth_(first_ascension)_(fate),gareth_(fate),1,Fate,122
mordred_(swimsuit_rider)_(second_ascension)_(fate),mordred_(fate),1,Fate,121
anastasia_(swimsuit_archer)_(second_ascension)_(fate),anastasia_(fate),1,Fate,121
dobrynya_nikitich_(swimsuit_lancer)_(first_ascension)_(fate),dobrynya_nikitich_(fate),1,Fate,121
andromeda_(first_ascension)_(fate),andromeda_(fate),1,Fate,120
vritra_(second_ascension)_(fate),vritra_(fate),1,Fate,120
sakata_kintoki_(heian_warrior_attire)_(fate),sakata_kintoki_(fate),1,Fate,119
yamato_takeru_(third_ascension)_(fate),yamato_takeru_(fate),1,Fate,119
constantine_xi_(third_ascension)_(fate),constantine_xi_(fate),1,Fate,119
roland_(fate),roland_(fate),0,Fate,118
daikokuten_(fate),daikokuten_(fate),0,Fate,118
scathach-skadi_(swimsuit_ruler)_(first_ascension)_(fate),scathach-skadi_(fate),1,Fate,118
wolf_(fate),wolf_(fate),0,Fate,117
arthur_pendragon_(white_rose)_(fate),arthur_pendragon_(fate),1,Fate,117
jeanne_d'arc_(mystery_treasure)_(fate),jeanne_d'arc_(fate),1,Fate,117
mysterious_idol_x_alter_(fate),mysterious_idol_x_alter_(fate),0,Fate,117
helena_blavatsky_(swimsuit_archer)_(first_ascension)_(fate),helena_blavatsky_(fate),1,Fate,117
iyo_(fate),iyo_(fate),0,Fate,117
dumuzid_(fate),dumuzid_(fate),0,Fate,116
karna_(santa)_(fate),karna_(fate),1,Fate,116
minamoto_no_raikou_(swimsuit_lancer)_(first_ascension)_(fate),minamoto_no_raikou_(fate),1,Fate,116
tanaka_shinbei_(fate),tanaka_shinbei_(fate),0,Fate,115
mordred_(formal_dress)_(fate),mordred_(fate),1,Fate,115
van_gogh_(third_ascension)_(fate),van_gogh_(fate),1,Fate,115
mary_anning_(fate),mary_anning_(fate),0,Fate,115
aesc_(exhibition_attire)_(fate),aesc_(fate),1,Fate,115
louhi_(third_ascension)_(fate),louhi_(fate),1,Fate,115
sigma_(fate),sigma_(fate),0,Fate,114
melusine_(third_ascension)_(fate),melusine_(fate),1,Fate,114
elizabeth_of_the_end_(fate),elizabeth_of_the_end_(fate),0,Fate,114
ereshkigal_(lawson_2018)_(fate),ereshkigal_(fate),1,Fate,114
scathach_skadi_(swimsuit_ruler)_(first_ascension)_(fate),scathach_skadi_(fate),1,Fate,113
sugitani_zenjubou_(fate),sugitani_zenjubou_(fate),0,Fate,113
miyamoto_musashi_(pasela_resorts)_(fate),miyamoto_musashi_(fate),1,Fate,113
kijo_kouyou_(fate),kijo_kouyou_(fate),0,Fate,112
frankenstein's_monster_(swimsuit_saber)_(third_ascension)_(fate),frankenstein's_monster_(fate),1,Fate,112
ptolemy_(third_ascension)_(fate),ptolemy_(fate),1,Fate,112
lakshmibai_(first_ascension)_(fate),lakshmibai_(fate),1,Fate,111
hyde_(fate),hyde_(fate),0,Fate,111
brynhild_(swimsuit_berserker)_(first_ascension)_(fate),brynhild_(fate),1,Fate,111
mecha_eli-chan_(fate),mecha_eli-chan_(fate),0,Fate,110
tomoe_gozen_(traveling_outfit)_(fate),tomoe_gozen_(fate),1,Fate,110
ereshkigal_(fgo_x_lawson_2018)_(fate),ereshkigal_(fate),1,Fate,110
adele_(fate),adele_(fate),0,Fate,109
himiko_(third_ascension)_(fate),himiko_(fate),1,Fate,109
hans_christian_andersen_(third_ascension)_(fate),hans_christian_andersen_(fate),1,Fate,109
typhon_ephemeros_(second_ascension)_(fate),typhon_ephemeros_(fate),1,Fate,109
fuuma_kotarou_(second_ascension)_(fate),fuuma_kotarou_(fate),1,Fate,109
yamanami_keisuke_(third_ascension)_(fate),yamanami_keisuke_(fate),1,Fate,109
salome_(fate),salome_(fate),0,Fate,108
elizabeth_bathory_(third_ascension)_(fate),elizabeth_bathory_(fate),1,Fate,107
charlotte_corday_(swimsuit_caster)_(first_ascension)_(fate),charlotte_corday_(fate),1,Fate,107
medusa_(saber)_(first_ascension)_(fate),medusa_(fate),1,Fate,107
tutankhamun_(fate),tutankhamun_(fate),0,Fate,107
galatea_(fate),galatea_(fate),0,Fate,106
merlin_(camelot_&_co)_(fate),merlin_(fate),1,Fate,106
miyamoto_musashi_(fgo_x_pasela_resorts)_(fate),miyamoto_musashi_(fate),1,Fate,106
harada_sanosuke_(teal_haori_and_hakama)_(fate),harada_sanosuke_(fate),1,Fate,106
elizabeth_bathory_(cinderella)_(fate),elizabeth_bathory_(fate),1,Fate,105
dante_alighieri_(second_ascension)_(fate),dante_alighieri_(fate),1,Fate,105
kawakami_gensai_(second_ascension)_(fate),kawakami_gensai_(fate),1,Fate,105
archer_alter_(fate),archer_alter_(fate),0,Fate,104
archer_(cool_and_wild)_(fate),archer_(fate),1,Fate,104
lady_avalon_(first_ascension)_(fate),lady_avalon_(fate),1,Fate,104
constantine_xi_(second_ascension)_(fate),constantine_xi_(fate),1,Fate,104
chen_gong_(fate),chen_gong_(fate),0,Fate,103
georgios_(fate),georgios_(fate),0,Fate,103
katsushika_hokusai_(festival_outfit)_(fate),katsushika_hokusai_(fate),1,Fate,103
yoshida_shouin_(fate),yoshida_shouin_(fate),0,Fate,103
nagakura_shinpachi_(third_ascension)_(fate),nagakura_shinpachi_(fate),1,Fate,103
toudou_heisuke_(third_ascension)_(fate),toudou_heisuke_(fate),1,Fate,103
tawara_touta_(fate),tawara_touta_(fate),0,Fate,102
edmond_dantes_(monte_cristo_selection)_(fate),edmond_dantes_(fate),1,Fate,102
oberon_(moody_summer_oberon)_(fate),oberon_(fate),1,Fate,102
ivan_the_terrible_(fate),ivan_the_terrible_(fate),0,Fate,101
voyager_(third_ascension)_(fate),voyager_(fate),1,Fate,101
jeanne_d'arc_alter_(lancer)_(fate),jeanne_d'arc_alter_(fate),1,Fate,101
takeda_shingen_(first_ascension)_(fate),takeda_shingen_(fate),1,Fate,101
jeanne_d'arc_alter_(festival_outfit)_(fate),jeanne_d'arc_alter_(fate),1,Fate,100
marie_antoinette_(swimsuit_caster)_(first_ascension)_(fate),marie_antoinette_(fate),1,Fate,100
barghest_(like_a_lady)_(fate),barghest_(fate),1,Fate,100
medea_(casual_wear)_(fate),medea_(fate),1,Fate,100
jeanne_d'arc_(formal_dress)_(fate),jeanne_d'arc_(fate),1,Fate,99
jeanne_d'arc_alter_(mystery_treasure)_(fate),jeanne_d'arc_alter_(fate),1,Fate,96
okada_izou_(i'm_one_dapping_fella)_(fate),okada_izou_(fate),1,Fate,96
bradamante_(second_ascension)_(fate),bradamante_(fate),1,Fate,96
quetzalcoatl_(samba/santa)_(fate),quetzalcoatl_(fate),1,Fate,95
kama_(chocolate_heaven)_(fate),kama_(fate),1,Fate,95
tomoe_gozen_(swimsuit_saber)_(third_ascension)_(fate),tomoe_gozen_(fate),1,Fate,95
daikokuten_(first_ascension)_(fate),daikokuten_(fate),1,Fate,95
johanna_(third_ascension)_(fate),johanna_(fate),1,Fate,95
rengoku_(first_ascension)_(fate),rengoku_(fate),1,Fate,94
anastasia_(swimsuit_archer)_(first_ascension)_(fate),anastasia_(fate),1,Fate,94
barghest_(ice_warrior)_(fate),barghest_(fate),1,Fate,94
izumo_no_okuni_(first_ascension)_(fate),izumo_no_okuni_(fate),1,Fate,94
xu_fu_(swimsuit_avenger)_(second_ascension)_(fate),xu_fu_(fate),1,Fate,94
asclepius_(first_ascension)_(fate),asclepius_(fate),1,Fate,94
tezcatlipoca_(third_ascension)_(fate),tezcatlipoca_(fate),1,Fate,93
nero_claudius_(formal_dress)_(fate),nero_claudius_(fate),1,Fate,92
cu_chulainn_(garcon)_(fate),cu_chulainn_(fate),1,Fate,92
nero_claudius_(saber_santa)_(fate),nero_claudius_(fate),1,Fate,92
scathach-skadi_(swimsuit_ruler)_(final_ascension)_(fate),scathach-skadi_(fate),1,Fate,92
leonardo_da_vinci_(rider)_(second_ascension)_(fate),leonardo_da_vinci_(fate),1,Fate,91
atalanta_alter_(first_ascension)_(fate),atalanta_alter_(fate),1,Fate,91
wu_zetian_(swimsuit_caster)_(first_ascension)_(fate),wu_zetian_(fate),1,Fate,91
minamoto_no_raikou_(third_ascension)_(fate),minamoto_no_raikou_(fate),1,Fate,91
senji_muramasa_(second_ascension)_(fate),senji_muramasa_(fate),1,Fate,90
britomart_(second_ascension)_(fate),britomart_(fate),1,Fate,90
elizabeth_bathory_(perfect)_(first_ascension)_(fate),elizabeth_bathory_(fate),1,Fate,90
prince_of_lan_ling_(eastern_socialite_attire)_(fate),prince_of_lan_ling_(fate),1,Fate,89
huyan_zhuo_(second_ascension)_(fate),huyan_zhuo_(fate),1,Fate,89
ereshkigal_(bitter_sweet)_(fate),ereshkigal_(fate),1,Fate,88
ibuki_douji_(swimsuit_berserker)_(second_ascension)_(fate),ibuki_douji_(fate),1,Fate,88
ushi_gozen_(rider)_(fate),ushi_gozen_(fate),1,Fate,88
boudica_(second_ascension)_(fate),boudica_(fate),1,Fate,88
astolfo_(comp_ace_bikini)_(fate),astolfo_(fate),1,Fate,88
xuangzang_sanzang_(first_ascension)_(fate),xuangzang_sanzang_(fate),1,Fate,88
kama_(tour_outfit)_(fate),kama_(fate),1,Fate,87
tamamo_no_mae_(tailmaid_strike)_(fate),tamamo_no_mae_(fate),1,Fate,87
cnoc_na_riabh_(swimsuit_foreigner)_(fate),cnoc_na_riabh_(fate),1,Fate,87
mordred_(first_ascension)_(fate),mordred_(fate),1,Fate,87
prince_of_lan_ling_(third_ascension)_(fate),prince_of_lan_ling_(fate),1,Fate,87
marie_antoinette_(festival_outfit)_(fate),marie_antoinette_(fate),1,Fate,86
miyamoto_musashi_(traveling_outfit)_(fate),miyamoto_musashi_(fate),1,Fate,86
minamoto_no_raikou_(traveling_outfit)_(fate),minamoto_no_raikou_(fate),1,Fate,84
hassan_of_serenity_(lostroom_outfit)_(fate),hassan_of_serenity_(fate),1,Fate,84
scathach_skadi_(swimsuit_ruler)_(final_ascension)_(fate),scathach_skadi_(fate),1,Fate,84
captain_nemo_(second_ascension)_(fate),captain_nemo_(fate),1,Fate,84
metatron_jeanne_(third_ascension)_(fate),metatron_jeanne_(fate),1,Fate,84
scheherazade_(first_ascension)_(fate),scheherazade_(fate),1,Fate,84
baobhan_sith_(celebratory_attire)_(fate),baobhan_sith_(fate),1,Fate,84
lilith_(over_the_same_sky)_(fate),lilith_(fate),1,Fate,84
tamamo_no_mae_(sexy_bikini)_(fate),tamamo_no_mae_(fate),1,Fate,83
antonio_salieri_(first_ascension)_(fate),antonio_salieri_(fate),1,Fate,83
circe_(first_ascension)_(fate),circe_(fate),1,Fate,83
kriemhild_(swimsuit_rider)_(fate),kriemhild_(fate),1,Fate,83
saber_(swimsuit_archer)_(third_ascension)_(fate),saber_(fate),1,Fate,83
edmond_dantes_(first_ascension)_(fate),edmond_dantes_(fate),1,Fate,82
artoria_pendragon_(swimsuit_archer)_(third_ascension)_(fate),artoria_pendragon_(fate),1,Fate,82
kiyohime_(swimsuit_lancer)_(second_ascension)_(fate),kiyohime_(fate),1,Fate,82
leonardo_da_vinci_(active_sailor)_(fate),leonardo_da_vinci_(fate),1,Fate,81
ushiwakamaru_(third_ascension)_(fate),ushiwakamaru_(fate),1,Fate,81
diarmuid_ua_duibhne_(saber)_(fate),diarmuid_ua_duibhne_(fate),1,Fate,80
yu_mei-ren_(festival_outfit)_(fate),yu_mei-ren_(fate),1,Fate,80
space_ishtar_(young)_(fate),space_ishtar_(fate),1,Fate,80
arjuna_(first_ascension)_(fate),arjuna_(fate),1,Fate,80
carmilla_(summertime_mistress)_(fate),carmilla_(fate),1,Fate,79
ibaraki_douji_(swimsuit_lancer)_(second_ascension)_(fate),ibaraki_douji_(fate),1,Fate,79
miss_crane_(second_ascension)_(fate),miss_crane_(fate),1,Fate,79
kama_(mistake)_(second_ascension)_(fate),kama_(fate),1,Fate,79
medb_(second_ascension)_(fate),medb_(fate),1,Fate,79
nitocris_alter_(first_ascension)_(fate),nitocris_alter_(fate),1,Fate,78
captain_nemo_(santa)_(fate),captain_nemo_(fate),1,Fate,78
brynhild_(cheer_for_master)_(fate),brynhild_(fate),1,Fate,78
scathach-skadi_(swimsuit_ruler)_(second_ascension)_(fate),scathach-skadi_(fate),1,Fate,78
lord_logres_(second_ascension)_(fate),lord_logres_(fate),1,Fate,78
katsushika_hokusai_(painting_summer)_(fate),katsushika_hokusai_(fate),1,Fate,77
wu_zetian_(third_ascension)_(fate),wu_zetian_(fate),1,Fate,77
martha_(santa)_(fate),martha_(fate),1,Fate,76
scathach_skadi_(swimsuit_ruler)_(second_ascension)_(fate),scathach_skadi_(fate),1,Fate,76
mary_read_(swimsuit_archer)_(first_ascension)_(fate),mary_read_(fate),1,Fate,75
tenochtitlan_(swimsuit_mooncancer)_(second_ascension)_(fate),tenochtitlan_(fate),1,Fate,75
mochizuki_chiyome_(first_ascension)_(fate),mochizuki_chiyome_(fate),1,Fate,75
tamamo_cat_(lostroom_outfit)_(fate),tamamo_cat_(fate),1,Fate,74
saber_(summer_battle_clothes)_(fate),saber_(fate),1,Fate,74
tezcatlipoca_(second_ascension)_(fate),tezcatlipoca_(fate),1,Fate,74
louhi_(first_ascension)_(fate),louhi_(fate),1,Fate,74
sigurd_(memories_with_my_lover)_(fate),sigurd_(fate),1,Fate,73
lilith_(celebratory_attire)_(fate),lilith_(fate),1,Fate,73
lavinia_whateley_(emerald_float)_(fate),lavinia_whateley_(fate),1,Fate,72
cleopatra_(third_ascension)_(fate),cleopatra_(fate),1,Fate,72
taira_no_kagekiyo_(second_ascension)_(fate),taira_no_kagekiyo_(fate),1,Fate,72
mary_anning_(second_ascension)_(fate),mary_anning_(fate),1,Fate,72
katsushika_hokusai_(exhibition_attire)_(fate),katsushika_hokusai_(fate),1,Fate,72
oda_nobunaga_(kaiser)_(fate),oda_nobunaga_(fate),1,Fate,72
ereshkigal_(under_the_same_sky)_(fate),ereshkigal_(fate),1,Fate,71
hijikata_toshizou_(third_ascension)_(fate),hijikata_toshizou_(fate),1,Fate,71
robin_hood_(summer_hunter)_(fate),robin_hood_(fate),1,Fate,70
shuten_douji_(dress_for_demons)_(fate),shuten_douji_(fate),1,Fate,70
abigail_williams_(animejapan_2018)_(fate),abigail_williams_(fate),1,Fate,70
li_shuwen_(old)_(first_ascension)_(fate),li_shuwen_(fate),1,Fate,70
gilgamesh_(sensha_otoko)_(fate),gilgamesh_(fate),1,Fate,69
sen_no_rikyu_(first_ascension)_(fate),sen_no_rikyu_(fate),1,Fate,69
takasugi_shinsaku_(first_ascension)_(fate),takasugi_shinsaku_(fate),1,Fate,69
the_count_of_monte_cristo_(second_ascension)_(fate),the_count_of_monte_cristo_(fate),1,Fate,69
siegfried_(super_cool_biz)_(fate),siegfried_(fate),1,Fate,68
shuten_douji_(lostroom_outfit)_(fate),shuten_douji_(fate),1,Fate,68
iskandar_(sensha_otoko)_(fate),iskandar_(fate),1,Fate,68
murasaki_shikibu_(swimsuit_rider)_(third_ascension)_(fate),murasaki_shikibu_(fate),1,Fate,68
senji_muramasa_(third_ascension)_(fate),senji_muramasa_(fate),1,Fate,68
the_count_of_monte_cristo_(first_ascension)_(fate),the_count_of_monte_cristo_(fate),1,Fate,68
saber_(swimsuit_archer)_(second_ascension)_(fate),saber_(fate),1,Fate,68
helena_blavatsky_(christmas)_(fate),helena_blavatsky_(fate),1,Fate,67
boudica_(shining_goddess)_(fate),boudica_(fate),1,Fate,67
penthesilea_(amazones_ceo)_(fate),penthesilea_(fate),1,Fate,67
wu_zetian_(swimsuit_caster)_(third_ascension)_(fate),wu_zetian_(fate),1,Fate,67
morgan_le_fay_(fgo_fes._2023)_(fate),morgan_le_fay_(fate),1,Fate,67
larva_tiamat_(second_ascension)_(fate),larva_tiamat_(fate),1,Fate,66
yamato_takeru_(phantasmal_dress)_(fate),yamato_takeru_(fate),1,Fate,66
penthesilea_(third_ascension)_(fate),penthesilea_(fate),1,Fate,66
arjuna_(versus)_(fate),arjuna_(fate),1,Fate,65
marie_antoinette_(animejapan_2016)_(fate),marie_antoinette_(fate),1,Fate,65
britomart_(final_ascension)_(fate),britomart_(fate),1,Fate,65
osakabehime_(foxy_lady)_(fate),osakabehime_(fate),1,Fate,65
taira_no_kagekiyo_(third_ascension)_(fate),taira_no_kagekiyo_(fate),1,Fate,65
andromeda_(second_ascension)_(fate),andromeda_(fate),1,Fate,65
ozymandias_(second_ascension)_(fate),ozymandias_(fate),1,Fate,65
asclepius_(third_ascension)_(fate),asclepius_(fate),1,Fate,65
scathach-skadi_(second_ascension)_(fate),scathach-skadi_(fate),1,Fate,65
gorgon_(third_ascension)_(fate),gorgon_(fate),1,Fate,63
scathach_skadi_(second_ascension)_(fate),scathach_skadi_(fate),1,Fate,63
shi_huang_di_(third_ascension)_(fate),shi_huang_di_(fate),1,Fate,63
queen_draco_(beast_vi/s)_(fate),queen_draco_(fate),1,Fate,63
ibuki_douji_(third_ascension)_(fate),ibuki_douji_(fate),1,Fate,63
hassan_of_serenity_(merry_sheep)_(fate),hassan_of_serenity_(fate),1,Fate,62
saber_(pure_night_dress)_(fate),saber_(fate),1,Fate,62
koyanskaya_(foreigner)_(second_ascension)_(fate),koyanskaya_(fate),1,Fate,62
artoria_pendragon_(swimsuit_archer)_(second_ascension)_(fate),artoria_pendragon_(fate),1,Fate,62
scathach_(first_ascension)_(fate),scathach_(fate),1,Fate,62
melusine_(final_ascension)_(fate),melusine_(fate),1,Fate,62
baobhan_sith_(over_the_same_sky)_(fate),baobhan_sith_(fate),1,Fate,62
carmilla_(swimsuit_rider)_(first_ascension)_(fate),carmilla_(fate),1,Fate,61
abigail_williams_(event_portrait)_(fate),abigail_williams_(fate),1,Fate,61
fuuma_kotarou_(first_ascension)_(fate),fuuma_kotarou_(fate),1,Fate,61
nero_claudius_(red_lightning)_(fate),nero_claudius_(fate),1,Fate,60
francis_drake_(third_ascension)_(fate),francis_drake_(fate),1,Fate,60
okada_izou_(second_ascension)_(fate),okada_izou_(fate),1,Fate,60
thrud_(swimsuit_assassin)_(fate),thrud_(fate),1,Fate,60
astolfo_(saber)_(second_ascension)_(fate),astolfo_(fate),1,Fate,60
van_gogh_(miner)_(fate),van_gogh_(fate),1,Fate,60
asclepius_(second_ascension)_(fate),asclepius_(fate),1,Fate,60
okada_izou_(dog)_(fate),okada_izou_(fate),1,Fate,59
yui_shousetsu_(second_ascension)_(fate),yui_shousetsu_(fate),1,Fate,59
dante_alighieri_(third_ascension)_(fate),dante_alighieri_(fate),1,Fate,59
morgan_le_fay_(valentine_witches)_(fate),morgan_le_fay_(fate),1,Fate,58
murasaki_shikibu_(third_ascension)_(fate),murasaki_shikibu_(fate),1,Fate,58
kijo_kouyou_(third_ascension)_(fate),kijo_kouyou_(fate),1,Fate,58
tenochtitlan_(event_portrait)_(fate),tenochtitlan_(fate),1,Fate,58
melusine_(exhibition_attire)_(fate),melusine_(fate),1,Fate,58
gawain_(scion_of_summer)_(fate),gawain_(fate),1,Fate,58
lord_logres_(first_ascension)_(fate),lord_logres_(fate),1,Fate,58
demeter_(lostbelt)_(fate),demeter_(fate),1,Fate,58
meltryllis_(second_ascension)_(fate),meltryllis_(fate),1,Fate,57
biscione_(first_ascension)_(fate),biscione_(fate),1,Fate,57
ishtar_(lawson_2018)_(fate),ishtar_(fate),1,Fate,57
dobrynya_nikitich_(first_ascension)_(fate),dobrynya_nikitich_(fate),1,Fate,56
tristan_(chicken_of_luluhawa)_(fate),tristan_(fate),1,Fate,56
saber_(second_ascension)_(fate),saber_(fate),1,Fate,56
ishtar_(fgo_x_lawson_2018)_(fate),ishtar_(fate),1,Fate,56
scathach-skadi_(swimsuit_ruler)_(third_ascension)_(fate),scathach-skadi_(fate),1,Fate,56
kyokutei_bakin_(first_ascension)_(fate),kyokutei_bakin_(fate),1,Fate,55
osakabehime_(swimsuit_archer)_(first_ascension)_(fate),osakabehime_(fate),1,Fate,55
kingprotea_(second_ascension)_(fate),kingprotea_(fate),1,Fate,54
scathach_skadi_(swimsuit_ruler)_(third_ascension)_(fate),scathach_skadi_(fate),1,Fate,54
yu_mei-ren_(spare_the_idle_talk)_(fate),yu_mei-ren_(fate),1,Fate,54
baobhan_sith_(chaldea_satellite_station)_(fate),baobhan_sith_(fate),1,Fate,54
nero_claudius_(bath_robe)_(fate),nero_claudius_(fate),1,Fate,53
edmond_dantes_(monte_cristo_uniform)_(fate),edmond_dantes_(fate),1,Fate,53
ibuki_douji_(first_ascension)_(fate),ibuki_douji_(fate),1,Fate,53
ortlinde_(swimsuit_assassin)_(fate),ortlinde_(fate),1,Fate,53
lakshmibai_(second_ascension)_(fate),lakshmibai_(fate),1,Fate,53
kazuradrop_(second_ascension)_(fate),kazuradrop_(fate),1,Fate,53
nagakura_shinpachi_(first_ascension)_(fate),nagakura_shinpachi_(fate),1,Fate,53
leonardo_da_vinci_(sister)_(fate),leonardo_da_vinci_(fate),1,Fate,53
mary_read_(third_ascension)_(fate),mary_read_(fate),1,Fate,53
brynhild_(third_ascension)_(fate),brynhild_(fate),1,Fate,53
scathach_(formal_dress)_(fate),scathach_(fate),1,Fate,52
qin_liangyu_(chainsaw_of_the_dead)_(fate),qin_liangyu_(fate),1,Fate,52
enkidu_(sensha_otoko)_(fate),enkidu_(fate),1,Fate,52
hildr_(swimsuit_assassin)_(fate),hildr_(fate),1,Fate,52
gareth_(swimsuit_saber)_(second_ascension)_(fate),gareth_(fate),1,Fate,52
baobhan_sith_(valentine_witches)_(fate),baobhan_sith_(fate),1,Fate,52
gareth_(second_ascension)_(fate),gareth_(fate),1,Fate,52
kriemhild_(swimsuit_rider)_(first_ascension)_(fate),kriemhild_(fate),1,Fate,52
romulus-quirinus_(third_ascension)_(fate),romulus-quirinus_(fate),1,Fate,52
marie_antoinette_(formal_dress)_(fate),marie_antoinette_(fate),1,Fate,51
francis_drake_(stormy_seas_outfit)_(fate),francis_drake_(fate),1,Fate,51
sigurd_(first_ascension)_(fate),sigurd_(fate),1,Fate,51
gareth_(swimsuit_saber)_(first_ascension)_(fate),gareth_(fate),1,Fate,51
kyokutei_bakin_(second_ascension)_(fate),kyokutei_bakin_(fate),1,Fate,51
tezcatlipoca_(young)_(fate),tezcatlipoca_(fate),1,Fate,51
miyamoto_iori_(phantasmal_dress)_(fate),miyamoto_iori_(fate),1,Fate,51
ozymandias_(first_ascension)_(fate),ozymandias_(fate),1,Fate,51
suzuka_gozen_(second_ascension)_(fate),suzuka_gozen_(fate),1,Fate,51
tenochtitlan_(third_ascension)_(fate),tenochtitlan_(fate),1,Fate,50
baobhan_sith_(dream_portrait)_(fate),baobhan_sith_(fate),1,Fate,50
barghest_(dream_portrait)_(fate),barghest_(fate),1,Fate,50
gorgon_(composite_deity_gorgon)_(fate),gorgon_(fate),1,Fate,50
sherlock_holmes_(third_ascension)_(fate),sherlock_holmes_(fate),1,Fate,50
kawakami_gensai_(third_ascension)_(fate),kawakami_gensai_(fate),1,Fate,50
nero_claudius_(idol_emperor)_(fate),nero_claudius_(fate),1,Fate,49
tomoe_gozen_(first_valentine)_(fate),tomoe_gozen_(fate),1,Fate,49
mysterious_heroine_xx_(second_ascension)_(fate),mysterious_heroine_xx_(fate),1,Fate,49
murasaki_shikibu_(second_ascension)_(fate),murasaki_shikibu_(fate),1,Fate,49
diarmuid_ua_duibhne_(lancer)_(third_ascension)_(fate),diarmuid_ua_duibhne_(fate),1,Fate,49
katou_danzou_(third_ascension)_(fate),katou_danzou_(fate),1,Fate,49
sherlock_holmes_(first_ascension)_(fate),sherlock_holmes_(fate),1,Fate,49
karna_(formal_dress)_(fate),karna_(fate),1,Fate,48
saber_(type-moon_racing)_(fate),saber_(fate),1,Fate,48
sakata_kintoki_(third_ascension)_(fate),sakata_kintoki_(fate),1,Fate,48
caenis_(first_ascension)_(fate),caenis_(fate),1,Fate,48
kazuradrop_(third_ascension)_(fate),kazuradrop_(fate),1,Fate,48
biscione_(second_ascension)_(fate),biscione_(fate),1,Fate,48
parvati_(third_ascension)_(fate),parvati_(fate),1,Fate,48
romulus_quirinus_(third_ascension)_(fate),romulus_quirinus_(fate),1,Fate,48
ishtar_(formal_dress)_(fate),ishtar_(fate),1,Fate,47
oberon_(overnight_dream)_(fate),oberon_(fate),1,Fate,47
enkidu_(talk_of_the_hot_sands)_(fate),enkidu_(fate),1,Fate,47
artemis_(third_ascension)_(fate),artemis_(fate),1,Fate,47
okada_izou_(third_ascension)_(fate),okada_izou_(fate),1,Fate,47
kama_(dream_portrait)_(fate),kama_(fate),1,Fate,47
lady_avalon_(event_portrait)_(fate),lady_avalon_(fate),1,Fate,47
suzuka_gozen_(swimsuit_rider)_(first_ascension)_(fate),suzuka_gozen_(fate),1,Fate,47
captain_nemo_(third_ascension)_(fate),captain_nemo_(fate),1,Fate,47
mandricardo_(summer_sportswear)_(fate),mandricardo_(fate),1,Fate,46
helena_blavatsky_(swimsuit_archer)_(second_ascension)_(fate),helena_blavatsky_(fate),1,Fate,46
tomoe_gozen_(swimsuit_saber)_(second_ascension)_(fate),tomoe_gozen_(fate),1,Fate,46
tutankhamun_(first_ascension)_(fate),tutankhamun_(fate),1,Fate,46
minamoto_no_raikou_(bunny_girl_style)_(fate),minamoto_no_raikou_(fate),1,Fate,46
edward_teach_(third_ascension)_(fate),edward_teach_(fate),1,Fate,46
tristan_(second_ascension)_(fate),tristan_(fate),1,Fate,46
anastasia_(third_ascension)_(fate),anastasia_(fate),1,Fate,46
voyager_(second_ascension)_(fate),voyager_(fate),1,Fate,45
semiramis_(third_ascension)_(fate),semiramis_(fate),1,Fate,45
ereshkigal_(youming_niangniang)_(fate),ereshkigal_(fate),1,Fate,44
nitocris_alter_(third_ascension)_(fate),nitocris_alter_(fate),1,Fate,44
dobrynya_nikitich_(third_ascension)_(fate),dobrynya_nikitich_(fate),1,Fate,44
typhon_ephemeros_(black_armor)_(fate),typhon_ephemeros_(fate),1,Fate,44
yang_guifei_(honey_lake)_(fate),yang_guifei_(fate),1,Fate,43
sitonai_(third_ascension)_(fate),sitonai_(fate),1,Fate,43
kingprotea_(third_ascension)_(fate),kingprotea_(fate),1,Fate,43
gilgamesh_(ruler)_(fate),gilgamesh_(fate),1,Fate,43
oda_nobukatsu_(third_ascension)_(fate),oda_nobukatsu_(fate),1,Fate,43
ptolemy_(first_ascension)_(fate),ptolemy_(fate),1,Fate,43
caenis_(bunny)_(fate),caenis_(fate),1,Fate,43
heracles_(third_ascension)_(fate),heracles_(fate),1,Fate,43
metatron_jeanne_(first_ascension)_(fate),metatron_jeanne_(fate),1,Fate,43
demeter_(second_ascension)_(fate),demeter_(fate),1,Fate,43
fergus_mac_roich_(young)_(fate),fergus_mac_roich_(fate),1,Fate,42
elizabeth_bathory_(japan)_(fate),elizabeth_bathory_(fate),1,Fate,42
paul_bunyan_(festival_outfit)_(fate),paul_bunyan_(fate),1,Fate,42
napoleon_bonaparte_(ladies_&_gentlemen)_(fate),napoleon_bonaparte_(fate),1,Fate,42
kiyohime_(kiyohime_in_ribbons)_(fate),kiyohime_(fate),1,Fate,42
oda_nobunaga_(swimsuit_berserker)_(third_ascension)_(fate),oda_nobunaga_(fate),1,Fate,42
bhima_(second_ascension)_(fate),bhima_(fate),1,Fate,42
durga_(second_ascension)_(fate),durga_(fate),1,Fate,42
barghest_(exhibition_attire)_(fate),barghest_(fate),1,Fate,42
sakamoto_ryouma_(lancer)_(first_ascension)_(fate),sakamoto_ryouma_(fate),1,Fate,42
indra_(celebratory_attire)_(fate),indra_(fate),1,Fate,42
martha_(under_the_same_sky)_(fate),martha_(fate),1,Fate,41
calamity_jane_(third_ascension)_(fate),calamity_jane_(fate),1,Fate,41
kijo_kouyou_(first_ascension)_(fate),kijo_kouyou_(fate),1,Fate,41
melusine_(dream_portrait)_(fate),melusine_(fate),1,Fate,41
anne_bonny_(third_ascension)_(fate),anne_bonny_(fate),1,Fate,41
billy_the_kid_(third_ascension)_(fate),billy_the_kid_(fate),1,Fate,41
cu_chulainn_(tropical_rune_summer)_(fate),cu_chulainn_(fate),1,Fate,41
kondou_isami_(first_ascension)_(fate),kondou_isami_(fate),1,Fate,41
martha_(aerial_drive)_(fate),martha_(fate),1,Fate,40
astolfo_(sugar_vacation)_(fate),astolfo_(fate),1,Fate,40
jeanne_d'arc_alter_(holy_night_supper)_(fate),jeanne_d'arc_alter_(fate),1,Fate,40
ushiwakamaru_(corrupted)_(fate),ushiwakamaru_(fate),1,Fate,40
suzuka_gozen_(third_ascension)_(fate),suzuka_gozen_(fate),1,Fate,40
space_ishtar_(astarte_origin)_(fate),space_ishtar_(fate),1,Fate,40
okita_souji_alter_(swimsuit_saber)_(second_ascension)_(fate),okita_souji_alter_(fate),1,Fate,40
ashiya_douman_(asagao-patterned_yukata)_(fate),ashiya_douman_(fate),1,Fate,40
yamato_takeru_(second_ascension)_(fate),yamato_takeru_(fate),1,Fate,40
astraea_(first_ascension)_(fate),astraea_(fate),1,Fate,40
saber_(first_ascension)_(fate),saber_(fate),1,Fate,40
karna_(celebratory_attire)_(fate),karna_(fate),1,Fate,40
kondou_isami_(white_kotetsu)_(fate),kondou_isami_(fate),1,Fate,40
hijikata_toshizou_(teal_haori_and_hakama)_(fate),hijikata_toshizou_(fate),1,Fate,40
anastasia_(shvibzik_snow)_(fate),anastasia_(fate),1,Fate,39
saber_(royal_dress)_(fate),saber_(fate),1,Fate,39
scathach_(makyou_sergeant)_(fate),scathach_(fate),1,Fate,39
leonardo_da_vinci_(swimsuit_ruler)_(final_ascension)_(fate),leonardo_da_vinci_(fate),1,Fate,39
xu_fu_(swimsuit_avenger)_(first_ascension)_(fate),xu_fu_(fate),1,Fate,39
karna_(summer_outfit)_(fate),karna_(fate),1,Fate,39
oda_nobukatsu_(second_ascension)_(fate),oda_nobukatsu_(fate),1,Fate,39
bradamante_(welcome_bunny)_(fate),bradamante_(fate),1,Fate,38
gilgamesh_(modern_costume_of_volupte)_(fate),gilgamesh_(fate),1,Fate,38
medusa_(lancer)_(final_ascension)_(fate),medusa_(fate),1,Fate,38
ushiwakamaru_(swimsuit_assassin)_(third_ascension)_(fate),ushiwakamaru_(fate),1,Fate,38
astraea_(second_ascension)_(fate),astraea_(fate),1,Fate,38
kama_(male)_(fate),kama_(fate),1,Fate,38
taisui_xingjun_(adult)_(fate),taisui_xingjun_(fate),1,Fate,38
abigail_williams_(celebratory_attire)_(fate),abigail_williams_(fate),1,Fate,38
abigail_williams_(tour_outfit)_(fate),abigail_williams_(fate),1,Fate,37
arjuna_alter_(student_council_president)_(fate),arjuna_alter_(fate),1,Fate,37
geronimo_(third_ascension)_(fate),geronimo_(fate),1,Fate,37
trung_trac_(first_ascension)_(fate),trung_trac_(fate),1,Fate,37
lady_avalon_(third_ascension)_(fate),lady_avalon_(fate),1,Fate,37
barghest_(third_ascension)_(fate),barghest_(fate),1,Fate,37
xu_fu_(swimsuit_avenger)_(third_ascension)_(fate),xu_fu_(fate),1,Fate,37
euryale_(formal_dress)_(fate),euryale_(fate),1,Fate,36
murasaki_shikibu_(purple_eye)_(fate),murasaki_shikibu_(fate),1,Fate,36
anastasia_(under_the_same_sky)_(fate),anastasia_(fate),1,Fate,36
ashiya_douman_(tour_outfit)_(fate),ashiya_douman_(fate),1,Fate,36
karna_(versus)_(fate),karna_(fate),1,Fate,36
koyanskaya_(indian_lostbelt_outfit)_(fate),koyanskaya_(fate),1,Fate,36
sei_shounagon_(third_ascension)_(fate),sei_shounagon_(fate),1,Fate,36
okita_j._souji_(second_ascension)_(fate),okita_j._souji_(fate),1,Fate,36
yui_shousetsu_(third_ascension)_(fate),yui_shousetsu_(fate),1,Fate,36
atalanta_(first_ascension)_(fate),atalanta_(fate),1,Fate,36
jeanne_d'arc_alter_(over_the_same_sky)_(fate),jeanne_d'arc_alter_(fate),1,Fate,36
hebi_nyoubou_(first_ascension)_(fate),hebi_nyoubou_(fate),1,Fate,36
shuten_douji_(under_the_same_sky)_(fate),shuten_douji_(fate),1,Fate,35
meltryllis_(tour_outfit)_(fate),meltryllis_(fate),1,Fate,35
ushiwakamaru_(tour_outfit)_(fate),ushiwakamaru_(fate),1,Fate,35
jeanne_d'arc_alter_santa_lily_(summer_little)_(fate),jeanne_d'arc_alter_santa_lily_(fate),1,Fate,35
diarmuid_ua_duibhne_(sensha_otoko)_(fate),diarmuid_ua_duibhne_(fate),1,Fate,35
minamoto_no_raikou_(exhibition_attire)_(fate),minamoto_no_raikou_(fate),1,Fate,35
jeanne_d'arc_alter_(seaside_sunset)_(fate),jeanne_d'arc_alter_(fate),1,Fate,35
lilith_(stormy_night)_(fate),lilith_(fate),1,Fate,35
archer_(modern_black_costume)_(fate),archer_(fate),1,Fate,34
angra_mainyu_(third_ascension)_(fate),angra_mainyu_(fate),1,Fate,34
melusine_(swimsuit_ruler)_(third_ascension)_(fate),melusine_(fate),1,Fate,34
jeanne_d'arc_alter_(flames_of_applause)_(fate),jeanne_d'arc_alter_(fate),1,Fate,34
leonardo_da_vinci_(mother)_(fate),leonardo_da_vinci_(fate),1,Fate,34
salome_(third_ascension)_(fate),salome_(fate),1,Fate,34
enkidu_(celebratory_attire)_(fate),enkidu_(fate),1,Fate,34
florence_nightingale_(divine_princess_of_the_storm)_(fate),florence_nightingale_(fate),1,Fate,33
nitocris_(lostroom_outfit)_(fate),nitocris_(fate),1,Fate,33
kama_(summer_enma-tei)_(fate),kama_(fate),1,Fate,33
tamamo_no_mae_(police_fox)_(fate),tamamo_no_mae_(fate),1,Fate,33
nero_claudius_(type-moon_racing)_(fate),nero_claudius_(fate),1,Fate,33
yan_qing_(training_wear)_(fate),yan_qing_(fate),1,Fate,33
yang_guifei_(event_portrait)_(fate),yang_guifei_(fate),1,Fate,33
ushi_gozen_(avenger)_(third_ascension)_(fate),ushi_gozen_(fate),1,Fate,33
oberon_(exhibition_attire)_(fate),oberon_(fate),1,Fate,33
sakamoto_ryouma_(lancer)_(second_ascension)_(fate),sakamoto_ryouma_(fate),1,Fate,33
miyamoto_iori_(celebratory_attire)_(fate),miyamoto_iori_(fate),1,Fate,33
larva_tiamat_(swimsuit_archer)_(second_ascension)_(fate),larva_tiamat_(fate),1,Fate,33
lord_logres_(third_ascension)_(fate),lord_logres_(fate),1,Fate,33
john_lackland_(third_ascension)_(fate),john_lackland_(fate),1,Fate,33
martha_(traveling_outfit)_(fate),martha_(fate),1,Fate,32
amakusa_shirou_(phantom_thief)_(fate),amakusa_shirou_(fate),1,Fate,32
saber_(lapis_lazuli_dress)_(fate),saber_(fate),1,Fate,32
jing_ke_(water_shine)_(fate),jing_ke_(fate),1,Fate,32
jaguarman_(third_ascension)_(fate),jaguarman_(fate),1,Fate,32
rengoku_(second_ascension)_(fate),rengoku_(fate),1,Fate,32
barghest_(celebratory_attire)_(fate),barghest_(fate),1,Fate,32
noah_(first_ascension)_(fate),noah_(fate),1,Fate,32
tomoe_gozen_(festival_outfit)_(fate),tomoe_gozen_(fate),1,Fate,31
bradamante_(festival_outfit)_(fate),bradamante_(fate),1,Fate,31
xuangzang_sanzang_(white_cruising)_(fate),xuangzang_sanzang_(fate),1,Fate,31
taira_no_kagekiyo_(pinky_beach)_(fate),taira_no_kagekiyo_(fate),1,Fate,31
van_gogh_(sink_deeper)_(fate),van_gogh_(fate),1,Fate,31
mysterious_heroine_xx_(first_ascension)_(fate),mysterious_heroine_xx_(fate),1,Fate,31
trung_nhi_(first_ascension)_(fate),trung_nhi_(fate),1,Fate,31
florence_nightingale_(santa)_(final_ascension)_(fate),florence_nightingale_(fate),1,Fate,31
nero_claudius_(traveling_outfit)_(fate),nero_claudius_(fate),1,Fate,30
himiko_(tour_outfit)_(fate),himiko_(fate),1,Fate,30
thrud_(ring_the_bell)_(fate),thrud_(fate),1,Fate,30
ishtar_(bitter_sweet)_(fate),ishtar_(fate),1,Fate,30
gilgamesh_(excited_swimmer)_(fate),gilgamesh_(fate),1,Fate,30
jeanne_d'arc_(april_magical)_(fate),jeanne_d'arc_(fate),1,Fate,30
trung_nhi_(third_ascension)_(fate),trung_nhi_(fate),1,Fate,30
trung_trac_(third_ascension)_(fate),trung_trac_(fate),1,Fate,30
kukulkan_(third_ascension)_(fate),kukulkan_(fate),1,Fate,30
tezcatlipoca_(summer_break)_(fate),tezcatlipoca_(fate),1,Fate,30
izumo_no_okuni_(third_ascension)_(fate),izumo_no_okuni_(fate),1,Fate,30
sen_no_rikyu_(exhibition_attire)_(fate),sen_no_rikyu_(fate),1,Fate,30
mori_nagayoshi_(first_ascension)_(fate),mori_nagayoshi_(fate),1,Fate,30
oryou_(lancer)_(first_ascension)_(fate),oryou_(fate),1,Fate,30
cu_chulainn_alter_(formal_dress)_(fate),cu_chulainn_alter_(fate),1,Fate,29
edward_teach_(midsummer_gentleman)_(fate),edward_teach_(fate),1,Fate,29
ortlinde_(ring_the_bell)_(fate),ortlinde_(fate),1,Fate,29
cu_chulainn_alter_(curruid_coinchenn)_(fate),cu_chulainn_alter_(fate),1,Fate,29
artoria_pendragon_(lancer)_(first_ascension)_(fate),artoria_pendragon_(fate),1,Fate,29
anne_bonny_(swimsuit_archer)_(second_ascension)_(fate),anne_bonny_(fate),1,Fate,29
dobrynya_nikitich_(swimsuit_lancer)_(second_ascension)_(fate),dobrynya_nikitich_(fate),1,Fate,29
saber_(third_ascension)_(fate),saber_(fate),1,Fate,29
barghest_(over_the_same_sky)_(fate),barghest_(fate),1,Fate,29
huyan_zhuo_(celebratory_attire)_(fate),huyan_zhuo_(fate),1,Fate,29
okita_souji_(celebratory_attire)_(fate),okita_souji_(fate),1,Fate,29
tiamat_(swimsuit_archer)_(first_ascension)_(fate),tiamat_(fate),1,Fate,29
tamamo_no_mae_(type-moon_racing)_(fate),tamamo_no_mae_(fate),1,Fate,28
li_shuwen_(young)_(third_ascension)_(fate),li_shuwen_(fate),1,Fate,28
atalanta_alter_(third_ascension)_(fate),atalanta_alter_(fate),1,Fate,28
asclepius_(summer_rescue)_(fate),asclepius_(fate),1,Fate,28
miyamoto_musashi_(exhibition_attire)_(fate),miyamoto_musashi_(fate),1,Fate,28
duryodhana_(third_ascension)_(fate),duryodhana_(fate),1,Fate,28
the_count_of_monte_cristo_(exhibition_attire)_(fate),the_count_of_monte_cristo_(fate),1,Fate,28
cu_chulainn_(fish_shop_apron)_(fate),cu_chulainn_(fate),1,Fate,28
cu_chulainn_(honkai:_star_rail)_(fate),cu_chulainn_(fate),1,Fate,28
artoria_pendragon_(lancer)_(second_ascension)_(fate),artoria_pendragon_(fate),1,Fate,28
wu_zetian_(second_ascension)_(fate),wu_zetian_(fate),1,Fate,28
melusine_(celebratory_attire)_(fate),melusine_(fate),1,Fate,28
mordred_(true_samadhi_fire)_(fate),mordred_(fate),1,Fate,27
leonardo_da_vinci_(witch_of_moonlit_night)_(fate),leonardo_da_vinci_(fate),1,Fate,27
kiyohime_(winter_thanksgiving_festival)_(fate),kiyohime_(fate),1,Fate,27
koyanskaya_(russian_lostbelt_outfit)_(fate),koyanskaya_(fate),1,Fate,27
leonardo_da_vinci_(rider)_(third_ascension)_(fate),leonardo_da_vinci_(fate),1,Fate,27
mary_read_(swimsuit_archer)_(third_ascension)_(fate),mary_read_(fate),1,Fate,27
mochizuki_chiyome_(third_ascension)_(fate),mochizuki_chiyome_(fate),1,Fate,27
florence_nightingale_(manor_of_repose)_(fate),florence_nightingale_(fate),1,Fate,27
xu_fu_(event_portrait)_(fate),xu_fu_(fate),1,Fate,27
osakabehime_(traveling_outfit)_(fate),osakabehime_(fate),1,Fate,27
tezcatlipoca_(ancient_mexico_exhibition)_(fate),tezcatlipoca_(fate),1,Fate,27
indra_(third_ascension)_(fate),indra_(fate),1,Fate,27
arjuna_(celebratory_attire)_(fate),arjuna_(fate),1,Fate,27
passionlip_(swimsuit_saber)_(second_ascension)_(fate),passionlip_(fate),1,Fate,27
queen_of_sheba_(dollar-cent_shop)_(fate),queen_of_sheba_(fate),1,Fate,26
arjuna_alter_(festival_outfit)_(fate),arjuna_alter_(fate),1,Fate,26
nursery_rhyme_(summer_little)_(fate),nursery_rhyme_(fate),1,Fate,26
kiyohime_(the_faithful_dog_who_waits)_(fate),kiyohime_(fate),1,Fate,26
marie_antoinette_(fgo_orchestra)_(fate),marie_antoinette_(fate),1,Fate,26
anne_bonny_(swimsuit_archer)_(third_ascension)_(fate),anne_bonny_(fate),1,Fate,26
paul_bunyan_(second_ascension)_(fate),paul_bunyan_(fate),1,Fate,26
kriemhild_(love_delusion)_(fate),kriemhild_(fate),1,Fate,26
charlemagne_(third_ascension)_(fate),charlemagne_(fate),1,Fate,26
charlemagne_(disguise_costume)_(fate),charlemagne_(fate),1,Fate,26
tenochtitlan_(cactus_city)_(fate),tenochtitlan_(fate),1,Fate,26
komahime_(exhibition_attire)_(fate),komahime_(fate),1,Fate,26
percival_(summer_knight_outfit)_(fate),percival_(fate),1,Fate,26
tiamat_(dragon)_(fate),tiamat_(fate),1,Fate,26
abigail_williams_(welcome_to_the_traveling_circus!)_(fate),abigail_williams_(fate),1,Fate,26
chevalier_d'eon_(third_ascension)_(fate),chevalier_d'eon_(fate),1,Fate,26
gilgamesh_(uruk_costume)_(fate),gilgamesh_(fate),1,Fate,26
sakamoto_ryouma_(lancer)_(third_ascension)_(fate),sakamoto_ryouma_(fate),1,Fate,26
kriemhild_(swimsuit_rider)_(second_ascension)_(fate),kriemhild_(fate),1,Fate,26
elizabeth_bathory_(perfect)_(third_ascension)_(fate),elizabeth_bathory_(fate),1,Fate,26
mordred_(young)_(fate),mordred_(fate),1,Fate,26
saber_(formal_dress)_(fate),saber_(fate),1,Fate,25
arjuna_(formal_dress)_(fate),arjuna_(fate),1,Fate,25
miyamoto_musashi_(knowing_the_way_broadly)_(fate),miyamoto_musashi_(fate),1,Fate,25
jeanne_d'arc_(lostroom_outfit)_(fate),jeanne_d'arc_(fate),1,Fate,25
hildr_(ring_the_bell)_(fate),hildr_(fate),1,Fate,25
martha_(holy_maiden's_teaching)_(fate),martha_(fate),1,Fate,25
katou_danzou_(midsummer_memories)_(fate),katou_danzou_(fate),1,Fate,25
astolfo_(femboy_idol)_(fate),astolfo_(fate),1,Fate,25
koyanskaya_(british_lostbelt_outfit)_(fate),koyanskaya_(fate),1,Fate,25
kyokutei_bakin_(third_ascension)_(fate),kyokutei_bakin_(fate),1,Fate,25
kriemhild_(third_ascension)_(fate),kriemhild_(fate),1,Fate,25
taira_no_kagekiyo_(first_ascension)_(fate),taira_no_kagekiyo_(fate),1,Fate,25
sugitani_zenjubou_(first_ascension)_(fate),sugitani_zenjubou_(fate),1,Fate,25
locusta_(third_ascension)_(fate),locusta_(fate),1,Fate,25
brynhild_(swimsuit_berserker)_(second_ascension)_(fate),brynhild_(fate),1,Fate,25
charlemagne_(second_ascension)_(fate),charlemagne_(fate),1,Fate,25
artoria_pendragon_(ox-demon_king)_(fate),artoria_pendragon_(fate),1,Fate,25
child_gilgamesh_(third_ascension)_(fate),child_gilgamesh_(fate),1,Fate,25
taigong_wang_(third_ascension)_(fate),taigong_wang_(fate),1,Fate,25
astolfo_(otokonoko_idol)_(fate),astolfo_(fate),1,Fate,25
nero_claudius_(return_match)_(fate),nero_claudius_(fate),1,Fate,24
wu_zetian_(seaside_luxury)_(fate),wu_zetian_(fate),1,Fate,24
cleopatra_(seaside_luxury)_(fate),cleopatra_(fate),1,Fate,24
merlin_(overnight_dream)_(fate),merlin_(fate),1,Fate,24
ushiwakamaru_(swimsuit_assassin)_(second_ascension)_(fate),ushiwakamaru_(fate),1,Fate,24
charlotte_corday_(swimsuit_caster)_(third_ascension)_(fate),charlotte_corday_(fate),1,Fate,24
okita_souji_(dream_portrait)_(fate),okita_souji_(fate),1,Fate,24
miss_crane_(first_ascension)_(fate),miss_crane_(fate),1,Fate,24
miss_crane_(third_ascension)_(fate),miss_crane_(fate),1,Fate,24
ibuki_douji_(avatar_of_the_great_serpent_god)_(fate),ibuki_douji_(fate),1,Fate,24
sugitani_zenjubou_(third_ascension)_(fate),sugitani_zenjubou_(fate),1,Fate,24
anastasia_(fgo_fes._2018)_(fate),anastasia_(fate),1,Fate,24
david_(third_ascension)_(fate),david_(fate),1,Fate,24
cu_chulainn_(flower_shop_apron)_(fate),cu_chulainn_(fate),1,Fate,24
fuuma_kotarou_(shinobi_attire_for_summer_enjoyment)_(fate),fuuma_kotarou_(fate),1,Fate,23
prince_of_lan_ling_(festival_outfit)_(fate),prince_of_lan_ling_(fate),1,Fate,23
tamamo_no_mae_(traveling_outfit)_(fate),tamamo_no_mae_(fate),1,Fate,23
oda_nobukatsu_(tour_outfit)_(fate),oda_nobukatsu_(fate),1,Fate,23
altera_(lostroom_outfit)_(fate),altera_(fate),1,Fate,23
medb_(lostroom_outfit)_(fate),medb_(fate),1,Fate,23
nero_claudius_(lostroom_outfit)_(fate),nero_claudius_(fate),1,Fate,23
van_gogh_(city_where_dreams_are_born)_(fate),van_gogh_(fate),1,Fate,23
zenobia_(cruising_date)_(fate),zenobia_(fate),1,Fate,23
sugitani_zenjubou_(second_ascension)_(fate),sugitani_zenjubou_(fate),1,Fate,23
huyan_zhuo_(heartbeat_iron_clubs)_(fate),huyan_zhuo_(fate),1,Fate,23
tutankhamun_(second_ascension)_(fate),tutankhamun_(fate),1,Fate,23
biscione_(third_ascension)_(fate),biscione_(fate),1,Fate,23
nezha_(third_ascension)_(fate),nezha_(fate),1,Fate,23
oryou_(dragon)_(fate),oryou_(fate),1,Fate,23
medusa_(lancer)_(third_ascension)_(fate),medusa_(fate),1,Fate,23
artoria_caster_(over_the_same_sky)_(fate),artoria_caster_(fate),1,Fate,23
oberon_(celebratory_attire)_(fate),oberon_(fate),1,Fate,23
takeda_shingen_(second_ascension)_(fate),takeda_shingen_(fate),1,Fate,23
atalanta_(formal_dress)_(fate),atalanta_(fate),1,Fate,22
artoria_pendragon_(lancer)_(formal_dress)_(fate),artoria_pendragon_(fate),1,Fate,22
wolfgang_amadeus_mozart_(formal_dress)_(fate),wolfgang_amadeus_mozart_(fate),1,Fate,22
suzuka_gozen_(heavenly_demon_princess)_(fate),suzuka_gozen_(fate),1,Fate,22
euryale_(lostroom_outfit)_(fate),euryale_(fate),1,Fate,22
helena_blavatsky_(lostroom_outfit)_(fate),helena_blavatsky_(fate),1,Fate,22
gilgamesh_(talk_of_the_hot_sands)_(fate),gilgamesh_(fate),1,Fate,22
minamoto_no_raikou_(stitching_for_your_beloved_one)_(fate),minamoto_no_raikou_(fate),1,Fate,22
archer_(black_swimmer)_(fate),archer_(fate),1,Fate,22
charlotte_corday_(second_ascension)_(fate),charlotte_corday_(fate),1,Fate,22
caenis_(swimsuit_rider)_(second_ascension)_(fate),caenis_(fate),1,Fate,22
kriemhild_(second_ascension)_(fate),kriemhild_(fate),1,Fate,22
huyan_zhuo_(third_ascension)_(fate),huyan_zhuo_(fate),1,Fate,22
ushi_gozen_(avenger)_(second_ascension)_(fate),ushi_gozen_(fate),1,Fate,22
tenochtitlan_(ancient_mexico_exhibition)_(fate),tenochtitlan_(fate),1,Fate,22
gareth_(third_ascension)_(fate),gareth_(fate),1,Fate,22
marine_nemo_(santa)_(fate),marine_nemo_(fate),1,Fate,22
bedivere_(servant_summer_festival!_2018_swimsuit)_(fate),bedivere_(fate),1,Fate,22
grigori_rasputin_(third_ascension)_(fate),grigori_rasputin_(fate),1,Fate,22
caenis_(jk_move)_(fate),caenis_(fate),1,Fate,22
takasugi_shinsaku_(third_ascension)_(fate),takasugi_shinsaku_(fate),1,Fate,22
gilgamesh_(honkai:_star_rail)_(fate),gilgamesh_(fate),1,Fate,22
nero_claudius_(battle_olympia)_(fate),nero_claudius_(fate),1,Fate,21
altera_(casual_vacances)_(fate),altera_(fate),1,Fate,21
antonio_salieri_(third_ascension)_(fate),antonio_salieri_(fate),1,Fate,21
mordred_(swimsuit_rider)_(third_ascension)_(fate),mordred_(fate),1,Fate,21
okita_souji_alter_(swimsuit_saber)_(third_ascension)_(fate),okita_souji_alter_(fate),1,Fate,21
antonio_salieri_(human)_(fate),antonio_salieri_(fate),1,Fate,21
ibuki_douji_(event_portrait)_(fate),ibuki_douji_(fate),1,Fate,21
locusta_(second_ascension)_(fate),locusta_(fate),1,Fate,21
leonardo_da_vinci_(chinese_ver._4th_anniversary)_(fate),leonardo_da_vinci_(fate),1,Fate,21
baobhan_sith_(comiket_103)_(fate),baobhan_sith_(fate),1,Fate,21
richard_i_(third_ascension)_(fate),richard_i_(fate),1,Fate,21
napoleon_bonaparte_(welcome_to_the_traveling_circus!)_(fate),napoleon_bonaparte_(fate),1,Fate,21
fuuma_kotarou_(third_ascension)_(fate),fuuma_kotarou_(fate),1,Fate,21
typhon_ephemeros_(third_ascension)_(fate),typhon_ephemeros_(fate),1,Fate,21
artoria_caster_(hopewill_camelot)_(fate),artoria_caster_(fate),1,Fate,21
tenochtitlan_(celebratory_attire)_(fate),tenochtitlan_(fate),1,Fate,21
yamanami_keisuke_(second_ascension)_(fate),yamanami_keisuke_(fate),1,Fate,21
typhon_ephemeros_(chaos_tide)_(fate),typhon_ephemeros_(fate),1,Fate,21
mysterious_heroine_xx_(festival_outfit)_(fate),mysterious_heroine_xx_(fate),1,Fate,20
atalanta_(traveling_outfit)_(fate),atalanta_(fate),1,Fate,20
wolfgang_amadeus_mozart_(traveling_outfit)_(fate),wolfgang_amadeus_mozart_(fate),1,Fate,20
frankenstein's_monster_(formal_dress)_(fate),frankenstein's_monster_(fate),1,Fate,20
jeanne_d'arc_(anniversary_heroines)_(fate),jeanne_d'arc_(fate),1,Fate,20
chevalier_d'eon_(sugar_vacation)_(fate),chevalier_d'eon_(fate),1,Fate,20
nero_claudius_(rose_vacances)_(fate),nero_claudius_(fate),1,Fate,20
cu_chulainn_(blue_casual_jacket)_(fate),cu_chulainn_(fate),1,Fate,20
karna_(brahma's_god_brace)_(fate),karna_(fate),1,Fate,20
li_shuwen_(young)_(first_ascension)_(fate),li_shuwen_(fate),1,Fate,20
sei_shounagon_(swimsuit_berserker)_(third_ascension)_(fate),sei_shounagon_(fate),1,Fate,20
artoria_caster_(counter_stretch)_(fate),artoria_caster_(fate),1,Fate,20
morgan_le_fay_(apex)_(fate),morgan_le_fay_(fate),1,Fate,20
queen_draco_(event_portrait)_(fate),queen_draco_(fate),1,Fate,20
mephistopheles_(third_ascension)_(fate),mephistopheles_(fate),1,Fate,20
shuten_douji_(sukeban)_(fate),shuten_douji_(fate),1,Fate,20
osakabehime_(swimsuit_archer)_(final_ascension)_(fate),osakabehime_(fate),1,Fate,20
romulus_quirinus_(second_ascension)_(fate),romulus_quirinus_(fate),1,Fate,20
romulus-quirinus_(second_ascension)_(fate),romulus-quirinus_(fate),1,Fate,20
scathach-skadi_(festival_outfit)_(fate),scathach-skadi_(fate),1,Fate,20
altera_(first_ascension)_(fate),altera_(fate),1,Fate,20
scathach_skadi_(festival_outfit)_(fate),scathach_skadi_(fate),1,Fate,19
florence_nightingale_(formal_dress)_(fate),florence_nightingale_(fate),1,Fate,19
siduri_(from_uruk)_(fate),siduri_(fate),1,Fate,19
tomoe_gozen_(merely_red)_(fate),tomoe_gozen_(fate),1,Fate,19
charlotte_corday_(midnight_tension)_(fate),charlotte_corday_(fate),1,Fate,19
cu_chulainn_alter_(under_the_same_sky)_(fate),cu_chulainn_alter_(fate),1,Fate,19
marie_antoinette_(under_the_same_sky)_(fate),marie_antoinette_(fate),1,Fate,19
abigail_williams_(winter_caravan_online_2021)_(fate),abigail_williams_(fate),1,Fate,19
ushiwakamaru_(chaldea_lifesavers)_(fate),ushiwakamaru_(fate),1,Fate,19
hector_(sheep_counting_lullaby)_(fate),hector_(fate),1,Fate,19
elizabeth_bathory_(sweet_room_dream)_(fate),elizabeth_bathory_(fate),1,Fate,19
ashwatthama_(second_ascension)_(fate),ashwatthama_(fate),1,Fate,19
abigail_williams_(heart_of_cooking)_(fate),abigail_williams_(fate),1,Fate,19
caenis_(third_ascension)_(fate),caenis_(fate),1,Fate,19
kazuradrop_(celeb_summer_experience_dress)_(fate),kazuradrop_(fate),1,Fate,19
oda_nobunaga_(dream_portrait)_(fate),oda_nobunaga_(fate),1,Fate,19
shuten_douji_(bunny_girl_style)_(fate),shuten_douji_(fate),1,Fate,19
vritra_(young)_(fate),vritra_(fate),1,Fate,19
europa_(third_ascension)_(fate),europa_(fate),1,Fate,19
europa_(second_ascension)_(fate),europa_(fate),1,Fate,19
arjuna_alter_(second_ascension)_(fate),arjuna_alter_(fate),1,Fate,19
habetrot_(celebratory_attire)_(fate),habetrot_(fate),1,Fate,19
toudou_heisuke_(second_ascension)_(fate),toudou_heisuke_(fate),1,Fate,19
enkidu_(lawson_2018)_(fate),enkidu_(fate),1,Fate,19
charles-henri_sanson_(traveling_outfit)_(fate),charles-henri_sanson_(fate),1,Fate,18
scathach_(traveling_outfit)_(fate),scathach_(fate),1,Fate,18
ereshkigal_(flower_sunshine)_(fate),ereshkigal_(fate),1,Fate,18
ibaraki_douji_(dress_for_demons)_(fate),ibaraki_douji_(fate),1,Fate,18
elizabeth_bathory_(corroded)_(fate),elizabeth_bathory_(fate),1,Fate,18
edmond_dantes_(second_ascension)_(fate),edmond_dantes_(fate),1,Fate,18
mary_read_(swimsuit_archer)_(second_ascension)_(fate),mary_read_(fate),1,Fate,18
sei_shounagon_(swimsuit_berserker)_(second_ascension)_(fate),sei_shounagon_(fate),1,Fate,18
artoria_caster_(concept_dress)_(fate),artoria_caster_(fate),1,Fate,18
saitou_hajime_(dream_portrait)_(fate),saitou_hajime_(fate),1,Fate,18
barghest_(swimsuit_archer)_(third_ascension)_(fate),barghest_(fate),1,Fate,18
izumo_no_okuni_(second_ascension)_(fate),izumo_no_okuni_(fate),1,Fate,18
edmond_dantes_(flames_of_applause)_(fate),edmond_dantes_(fate),1,Fate,18
gilgamesh_(wada_arco_exhibition)_(fate),gilgamesh_(fate),1,Fate,18
diarmuid_ua_duibhne_(lancer)_(second_ascension)_(fate),diarmuid_ua_duibhne_(fate),1,Fate,18
artoria_pendragon_(dream_portrait)_(fate),artoria_pendragon_(fate),1,Fate,18
tezcatlipoca_(wild_gunman)_(fate),tezcatlipoca_(fate),1,Fate,18
enkidu_(fgo_x_lawson_2018)_(fate),enkidu_(fate),1,Fate,18
gray_(over_the_same_sky)_(fate),gray_(fate),1,Fate,18
sasaki_kojirou_(third_ascension)_(fate),sasaki_kojirou_(fate),1,Fate,18
altera_(third_ascension)_(fate),altera_(fate),1,Fate,18
arthur_pendragon_(formal_dress)_(fate),arthur_pendragon_(fate),1,Fate,17
kiyohime_(traveling_outfit)_(fate),kiyohime_(fate),1,Fate,17
romulus_(formal_dress)_(fate),romulus_(fate),1,Fate,17
ushiwakamaru_(formal_dress)_(fate),ushiwakamaru_(fate),1,Fate,17
cu_chulainn_(caster)_(formal_dress)_(fate),cu_chulainn_(fate),1,Fate,17
gilgamesh_(formal_dress)_(fate),gilgamesh_(fate),1,Fate,17
murasaki_shikibu_(good_job!)_(fate),murasaki_shikibu_(fate),1,Fate,17
astolfo_(tour_outfit)_(fate),astolfo_(fate),1,Fate,17
beowulf_(muscle_cavalier)_(fate),beowulf_(fate),1,Fate,17
saber_(avalon_celebrate)_(fate),saber_(fate),1,Fate,17
nero_claudius_(mythology_mystic_code_of_emperor)_(fate),nero_claudius_(fate),1,Fate,17
tamamo_no_mae_(moon_crux)_(fate),tamamo_no_mae_(fate),1,Fate,17
alexander_(chaldea_beach_volleyball)_(fate),alexander_(fate),1,Fate,17
tamamo_no_mae_(the_faithful_dog_who_waits)_(fate),tamamo_no_mae_(fate),1,Fate,17
elizabeth_bathory_(beach_bloody_demoness)_(fate),elizabeth_bathory_(fate),1,Fate,17
okita_souji_alter_(third_ascension)_(fate),okita_souji_alter_(fate),1,Fate,17
medb_(swimsuit_saber)_(third_ascension)_(fate),medb_(fate),1,Fate,17
kijo_kouyou_(second_ascension)_(fate),kijo_kouyou_(fate),1,Fate,17
wu_zetian_(swimsuit_caster)_(second_ascension)_(fate),wu_zetian_(fate),1,Fate,17
ashiya_douman_(event_portrait)_(fate),ashiya_douman_(fate),1,Fate,17
scathach_(event_portrait)_(fate),scathach_(fate),1,Fate,17
suzuka_gozen_(swimsuit_rider)_(third_ascension)_(fate),suzuka_gozen_(fate),1,Fate,17
daikokuten_(third_ascension)_(fate),daikokuten_(fate),1,Fate,17
abigail_williams_(exhibition_attire)_(fate),abigail_williams_(fate),1,Fate,17
yui_shousetsu_(exhibition_attire)_(fate),yui_shousetsu_(fate),1,Fate,17
bartholomew_roberts_(smiley_summer_wear)_(fate),bartholomew_roberts_(fate),1,Fate,17
engineer_nemo_(santa)_(fate),engineer_nemo_(fate),1,Fate,17
murasaki_shikibu_(bunny_girl_style)_(fate),murasaki_shikibu_(fate),1,Fate,17
achilles_(mentor_and_i)_(fate),achilles_(fate),1,Fate,17
atalanta_(third_ascension)_(fate),atalanta_(fate),1,Fate,17
oberon_(kyomaf_2023)_(fate),oberon_(fate),1,Fate,17
constantine_xi_(animate_girls_festival_2022)_(fate),constantine_xi_(fate),1,Fate,17
gawain_(celebratory_attire)_(fate),gawain_(fate),1,Fate,17
duryodhana_(second_ascension)_(fate),duryodhana_(fate),1,Fate,17
kama_(lawson)_(fate),kama_(fate),1,Fate,17
cu_chulainn_alter_(lawson)_(fate),cu_chulainn_alter_(fate),1,Fate,17
francesca_prelati_(third_ascension)_(fate),francesca_prelati_(fate),1,Fate,17
artoria_pendragon_(lancer_alter)_(traveling_outfit)_(fate),artoria_pendragon_(fate),1,Fate,16
nitocris_(formal_dress)_(fate),nitocris_(fate),1,Fate,16
gilgamesh_(gilgamesh_in_ny)_(fate),gilgamesh_(fate),1,Fate,16
medusa_(gudaguda_poster_girl)_(fate),medusa_(fate),1,Fate,16
penthesilea_(shining_skyscrapers)_(fate),penthesilea_(fate),1,Fate,16
atalanta_(twilight_memory)_(fate),atalanta_(fate),1,Fate,16
van_gogh_(tour_outfit)_(fate),van_gogh_(fate),1,Fate,16
ushiwakamaru_(lostroom_outfit)_(fate),ushiwakamaru_(fate),1,Fate,16
tamamo_no_mae_(fox's_night_dream)_(fate),tamamo_no_mae_(fate),1,Fate,16
jeanne_d'arc_(type-moon_racing)_(fate),jeanne_d'arc_(fate),1,Fate,16
nero_claudius_(saber_venus)_(fate),nero_claudius_(fate),1,Fate,16
kiyohime_(jurassic_dream)_(fate),kiyohime_(fate),1,Fate,16
koyanskaya_(twin_tail)_(fate),koyanskaya_(fate),1,Fate,16
xu_fu_(spare_the_idle_talk)_(fate),xu_fu_(fate),1,Fate,16
huyan_zhuo_(first_ascension)_(fate),huyan_zhuo_(fate),1,Fate,16
osakabehime_(swimsuit_archer)_(third_ascension)_(fate),osakabehime_(fate),1,Fate,16
ibuki_douji_(ruler)_(fate),ibuki_douji_(fate),1,Fate,16
medusa_(saber)_(third_ascension)_(fate),medusa_(fate),1,Fate,16
astraea_(third_ascension)_(fate),astraea_(fate),1,Fate,16
brynhild_(swimsuit_berserker)_(third_ascension)_(fate),brynhild_(fate),1,Fate,16
jeanne_d'arc_(fgo_x_pasela_resorts)_(fate),jeanne_d'arc_(fate),1,Fate,16
minamoto_no_raikou_(swimsuit_lancer)_(final_ascension)_(fate),minamoto_no_raikou_(fate),1,Fate,16
cu_chulainn_alter_(fgo_x_lawson_2017)_(fate),cu_chulainn_alter_(fate),1,Fate,16
kama_(fgo_x_lawson_2023)_(fate),kama_(fate),1,Fate,16
bradamante_(celebratory_attire)_(fate),bradamante_(fate),1,Fate,16
gareth_(celebratory_attire)_(fate),gareth_(fate),1,Fate,16
lilith_(kyomaf_2025)_(fate),lilith_(fate),1,Fate,16
francois_prelati_(third_ascension)_(fate),francois_prelati_(fate),1,Fate,16
jeanne_d'arc_(pasela_resorts)_(fate),jeanne_d'arc_(fate),1,Fate,16
okada_izou_(festival_outfit)_(fate),okada_izou_(fate),1,Fate,15
antonio_salieri_(traveling_outfit)_(fate),antonio_salieri_(fate),1,Fate,15
arjuna_(traveling_outfit)_(fate),arjuna_(fate),1,Fate,15
arthur_pendragon_(hero_on_the_beach)_(fate),arthur_pendragon_(fate),1,Fate,15
quetzalcoatl_(hot_chocolatl)_(fate),quetzalcoatl_(fate),1,Fate,15
scathach_skadi_(under_the_same_sky)_(fate),scathach_skadi_(fate),1,Fate,15
merlin_(avalon_celebrate)_(fate),merlin_(fate),1,Fate,15
mephistopheles_(the_sun_and_gold_gamblers)_(fate),mephistopheles_(fate),1,Fate,15
nero_claudius_(joint_recital)_(fate),nero_claudius_(fate),1,Fate,15
cu_chulainn_alter_(outrage)_(fate),cu_chulainn_alter_(fate),1,Fate,15
hector_(bar-troia)_(fate),hector_(fate),1,Fate,15
jeanne_d'arc_(capsule_servant)_(fate),jeanne_d'arc_(fate),1,Fate,15
artoria_pendragon_(lancer_alter)_(first_ascension)_(fate),artoria_pendragon_(fate),1,Fate,15
nitocris_alter_(milky_way)_(fate),nitocris_alter_(fate),1,Fate,15
tenochtitlan_(fgo_mart)_(fate),tenochtitlan_(fate),1,Fate,15
kama_(mistake)_(third_ascension)_(fate),kama_(fate),1,Fate,15
baker_nemo_(santa)_(fate),baker_nemo_(fate),1,Fate,15
professor_nemo_(santa)_(fate),professor_nemo_(fate),1,Fate,15
mori_nagayoshi_(third_ascension)_(fate),mori_nagayoshi_(fate),1,Fate,15
oberon_(artificial_rondo)_(fate),oberon_(fate),1,Fate,15
melusine_(red_hot_deviation)_(fate),melusine_(fate),1,Fate,15
brynhild_(traveling_outfit)_(fate),brynhild_(fate),1,Fate,15
nero_claudius_(wada_arco_exhibition)_(fate),nero_claudius_(fate),1,Fate,15
jeanne_d'arc_(an_encounter_in_spring)_(fate),jeanne_d'arc_(fate),1,Fate,15
tenochtitlan_(over_the_same_sky)_(fate),tenochtitlan_(fate),1,Fate,15
ashwatthama_(third_ascension)_(fate),ashwatthama_(fate),1,Fate,15
parvati_(final_ascension)_(fate),parvati_(fate),1,Fate,15
odysseus_(third_ascension)_(fate),odysseus_(fate),1,Fate,15
oberon_(over_the_same_sky)_(fate),oberon_(fate),1,Fate,15
artoria_pendragon_(celebratory_attire)_(fate),artoria_pendragon_(fate),1,Fate,15
yu_mei-ren_(celebratory_attire)_(fate),yu_mei-ren_(fate),1,Fate,15
morgan_le_fay_(a_break_in_the_rainy_season)_(fate),morgan_le_fay_(fate),1,Fate,15
yamato_takeru_(satellite_station_24-25)_(fate),yamato_takeru_(fate),1,Fate,15
scathach-skadi_(under_the_same_sky)_(fate),scathach-skadi_(fate),1,Fate,15
merlin_(takarazuka_kinen)_(fate),merlin_(fate),1,Fate,15
altera_(traveling_outfit)_(fate),altera_(fate),1,Fate,14
yan_qing_(traveling_outfit)_(fate),yan_qing_(fate),1,Fate,14
boudica_(formal_dress)_(fate),boudica_(fate),1,Fate,14
sakata_kintoki_(formal_dress)_(fate),sakata_kintoki_(fate),1,Fate,14
altera_(sweet_crystal)_(fate),altera_(fate),1,Fate,14
astolfo_(angel_breath)_(fate),astolfo_(fate),1,Fate,14
ishtar_(under_the_same_sky)_(fate),ishtar_(fate),1,Fate,14
asterios_(formal_dress)_(fate),asterios_(fate),1,Fate,14
rama_(muscle_cavalier)_(fate),rama_(fate),1,Fate,14
hector_(void_dust_shaved_ice)_(fate),hector_(fate),1,Fate,14
saber_(first_sunrise)_(fate),saber_(fate),1,Fate,14
karna_(gateau_au_chocolat)_(fate),karna_(fate),1,Fate,14
bedivere_(silver_butler)_(fate),bedivere_(fate),1,Fate,14
helena_blavatsky_(cosmo_chaldea_high_school)_(fate),helena_blavatsky_(fate),1,Fate,14
mochizuki_chiyome_(water_shine)_(fate),mochizuki_chiyome_(fate),1,Fate,14
jeanne_d'arc_(swimsuit_archer)_(third_ascension)_(fate),jeanne_d'arc_(fate),1,Fate,14
dobrynya_nikitich_(dream_portrait)_(fate),dobrynya_nikitich_(fate),1,Fate,14
cu_chulainn_alter_(dream_portrait)_(fate),cu_chulainn_alter_(fate),1,Fate,14
britomart_(first_ascension)_(fate),britomart_(fate),1,Fate,14
kama_(exhibition_attire)_(fate),kama_(fate),1,Fate,14
nurse_nemo_(santa)_(fate),nurse_nemo_(fate),1,Fate,14
merlin_(fgo_x_takarazuka_kinen)_(fate),merlin_(fate),1,Fate,14
tiamat_(comiket_94_bikini)_(fate),tiamat_(fate),1,Fate,14
baobhan_sith_(chinese_ver._8th_anniversary)_(fate),baobhan_sith_(fate),1,Fate,14
paracelsus_von_hohenheim_(third_ascension)_(fate),paracelsus_von_hohenheim_(fate),1,Fate,14
achilles_(third_ascension)_(fate),achilles_(fate),1,Fate,14
saitou_hajime_(the_grinning_man_of_the_beach)_(fate),saitou_hajime_(fate),1,Fate,14
ashiya_douman_(celebratory_attire)_(fate),ashiya_douman_(fate),1,Fate,14
merlin_(celebratory_attire)_(fate),merlin_(fate),1,Fate,14
xu_fu_(celebratory_attire)_(fate),xu_fu_(fate),1,Fate,14
melusine_(over_the_same_sky)_(fate),melusine_(fate),1,Fate,14
typhon_ephemeros_(over_the_same_sky)_(fate),typhon_ephemeros_(fate),1,Fate,14
ereshkigal_(festival_outfit)_(fate),ereshkigal_(fate),1,Fate,13
helena_blavatsky_(festival_outfit)_(fate),helena_blavatsky_(fate),1,Fate,13
altera_(formal_dress)_(fate),altera_(fate),1,Fate,13
mephistopheles_(formal_dress)_(fate),mephistopheles_(fate),1,Fate,13
mata_hari_(mata_hari's_tavern)_(fate),mata_hari_(fate),1,Fate,13
edmond_dantes_(spring_equinox_travelogue)_(fate),edmond_dantes_(fate),1,Fate,13
euryale_(twin_star_divas)_(fate),euryale_(fate),1,Fate,13
tristan_(knights_of_marines)_(fate),tristan_(fate),1,Fate,13
bedivere_(knights_of_marines)_(fate),bedivere_(fate),1,Fate,13
caenis_(like_a_bird)_(fate),caenis_(fate),1,Fate,13
tamamo_no_mae_(vacances_d'ete)_(fate),tamamo_no_mae_(fate),1,Fate,13
karna_(flower_co-ordinator)_(fate),karna_(fate),1,Fate,13
medusa_(charming_bunny)_(fate),medusa_(fate),1,Fate,13
altera_(sweet_devil)_(fate),altera_(fate),1,Fate,13
astolfo_(apocrypha_epilogue)_(fate),astolfo_(fate),1,Fate,13
vritra_(ocean_flyer)_(fate),vritra_(fate),1,Fate,13
marie_antoinette_(fgo_x_takarazuka_kinen)_(fate),marie_antoinette_(fate),1,Fate,13
wolfgang_amadeus_mozart_(fgo_orchestra)_(fate),wolfgang_amadeus_mozart_(fate),1,Fate,13
meltryllis_(star's_holiday)_(fate),meltryllis_(fate),1,Fate,13
constantine_xi_(event_portrait)_(fate),constantine_xi_(fate),1,Fate,13
locusta_(final_ascension)_(fate),locusta_(fate),1,Fate,13
grigori_rasputin_(second_ascension)_(fate),grigori_rasputin_(fate),1,Fate,13
chiron_(mentor_and_i)_(fate),chiron_(fate),1,Fate,13
diarmuid_ua_duibhne_(saber)_(third_ascension)_(fate),diarmuid_ua_duibhne_(fate),1,Fate,13
paris_(third_ascension)_(fate),paris_(fate),1,Fate,13
xiang_yu_(third_ascension)_(fate),xiang_yu_(fate),1,Fate,13
cu_chulainn_(celebratory_attire)_(fate),cu_chulainn_(fate),1,Fate,13
wu_zetian_(celebratory_attire)_(fate),wu_zetian_(fate),1,Fate,13
hijikata_toshizou_(over_the_same_sky)_(fate),hijikata_toshizou_(fate),1,Fate,13
marie_antoinette_(takarazuka_kinen)_(fate),marie_antoinette_(fate),1,Fate,13
jeanne_d'arc_alter_(takarazuka_kinen)_(fate),jeanne_d'arc_alter_(fate),1,Fate,13
anastasia_(festival_outfit)_(fate),anastasia_(fate),1,Fate,12
frankenstein's_monster_(christmas)_(fate),frankenstein's_monster_(fate),1,Fate,12
karna_(traveling_outfit)_(fate),karna_(fate),1,Fate,12
wu_zetian_(formal_dress)_(fate),wu_zetian_(fate),1,Fate,12
saber_(under_the_same_sky)_(fate),saber_(fate),1,Fate,12
saitou_hajime_(tour_outfit)_(fate),saitou_hajime_(fate),1,Fate,12
fergus_mac_roich_(muscle_cavalier)_(fate),fergus_mac_roich_(fate),1,Fate,12
stheno_(twin_star_divas)_(fate),stheno_(fate),1,Fate,12
oda_nobukatsu_(welcome_diner)_(fate),oda_nobukatsu_(fate),1,Fate,12
hildr_(valkyrie_style)_(fate),hildr_(fate),1,Fate,12
gawain_(knights_of_marines)_(fate),gawain_(fate),1,Fate,12
katou_danzou_(first_valentine)_(fate),katou_danzou_(fate),1,Fate,12
antonio_salieri_(masquerade_of_the_vampire)_(fate),antonio_salieri_(fate),1,Fate,12
semiramis_(bitter_jewel)_(fate),semiramis_(fate),1,Fate,12
calamity_jane_(hide_hunter)_(fate),calamity_jane_(fate),1,Fate,12
gawain_(like_a_lady)_(fate),gawain_(fate),1,Fate,12
asclepius_(my_student_council)_(fate),asclepius_(fate),1,Fate,12
astolfo_(type-moon_racing)_(fate),astolfo_(fate),1,Fate,12
astolfo_(candy_pink)_(fate),astolfo_(fate),1,Fate,12
nursery_rhyme_(animejapan_2018)_(fate),nursery_rhyme_(fate),1,Fate,12
saber_(summer_memory)_(fate),saber_(fate),1,Fate,12
morgan_le_fay_(jade_hairpin)_(fate),morgan_le_fay_(fate),1,Fate,12
artoria_caster_(springtime_koto_strings)_(fate),artoria_caster_(fate),1,Fate,12
xuangzang_sanzang_(dancing_on_lotus_blossom)_(fate),xuangzang_sanzang_(fate),1,Fate,12
constantine_xi_(eternal_roma)_(fate),constantine_xi_(fate),1,Fate,12
gareth_(swimsuit_saber)_(third_ascension)_(fate),gareth_(fate),1,Fate,12
ibaraki_douji_(jiangshi_attack)_(fate),ibaraki_douji_(fate),1,Fate,12
marie_antoinette_alter_(exhibition_attire)_(fate),marie_antoinette_alter_(fate),1,Fate,12
tutankhamun_(third_ascension)_(fate),tutankhamun_(fate),1,Fate,12
miyamoto_musashi_(phantasmal_dress)_(fate),miyamoto_musashi_(fate),1,Fate,12
johanna_(a_reward_for_your_studies)_(fate),johanna_(fate),1,Fate,12
brynhild_(valkyrie_style)_(fate),brynhild_(fate),1,Fate,12
the_count_of_monte_cristo_(third_ascension)_(fate),the_count_of_monte_cristo_(fate),1,Fate,12
siegfried_(third_ascension)_(fate),siegfried_(fate),1,Fate,12
artoria_pendragon_(tour_outfit)_(fate),artoria_pendragon_(fate),1,Fate,12
elizabeth_bathory_(scullery_maid)_(fate),elizabeth_bathory_(fate),1,Fate,12
bb_(wada_arco_exhibition)_(fate),bb_(fate),1,Fate,12
takasugi_shinsaku_(exhibition_attire)_(fate),takasugi_shinsaku_(fate),1,Fate,12
carmilla_(sweet_trap_maiden)_(fate),carmilla_(fate),1,Fate,12
beowulf_(third_ascension)_(fate),beowulf_(fate),1,Fate,12
enkidu_(midsummer_moment)_(fate),enkidu_(fate),1,Fate,12
senji_muramasa_(demonic_parade)_(fate),senji_muramasa_(fate),1,Fate,12
euryale_(celebratory_attire)_(fate),euryale_(fate),1,Fate,12
kali_(celebratory_attire)_(fate),kali_(fate),1,Fate,12
kama_(celebratory_attire)_(fate),kama_(fate),1,Fate,12
scathach_(celebratory_attire)_(fate),scathach_(fate),1,Fate,12
yamato_takeru_(over_the_same_sky)_(fate),yamato_takeru_(fate),1,Fate,12
typhon_ephemeros_(double_sweet)_(fate),typhon_ephemeros_(fate),1,Fate,12
achilles_(festival_outfit)_(fate),achilles_(fate),1,Fate,11
charles-henri_sanson_(festival_outfit)_(fate),charles-henri_sanson_(fate),1,Fate,11
martha_(festival_outfit)_(fate),martha_(fate),1,Fate,11
chevalier_d'eon_(formal_dress)_(fate),chevalier_d'eon_(fate),1,Fate,11
merlin_(traveling_outfit)_(fate),merlin_(fate),1,Fate,11
kiyohime_(formal_dress)_(fate),kiyohime_(fate),1,Fate,11
frankenstein's_monster_(under_the_same_sky)_(fate),frankenstein's_monster_(fate),1,Fate,11
miyamoto_musashi_(under_the_same_sky)_(fate),miyamoto_musashi_(fate),1,Fate,11
sei_shounagon_(under_the_same_sky)_(fate),sei_shounagon_(fate),1,Fate,11
tamamo_cat_(chaldea_kitchen_truck)_(fate),tamamo_cat_(fate),1,Fate,11
edmond_dantes_(foreign_nation_infiltration_arc)_(fate),edmond_dantes_(fate),1,Fate,11
cu_chulainn_alter_(the_musketeers)_(fate),cu_chulainn_alter_(fate),1,Fate,11
ortlinde_(valkyrie_style)_(fate),ortlinde_(fate),1,Fate,11
archer_(winter_caravan_online_2021)_(fate),archer_(fate),1,Fate,11
ishtar_(flower_sunshine)_(fate),ishtar_(fate),1,Fate,11
marie_antoinette_(the_princess'_pilgrimage)_(fate),marie_antoinette_(fate),1,Fate,11
wolfgang_amadeus_mozart_(masquerade_of_the_vampire)_(fate),wolfgang_amadeus_mozart_(fate),1,Fate,11
miyamoto_musashi_(storms_and_waves)_(fate),miyamoto_musashi_(fate),1,Fate,11
enkidu_(fly_off)_(fate),enkidu_(fate),1,Fate,11
arjuna_(fire_god's_brace)_(fate),arjuna_(fate),1,Fate,11
jeanne_d'arc_alter_(new_beginning)_(fate),jeanne_d'arc_alter_(fate),1,Fate,11
artoria_pendragon_(swimsuit_ruler)_(third_ascension)_(fate),artoria_pendragon_(fate),1,Fate,11
dobrynya_nikitich_(twin_tail)_(fate),dobrynya_nikitich_(fate),1,Fate,11
setanta_(event_portrait)_(fate),setanta_(fate),1,Fate,11
caenis_(fgo_fes._2022)_(fate),caenis_(fate),1,Fate,11
osakabehime_(under_the_same_sky)_(fate),osakabehime_(fate),1,Fate,11
melusine_(holy_heart)_(fate),melusine_(fate),1,Fate,11
vritra_(first_ascension)_(fate),vritra_(fate),1,Fate,11
saber_(bloom_in_spring)_(fate),saber_(fate),1,Fate,11
charlemagne_(three_in_the_black)_(fate),charlemagne_(fate),1,Fate,11
melusine_(the_treasure)_(fate),melusine_(fate),1,Fate,11
kiichi_hogen_(pinky_beach)_(fate),kiichi_hogen_(fate),1,Fate,11
yamato_takeru_(riceball_remnant)_(fate),yamato_takeru_(fate),1,Fate,11
bb_(flower_parade)_(fate),bb_(fate),1,Fate,11
rama_(third_ascension)_(fate),rama_(fate),1,Fate,11
jeanne_d'arc_alter_(fgo_x_takarazuka_kinen)_(fate),jeanne_d'arc_alter_(fate),1,Fate,11
paris_(second_ascension)_(fate),paris_(fate),1,Fate,11
marie_antoinette_(celebratory_attire)_(fate),marie_antoinette_(fate),1,Fate,11
nagakura_shinpachi_(celebratory_attire)_(fate),nagakura_shinpachi_(fate),1,Fate,11
baobhan_sith_(a_break_in_the_rainy_season)_(fate),baobhan_sith_(fate),1,Fate,11
passionlip_(swimsuit_saber)_(third_ascension)_(fate),passionlip_(fate),1,Fate,11
yamato_takeru_(fgo_fes._2024)_(fate),yamato_takeru_(fate),1,Fate,11
kondou_isami_(second_ascension)_(fate),kondou_isami_(fate),1,Fate,11
hans_christian_andersen_(festival_outfit)_(fate),hans_christian_andersen_(fate),1,Fate,10
suzuka_gozen_(traveling_outfit)_(fate),suzuka_gozen_(fate),1,Fate,10
yan_qing_(you_after_the_rain)_(fate),yan_qing_(fate),1,Fate,10
mordred_(anniversary_heroines)_(fate),mordred_(fate),1,Fate,10
suzuka_gozen_(under_the_same_sky)_(fate),suzuka_gozen_(fate),1,Fate,10
murasaki_shikibu_(under_the_same_sky)_(fate),murasaki_shikibu_(fate),1,Fate,10
merlin_(under_the_same_sky)_(fate),merlin_(fate),1,Fate,10
carmilla_(tour_outfit)_(fate),carmilla_(fate),1,Fate,10
medusa_(an_army_marches_on_its_stomach)_(fate),medusa_(fate),1,Fate,10
cu_chulainn_(kiss_your_hand)_(fate),cu_chulainn_(fate),1,Fate,10
thrud_(valkyrie_style)_(fate),thrud_(fate),1,Fate,10
yan_qing_(chaldea_beach_volleyball)_(fate),yan_qing_(fate),1,Fate,10
arthur_pendragon_(star_of_camelot)_(fate),arthur_pendragon_(fate),1,Fate,10
nursery_rhyme_(memory_of_qualia)_(fate),nursery_rhyme_(fate),1,Fate,10
ashiya_douman_(power_shot)_(fate),ashiya_douman_(fate),1,Fate,10
paris_(sheep_counting_lullaby)_(fate),paris_(fate),1,Fate,10
arjuna_(pakocure)_(fate),arjuna_(fate),1,Fate,10
achilles_(apocrypha_epilogue)_(fate),achilles_(fate),1,Fate,10
saber_(fgo_x_takarazuka_kinen)_(fate),saber_(fate),1,Fate,10
charlemagne_(fgo_fes._2022)_(fate),charlemagne_(fate),1,Fate,10
quetzalcoatl_(ancient_mexico_exhibition)_(fate),quetzalcoatl_(fate),1,Fate,10
izumo_no_okuni_(exhibition_attire)_(fate),izumo_no_okuni_(fate),1,Fate,10
sei_shounagon_(the_cute_girl_seated_behind_me)_(fate),sei_shounagon_(fate),1,Fate,10
antonio_salieri_(exhibition_attire)_(fate),antonio_salieri_(fate),1,Fate,10
marie_antoinette_alter_(second_ascension)_(fate),marie_antoinette_alter_(fate),1,Fate,10
demeter_(machine_god)_(fate),demeter_(fate),1,Fate,10
miyamoto_iori_(riceball_remnant)_(fate),miyamoto_iori_(fate),1,Fate,10
nero_claudius_(flower_parade)_(fate),nero_claudius_(fate),1,Fate,10
antonio_salieri_(over_the_same_sky)_(fate),antonio_salieri_(fate),1,Fate,10
artoria_caster_(the_glow_of_dawn)_(fate),artoria_caster_(fate),1,Fate,10
charlemagne_(animate_girls_festival_2022)_(fate),charlemagne_(fate),1,Fate,10
koyanskaya_(over_the_same_sky)_(fate),koyanskaya_(fate),1,Fate,10
artoria_caster_(new_year_2022)_(fate),artoria_caster_(fate),1,Fate,10
katsushika_hokusai_(over_the_same_sky)_(fate),katsushika_hokusai_(fate),1,Fate,10
caenis_(celebratory_attire)_(fate),caenis_(fate),1,Fate,10
demeter_(first_ascension)_(fate),demeter_(fate),1,Fate,10
saber_(takarazuka_kinen)_(fate),saber_(fate),1,Fate,10
dante_alighieri_(over_the_same_sky)_(fate),dante_alighieri_(fate),1,Fate,10
ereshkigal_(over_the_same_sky)_(fate),ereshkigal_(fate),1,Fate,10
saber_(crane_dress)_(fate),saber_(fate),1,Fate,10
enkidu_(lawson_2017)_(fate),enkidu_(fate),1,Fate,10
astraea_(festival_outfit)_(fate),astraea_(fate),1,Fate,9
shi_huang_di_(festival_outfit)_(fate),shi_huang_di_(fate),1,Fate,9
sherlock_holmes_(formal_dress)_(fate),sherlock_holmes_(fate),1,Fate,9
scathach_(true_crimson_spear_trainer)_(fate),scathach_(fate),1,Fate,9
medusa_(under_the_same_sky)_(fate),medusa_(fate),1,Fate,9
arjuna_(under_the_same_sky)_(fate),arjuna_(fate),1,Fate,9
karna_(under_the_same_sky)_(fate),karna_(fate),1,Fate,9
nitocris_(under_the_same_sky)_(fate),nitocris_(fate),1,Fate,9
bedivere_(formal_dress)_(fate),bedivere_(fate),1,Fate,9
leonidas_(muscle_cavalier)_(fate),leonidas_(fate),1,Fate,9
martha_(muscle_cavalier)_(fate),martha_(fate),1,Fate,9
amakusa_shirou_(spring_equinox_travelogue)_(fate),amakusa_shirou_(fate),1,Fate,9
cu_chulainn_(caster)_(the_musketeers)_(fate),cu_chulainn_(fate),1,Fate,9
nero_claudius_(crimson_noble)_(fate),nero_claudius_(fate),1,Fate,9
hector_(outrage)_(fate),hector_(fate),1,Fate,9
sigurd_(ladies_&_gentlemen)_(fate),sigurd_(fate),1,Fate,9
jeanne_d'arc_(new_beginning)_(fate),jeanne_d'arc_(fate),1,Fate,9
jeanne_d'arc_alter_santa_lily_(memory_of_qualia)_(fate),jeanne_d'arc_alter_santa_lily_(fate),1,Fate,9
nursery_rhyme_(a_moment_of_silence)_(fate),nursery_rhyme_(fate),1,Fate,9
iskandar_(power_shot)_(fate),iskandar_(fate),1,Fate,9
karna_(pakocure)_(fate),karna_(fate),1,Fate,9
archer_(water_gun_battle)_(fate),archer_(fate),1,Fate,9
karna_(pastoral_idol_unit)_(fate),karna_(fate),1,Fate,9
frankenstein's_monster_(animejapan_2018)_(fate),frankenstein's_monster_(fate),1,Fate,9
medea_(sensha_otoko)_(fate),medea_(fate),1,Fate,9
yu_mei-ren_(beautiful_dreamer)_(fate),yu_mei-ren_(fate),1,Fate,9
wu_zetian_(world_excursion)_(fate),wu_zetian_(fate),1,Fate,9
hijikata_toshizou_(dream_portrait)_(fate),hijikata_toshizou_(fate),1,Fate,9
space_ishtar_(dream_portrait)_(fate),space_ishtar_(fate),1,Fate,9
yu_mei-ren_(fgo_fes._2022)_(fate),yu_mei-ren_(fate),1,Fate,9
morgan_le_fay_(chinese_ver._7th_anniversary)_(fate),morgan_le_fay_(fate),1,Fate,9
xu_fu_(third_ascension)_(fate),xu_fu_(fate),1,Fate,9
mary_anning_(first_ascension)_(fate),mary_anning_(fate),1,Fate,9
astolfo_(exhibition_attire)_(fate),astolfo_(fate),1,Fate,9
taigong_wang_(event_portrait)_(fate),taigong_wang_(fate),1,Fate,9
astolfo_(three_in_the_black)_(fate),astolfo_(fate),1,Fate,9
ereshkigal_(goddesses'_fortune_slip)_(fate),ereshkigal_(fate),1,Fate,9
johanna_(event_portrait)_(fate),johanna_(fate),1,Fate,9
william_shakespeare_(third_ascension)_(fate),william_shakespeare_(fate),1,Fate,9
leonardo_da_vinci_(third_ascension)_(fate),leonardo_da_vinci_(fate),1,Fate,9
oryou_(lancer)_(second_ascension)_(fate),oryou_(fate),1,Fate,9
enkidu_(fgo_x_lawson_2017)_(fate),enkidu_(fate),1,Fate,9
gilgamesh_(fgo_x_lawson_2017)_(fate),gilgamesh_(fate),1,Fate,9
morgan_le_fay_(kyoto_rikyuen)_(fate),morgan_le_fay_(fate),1,Fate,9
gilgamesh_(lawson_2020)_(fate),gilgamesh_(fate),1,Fate,9
gilgamesh_(lawson_2017)_(fate),gilgamesh_(fate),1,Fate,9
mysterious_heroine_x_alter_(over_the_same_sky)_(fate),mysterious_heroine_x_alter_(fate),1,Fate,9
abigail_williams_(over_the_same_sky)_(fate),abigail_williams_(fate),1,Fate,9
artoria_pendragon_(lancer_alter)_(formal_dress)_(fate),artoria_pendragon_(fate),1,Fate,8
leonardo_da_vinci_(mona_lisa)_(fate),leonardo_da_vinci_(fate),1,Fate,8
yang_guifei_(tour_outfit)_(fate),yang_guifei_(fate),1,Fate,8
pollux_(tour_outfit)_(fate),pollux_(fate),1,Fate,8
vritra_(tour_outfit)_(fate),vritra_(fate),1,Fate,8
nero_claudius_(pure_night_dress)_(fate),nero_claudius_(fate),1,Fate,8
archer_(spring_equinox_travelogue)_(fate),archer_(fate),1,Fate,8
beowulf_(foreign_nation_infiltration_arc)_(fate),beowulf_(fate),1,Fate,8
jeanne_d'arc_alter_santa_lily_(true_mastermind_arc)_(fate),jeanne_d'arc_alter_santa_lily_(fate),1,Fate,8
bedivere_(as_you_wish)_(fate),bedivere_(fate),1,Fate,8
elizabeth_bathory_(joint_recital)_(fate),elizabeth_bathory_(fate),1,Fate,8
astolfo_(noisy_obsession)_(fate),astolfo_(fate),1,Fate,8
kama_(halloween_horror_night)_(fate),kama_(fate),1,Fate,8
anne_bonny_(from_wonderland)_(fate),anne_bonny_(fate),1,Fate,8
saber_(present_for_my_master)_(fate),saber_(fate),1,Fate,8
ozymandias_(cafe_camelot)_(fate),ozymandias_(fate),1,Fate,8
pollux_(twinkle_star)_(fate),pollux_(fate),1,Fate,8
arjuna_(fondant_au_chocolat)_(fate),arjuna_(fate),1,Fate,8
sherlock_holmes_(chaldea_special_investigation_unit)_(fate),sherlock_holmes_(fate),1,Fate,8
scheherazade_(thousand_nights)_(fate),scheherazade_(fate),1,Fate,8
astolfo_(uniform_coordinate)_(fate),astolfo_(fate),1,Fate,8
saber_(resort_vacances)_(fate),saber_(fate),1,Fate,8
mordred_(type-moon_racing)_(fate),mordred_(fate),1,Fate,8
okita_souji_(blossoming_under_the_crimson_sky)_(fate),okita_souji_(fate),1,Fate,8
medb_(swimsuit_saber)_(first_ascension)_(fate),medb_(fate),1,Fate,8
shi_huang_di_(concept_design)_(fate),shi_huang_di_(fate),1,Fate,8
carmilla_(swimsuit_rider)_(second_ascension)_(fate),carmilla_(fate),1,Fate,8
sei_shounagon_(second_ascension)_(fate),sei_shounagon_(fate),1,Fate,8
charlotte_corday_(swimsuit_caster)_(second_ascension)_(fate),charlotte_corday_(fate),1,Fate,8
mochizuki_chiyome_(dream_portrait)_(fate),mochizuki_chiyome_(fate),1,Fate,8
charlotte_corday_(dream_portrait)_(fate),charlotte_corday_(fate),1,Fate,8
camazotz_(beast_i:lost)_(fate),camazotz_(fate),1,Fate,8
kama_(event_portrait)_(fate),kama_(fate),1,Fate,8
sei_shounagon_(event_portrait)_(fate),sei_shounagon_(fate),1,Fate,8
baobhan_sith_(jade_hairpin)_(fate),baobhan_sith_(fate),1,Fate,8
van_gogh_(mt._fuji_pilgrimage)_(fate),van_gogh_(fate),1,Fate,8
oda_nobunaga_(exhibition_attire)_(fate),oda_nobunaga_(fate),1,Fate,8
morgan_le_fay_(fgo_x_kyoto_rikyuen)_(fate),morgan_le_fay_(fate),1,Fate,8
andromeda_(sweet_lemon)_(fate),andromeda_(fate),1,Fate,8
dante_alighieri_(first_ascension)_(fate),dante_alighieri_(fate),1,Fate,8
takasugi_shinsaku_(event_portrait)_(fate),takasugi_shinsaku_(fate),1,Fate,8
tamamo_no_mae_(flower_parade)_(fate),tamamo_no_mae_(fate),1,Fate,8
kama_(otaku-friendly_gyaru)_(fate),kama_(fate),1,Fate,8
yagyuu_munenori_(third_ascension)_(fate),yagyuu_munenori_(fate),1,Fate,8
ereshkigal_alter_(event_portrait)_(fate),ereshkigal_alter_(fate),1,Fate,8
voyager_(over_the_same_sky)_(fate),voyager_(fate),1,Fate,8
takasugi_shinsaku_(coal_lava)_(fate),takasugi_shinsaku_(fate),1,Fate,8
gilgamesh_(fgo_x_lawson_2020)_(fate),gilgamesh_(fate),1,Fate,8
artoria_caster_(fgo_fes._2025)_(fate),artoria_caster_(fate),1,Fate,8
the_count_of_monte_cristo_(over_the_same_sky)_(fate),the_count_of_monte_cristo_(fate),1,Fate,8
marine_nemo_(sprite_albion)_(fate),marine_nemo_(fate),1,Fate,8
watanabe_no_tsuna_(third_ascension)_(fate),watanabe_no_tsuna_(fate),1,Fate,8
kama_(over_the_same_sky)_(fate),kama_(fate),1,Fate,8
koyanskaya_(fgo_fes._2024)_(fate),koyanskaya_(fate),1,Fate,8
oberon_(chinese_ver._new_year_2025)_(fate),oberon_(fate),1,Fate,8
katou_danzou_(celebratory_attire)_(fate),katou_danzou_(fate),1,Fate,8
komahime_(celebratory_attire)_(fate),komahime_(fate),1,Fate,8
mochizuki_chiyome_(celebratory_attire)_(fate),mochizuki_chiyome_(fate),1,Fate,8
saitou_hajime_(celebratory_attire)_(fate),saitou_hajime_(fate),1,Fate,8
stheno_(celebratory_attire)_(fate),stheno_(fate),1,Fate,8
tezcatlipoca_(celebratory_attire)_(fate),tezcatlipoca_(fate),1,Fate,8
takasugi_shinsaku_(beyond_the_bubbles)_(fate),takasugi_shinsaku_(fate),1,Fate,8
yoshida_shouin_(beyond_the_bubbles)_(fate),yoshida_shouin_(fate),1,Fate,8
morgan_le_fay_(matsuyuki_cocokara)_(fate),morgan_le_fay_(fate),1,Fate,8
morgan_le_fay_(chaldea_public_relations_bureau)_(fate),morgan_le_fay_(fate),1,Fate,8
lavinia_whateley_(over_the_same_sky)_(fate),lavinia_whateley_(fate),1,Fate,8
lilith_(satellite_station_26)_(fate),lilith_(fate),1,Fate,8
ibaraki_douji_(festival_outfit)_(fate),ibaraki_douji_(fate),1,Fate,7
carmilla_(traveling_outfit)_(fate),carmilla_(fate),1,Fate,7
circe_(traveling_outfit)_(fate),circe_(fate),1,Fate,7
florence_nightingale_(traveling_outfit)_(fate),florence_nightingale_(fate),1,Fate,7
leonardo_da_vinci_(formal_dress)_(fate),leonardo_da_vinci_(fate),1,Fate,7
penthesilea_(formal_dress)_(fate),penthesilea_(fate),1,Fate,7
medusa_(belle_of_society)_(fate),medusa_(fate),1,Fate,7
mordred_(pumpkin_princess)_(fate),mordred_(fate),1,Fate,7
edward_teach_(formal_dress)_(fate),edward_teach_(fate),1,Fate,7
wolfgang_amadeus_mozart_(tour_outfit)_(fate),wolfgang_amadeus_mozart_(fate),1,Fate,7
asterios_(phantom_night)_(fate),asterios_(fate),1,Fate,7
euryale_(phantom_night)_(fate),euryale_(fate),1,Fate,7
gilgamesh_(kiss_your_hand)_(fate),gilgamesh_(fate),1,Fate,7
mandricardo_(winter_caravan_online_2021)_(fate),mandricardo_(fate),1,Fate,7
tristan_(as_you_wish)_(fate),tristan_(fate),1,Fate,7
nero_claudius_(moon_crux)_(fate),nero_claudius_(fate),1,Fate,7
nitocris_(pharaoh_chocolatl)_(fate),nitocris_(fate),1,Fate,7
mary_read_(from_wonderland)_(fate),mary_read_(fate),1,Fate,7
william_shakespeare_(king_joker_jack)_(fate),william_shakespeare_(fate),1,Fate,7
saber_(leisurely_strolling)_(fate),saber_(fate),1,Fate,7
jason_(my_student_council)_(fate),jason_(fate),1,Fate,7
karna_(chaldea_express)_(fate),karna_(fate),1,Fate,7
cu_chulainn_(pastoral_idol_unit)_(fate),cu_chulainn_(fate),1,Fate,7
gilgamesh_(praise_my_charming_beauty)_(fate),gilgamesh_(fate),1,Fate,7
mysterious_heroine_x_alter_(princess_of_red_bean_paste)_(fate),mysterious_heroine_x_alter_(fate),1,Fate,7
altera_(animejapan_2016)_(fate),altera_(fate),1,Fate,7
sherlock_holmes_(fgo_orchestra)_(fate),sherlock_holmes_(fate),1,Fate,7
scathach_(blossoming_under_the_crimson_sky)_(fate),scathach_(fate),1,Fate,7
murasaki_shikibu_(swimsuit_rider)_(second_ascension)_(fate),murasaki_shikibu_(fate),1,Fate,7
caenis_(swimsuit_rider)_(third_ascension)_(fate),caenis_(fate),1,Fate,7
zenobia_(dream_portrait)_(fate),zenobia_(fate),1,Fate,7
ibuki_douji_(swimsuit_berserker)_(third_ascension)_(fate),ibuki_douji_(fate),1,Fate,7
antonio_salieri_(fgo_orchestra)_(fate),antonio_salieri_(fate),1,Fate,7
britomart_(third_ascension)_(fate),britomart_(fate),1,Fate,7
lady_avalon_(winds_of_spring)_(fate),lady_avalon_(fate),1,Fate,7
himiko_(second_ascension)_(fate),himiko_(fate),1,Fate,7
barghest_(animejapan_2022)_(fate),barghest_(fate),1,Fate,7
edmond_dantes_(young)_(fate),edmond_dantes_(fate),1,Fate,7
ortlinde_(fgo_fes._2019)_(fate),ortlinde_(fate),1,Fate,7
charlemagne_(chinese_ver._7th_anniversary)_(fate),charlemagne_(fate),1,Fate,7
habetrot_(fgo_mart)_(fate),habetrot_(fate),1,Fate,7
captain_nemo_(chaldea_satellite_station)_(fate),captain_nemo_(fate),1,Fate,7
captain_nemo_(fortune_comes_to_those_in_a_kotatsu)_(fate),captain_nemo_(fate),1,Fate,7
queen_of_sheba_(fgo_fes._2018)_(fate),queen_of_sheba_(fate),1,Fate,7
arthur_pendragon_(fgo_fes._2018)_(fate),arthur_pendragon_(fate),1,Fate,7
lakshmibai_(third_ascension)_(fate),lakshmibai_(fate),1,Fate,7
taigong_wang_(dream_portrait)_(fate),taigong_wang_(fate),1,Fate,7
tamamo_cat_(poolside_maid)_(fate),tamamo_cat_(fate),1,Fate,7
nagakura_shinpachi_(exhibition_attire)_(fate),nagakura_shinpachi_(fate),1,Fate,7
roland_(three_in_the_black)_(fate),roland_(fate),1,Fate,7
barghest_(morgan_stadium)_(fate),barghest_(fate),1,Fate,7
gilles_de_rais_(holy_night_supper)_(fate),gilles_de_rais_(fate),1,Fate,7
archer_(wada_arco_exhibition)_(fate),archer_(fate),1,Fate,7
gilgamesh_(flower_parade)_(fate),gilgamesh_(fate),1,Fate,7
charlemagne_(flower_parade)_(fate),charlemagne_(fate),1,Fate,7
cu_chulainn_(flowers_and_cafe)_(fate),cu_chulainn_(fate),1,Fate,7
oda_kippoushi_(sengoku_freestyle)_(fate),oda_kippoushi_(fate),1,Fate,7
nitocris_(into_the_spring)_(fate),nitocris_(fate),1,Fate,7
kama_(comiket_100)_(fate),kama_(fate),1,Fate,7
abigail_williams_(comiket_95)_(fate),abigail_williams_(fate),1,Fate,7
semiramis_(second_ascension)_(fate),semiramis_(fate),1,Fate,7
kyokutei_bakin_(over_the_same_sky)_(fate),kyokutei_bakin_(fate),1,Fate,7
meltryllis_(kyomaf_2023)_(fate),meltryllis_(fate),1,Fate,7
caenis_(chaldea_delinquents)_(fate),caenis_(fate),1,Fate,7
sen_no_rikyu_(celebratory_attire)_(fate),sen_no_rikyu_(fate),1,Fate,7
habetrot_(blessed_bride)_(fate),habetrot_(fate),1,Fate,7
watanabe_no_tsuna_(demonic_parade)_(fate),watanabe_no_tsuna_(fate),1,Fate,7
hijikata_toshizou_(celebratory_attire)_(fate),hijikata_toshizou_(fate),1,Fate,7
suzuka_gozen_(celebratory_attire)_(fate),suzuka_gozen_(fate),1,Fate,7
wolfgang_amadeus_mozart_(celebratory_attire)_(fate),wolfgang_amadeus_mozart_(fate),1,Fate,7
oberon_(cherry_blossom_viewing)_(fate),oberon_(fate),1,Fate,7
arjuna_alter_(over_the_same_sky)_(fate),arjuna_alter_(fate),1,Fate,7
habetrot_(over_the_same_sky)_(fate),habetrot_(fate),1,Fate,7
merlin_(lawson_2020)_(fate),merlin_(fate),1,Fate,7
ishtar_(over_the_same_sky)_(fate),ishtar_(fate),1,Fate,7
toudou_heisuke_(satellite_station_26)_(fate),toudou_heisuke_(fate),1,Fate,7
ereshkigal_(traveling_outfit)_(fate),ereshkigal_(fate),1,Fate,6
medb_(formal_dress)_(fate),medb_(fate),1,Fate,6
artemis_(machine_god)_(fate),artemis_(fate),1,Fate,6
francis_drake_(pirates_party!)_(fate),francis_drake_(fate),1,Fate,6
lakshmibai_(queen's_dream)_(fate),lakshmibai_(fate),1,Fate,6
david_(the_three_great_heroes)_(fate),david_(fate),1,Fate,6
li_shuwen_(the_three_great_heroes)_(fate),li_shuwen_(fate),1,Fate,6
florence_nightingale_(anniversary_heroines)_(fate),florence_nightingale_(fate),1,Fate,6
kiyohime_(under_the_same_sky)_(fate),kiyohime_(fate),1,Fate,6
helena_blavatsky_(tour_outfit)_(fate),helena_blavatsky_(fate),1,Fate,6
ashwatthama_(tour_outfit)_(fate),ashwatthama_(fate),1,Fate,6
thomas_edison_(meat_wars)_(fate),thomas_edison_(fate),1,Fate,6
euryale_(miss_sailor_in_white_uniform)_(fate),euryale_(fate),1,Fate,6
atalanta_(party_time)_(fate),atalanta_(fate),1,Fate,6
heracles_(formal_dress)_(fate),heracles_(fate),1,Fate,6
archer_(kiss_your_hand)_(fate),archer_(fate),1,Fate,6
yan_qing_(under_the_knife)_(fate),yan_qing_(fate),1,Fate,6
astolfo_(the_princess'_pilgrimage)_(fate),astolfo_(fate),1,Fate,6
castor_(twinkle_star)_(fate),castor_(fate),1,Fate,6
jeanne_d'arc_alter_santa_lily_(new_beginning)_(fate),jeanne_d'arc_alter_santa_lily_(fate),1,Fate,6
prince_of_lan_ling_(cunning_foresight)_(fate),prince_of_lan_ling_(fate),1,Fate,6
yagyuu_munenori_(chaldea_special_investigation_unit)_(fate),yagyuu_munenori_(fate),1,Fate,6
thomas_edison_(pakocure)_(fate),thomas_edison_(fate),1,Fate,6
asclepius_(color_me_true)_(fate),asclepius_(fate),1,Fate,6
cu_chulainn_(water_gun_battle)_(fate),cu_chulainn_(fate),1,Fate,6
charlemagne_(brave_king's_surf_shorts)_(fate),charlemagne_(fate),1,Fate,6
gilgamesh_(cold-blooded_warden)_(fate),gilgamesh_(fate),1,Fate,6
elizabeth_bathory_(cheerleader)_(fate),elizabeth_bathory_(fate),1,Fate,6
siegfried_(prince_of_slayer)_(fate),siegfried_(fate),1,Fate,6
okita_souji_alter_(an_army_marches_on_its_stomach)_(fate),okita_souji_alter_(fate),1,Fate,6
cleopatra_(jade_hairpin)_(fate),cleopatra_(fate),1,Fate,6
jeanne_d'arc_alter_(blossoming_under_the_crimson_sky)_(fate),jeanne_d'arc_alter_(fate),1,Fate,6
okita_souji_alter_(world_excursion)_(fate),okita_souji_alter_(fate),1,Fate,6
charlotte_corday_(first_ascension)_(fate),charlotte_corday_(fate),1,Fate,6
senji_muramasa_(treasure_of_the_caribbean)_(fate),senji_muramasa_(fate),1,Fate,6
rengoku_(world_excursion)_(fate),rengoku_(fate),1,Fate,6
merlin_(concept_dress)_(fate),merlin_(fate),1,Fate,6
asclepius_(tour_outfit)_(fate),asclepius_(fate),1,Fate,6
mandricardo_(bloom_in_spring)_(fate),mandricardo_(fate),1,Fate,6
david_(infinity_dream)_(fate),david_(fate),1,Fate,6
sakata_kintoki_(all_the_way_bang)_(fate),sakata_kintoki_(fate),1,Fate,6
medusa_(those_eyes_let_none_get_away)_(fate),medusa_(fate),1,Fate,6
gray_(event_portrait)_(fate),gray_(fate),1,Fate,6
yamanami_keisuke_(event_portrait)_(fate),yamanami_keisuke_(fate),1,Fate,6
sieg_(angel_breath)_(fate),sieg_(fate),1,Fate,6
watanabe_no_tsuna_(fgo_fes._2022)_(fate),watanabe_no_tsuna_(fate),1,Fate,6
locusta_(first_ascension)_(fate),locusta_(fate),1,Fate,6
mary_anning_(third_ascension)_(fate),mary_anning_(fate),1,Fate,6
vritra_(third_ascension)_(fate),vritra_(fate),1,Fate,6
sakamoto_ryouma_(exhibition_attire)_(fate),sakamoto_ryouma_(fate),1,Fate,6
durga_(with_the_moon)_(fate),durga_(fate),1,Fate,6
marie_antoinette_(still_in_the_middle_of_the_trip)_(fate),marie_antoinette_(fate),1,Fate,6
antonio_salieri_(kyomaf_2024)_(fate),antonio_salieri_(fate),1,Fate,6
edmond_dantes_(kyomaf_2024)_(fate),edmond_dantes_(fate),1,Fate,6
chiron_(class_under_the_blue_sky)_(fate),chiron_(fate),1,Fate,6
gilgamesh_(round_and_round)_(fate),gilgamesh_(fate),1,Fate,6
bedivere_(rounds_on_ice)_(fate),bedivere_(fate),1,Fate,6
ptolemy_(second_ascension)_(fate),ptolemy_(fate),1,Fate,6
artoria_caster_(chinese_ver._8th_anniversary)_(fate),artoria_caster_(fate),1,Fate,6
tenochtitlan_(chinese_ver._8th_anniversary)_(fate),tenochtitlan_(fate),1,Fate,6
artemis_(terminal)_(fate),artemis_(fate),1,Fate,6
nitocris_alter_(event_portrait)_(fate),nitocris_alter_(fate),1,Fate,6
baobhan_sith_(morgan_stadium)_(fate),baobhan_sith_(fate),1,Fate,6
johanna_(first_ascension)_(fate),johanna_(fate),1,Fate,6
anastasia_(voices_from_the_one_who_waits)_(fate),anastasia_(fate),1,Fate,6
medea_lily_(manor_of_repose)_(fate),medea_lily_(fate),1,Fate,6
cu_chulainn_(event_portrait)_(fate),cu_chulainn_(fate),1,Fate,6
marie_antoinette_(crystal_dress)_(fate),marie_antoinette_(fate),1,Fate,6
archer_(flowers_and_cafe)_(fate),archer_(fate),1,Fate,6
jeanne_d'arc_(fgo_fes._2018)_(fate),jeanne_d'arc_(fate),1,Fate,6
helena_blavatsky_(formal_dress)_(fate),helena_blavatsky_(fate),1,Fate,6
grigori_rasputin_(being_in_the_same_boat)_(fate),grigori_rasputin_(fate),1,Fate,6
senji_muramasa_(being_in_the_same_boat)_(fate),senji_muramasa_(fate),1,Fate,6
mordred_(with_my_family)_(fate),mordred_(fate),1,Fate,6
kama_(comiket_104)_(fate),kama_(fate),1,Fate,6
antonio_salieri_(fgo_fes._2022)_(fate),antonio_salieri_(fate),1,Fate,6
ereshkigal_(sweets_paradise)_(fate),ereshkigal_(fate),1,Fate,6
anastasia_(english_ver._3rd_anniversary)_(fate),anastasia_(fate),1,Fate,6
sieg_(deliverers_of_sentiment)_(fate),sieg_(fate),1,Fate,6
okada_izou_(cruel_and_unusual)_(fate),okada_izou_(fate),1,Fate,6
merlin_(fgo_x_lawson_2017)_(fate),merlin_(fate),1,Fate,6
merlin_(fgo_x_lawson_2020)_(fate),merlin_(fate),1,Fate,6
katou_danzou_(second_ascension)_(fate),katou_danzou_(fate),1,Fate,6
osakabehime_(heartbreaker)_(fate),osakabehime_(fate),1,Fate,6
sigurd_(second_ascension)_(fate),sigurd_(fate),1,Fate,6
ishtar_(grand_journey)_(fate),ishtar_(fate),1,Fate,6
nagakura_shinpachi_(chaldea_detectives)_(fate),nagakura_shinpachi_(fate),1,Fate,6
saitou_hajime_(chaldea_detectives)_(fate),saitou_hajime_(fate),1,Fate,6
saitou_hajime_(buddy_cop)_(fate),saitou_hajime_(fate),1,Fate,6
senji_muramasa_(hotel_chaldea)_(fate),senji_muramasa_(fate),1,Fate,6
senji_muramasa_(concept_dress)_(fate),senji_muramasa_(fate),1,Fate,6
zenobia_(authentic_triumph)_(fate),zenobia_(fate),1,Fate,6
zenobia_(third_ascension)_(fate),zenobia_(fate),1,Fate,6
artoria_caster_(fgo_x_lawson_2023)_(fate),artoria_caster_(fate),1,Fate,6
dante_alighieri_(celebratory_attire)_(fate),dante_alighieri_(fate),1,Fate,6
ibuki_douji_(celebratory_attire)_(fate),ibuki_douji_(fate),1,Fate,6
miss_crane_(celebratory_attire)_(fate),miss_crane_(fate),1,Fate,6
sugitani_zenjubou_(depraved_monk_of_the_west)_(fate),sugitani_zenjubou_(fate),1,Fate,6
morgan_le_fay_(comiket_100)_(fate),morgan_le_fay_(fate),1,Fate,6
aesc_(satellite_station_24-25)_(fate),aesc_(fate),1,Fate,6
tiamat_(swimsuit_archer)_(third_ascension)_(fate),tiamat_(fate),1,Fate,6
britomart_(over_the_same_sky)_(fate),britomart_(fate),1,Fate,6
takeda_shingen_(third_ascension)_(fate),takeda_shingen_(fate),1,Fate,6
louhi_(satellite_station_26)_(fate),louhi_(fate),1,Fate,6
indra_(satellite_station_26)_(fate),indra_(fate),1,Fate,6
medusa_(gudaguda_shinsengumi)_(fate),medusa_(fate),1,Fate,6
dante_alighieri_(satellite_station_26)_(fate),dante_alighieri_(fate),1,Fate,6
medusa_(further_than_mount_fuji)_(fate),medusa_(fate),1,Fate,6
merlin_(lawson_2017)_(fate),merlin_(fate),1,Fate,6
artoria_caster_(lawson)_(fate),artoria_caster_(fate),1,Fate,6
carmilla_(space_mistress)_(fate),carmilla_(fate),1,Fate,6
sitonai_(festival_outfit)_(fate),sitonai_(fate),1,Fate,5
leonardo_da_vinci_(festival_outfit)_(fate),leonardo_da_vinci_(fate),1,Fate,5
leonardo_da_vinci_(bella_lisa)_(fate),leonardo_da_vinci_(fate),1,Fate,5
sei_shounagon_(happy_drive)_(fate),sei_shounagon_(fate),1,Fate,5
sei_shounagon_(good_job!)_(fate),sei_shounagon_(fate),1,Fate,5
prince_of_lan_ling_(under_the_same_sky)_(fate),prince_of_lan_ling_(fate),1,Fate,5
ushiwakamaru_(under_the_same_sky)_(fate),ushiwakamaru_(fate),1,Fate,5
castor_(tour_outfit)_(fate),castor_(fate),1,Fate,5
gareth_(tour_outfit)_(fate),gareth_(fate),1,Fate,5
amakusa_shirou_(true_mastermind_arc)_(fate),amakusa_shirou_(fate),1,Fate,5
cu_chulainn_(blue_diver)_(fate),cu_chulainn_(fate),1,Fate,5
mephistopheles_(junk_shop)_(fate),mephistopheles_(fate),1,Fate,5
medusa_(miss_sailor_in_white_uniform)_(fate),medusa_(fate),1,Fate,5
stheno_(miss_sailor_in_white_uniform)_(fate),stheno_(fate),1,Fate,5
alexander_(welcome_diner)_(fate),alexander_(fate),1,Fate,5
child_gilgamesh_(welcome_diner)_(fate),child_gilgamesh_(fate),1,Fate,5
queen_of_sheba_(all_night_fever)_(fate),queen_of_sheba_(fate),1,Fate,5
sigurd_(under_the_same_sky)_(fate),sigurd_(fate),1,Fate,5
gawain_(as_you_wish)_(fate),gawain_(fate),1,Fate,5
murasaki_shikibu_(city_where_dreams_are_born)_(fate),murasaki_shikibu_(fate),1,Fate,5
tomoe_gozen_(city_where_dreams_are_born)_(fate),tomoe_gozen_(fate),1,Fate,5
nitocris_(winter_thanksgiving_festival)_(fate),nitocris_(fate),1,Fate,5
ishtar_(scenic_beauty)_(fate),ishtar_(fate),1,Fate,5
parvati_(chocolate_heaven)_(fate),parvati_(fate),1,Fate,5
antonio_salieri_(festival_outfit)_(fate),antonio_salieri_(fate),1,Fate,5
shi_huang_di_(cunning_foresight)_(fate),shi_huang_di_(fate),1,Fate,5
bartholomew_roberts_(at_the_street_corner_of_the_decorating_sea)_(fate),bartholomew_roberts_(fate),1,Fate,5
tamamo_no_mae_(empty_garden)_(fate),tamamo_no_mae_(fate),1,Fate,5
jeanne_d'arc_(cool_and_sporty)_(fate),jeanne_d'arc_(fate),1,Fate,5
gilgamesh_(water_gun_battle)_(fate),gilgamesh_(fate),1,Fate,5
archer_(slash_and_connect)_(fate),archer_(fate),1,Fate,5
archer_(archer_of_justice)_(fate),archer_(fate),1,Fate,5
diarmuid_ua_duibhne_(pastoral_idol_unit)_(fate),diarmuid_ua_duibhne_(fate),1,Fate,5
francis_drake_(captain's_glorious_summer_vacation)_(fate),francis_drake_(fate),1,Fate,5
karna_(generous_bartender)_(fate),karna_(fate),1,Fate,5
elizabeth_bathory_(dark_eliza)_(fate),elizabeth_bathory_(fate),1,Fate,5
oda_nobunaga_(genuine)_(fate),oda_nobunaga_(fate),1,Fate,5
sasaki_kojirou_(sensha_otoko)_(fate),sasaki_kojirou_(fate),1,Fate,5
karna_(animejapan_2016)_(fate),karna_(fate),1,Fate,5
leonardo_da_vinci_(fgo_orchestra)_(fate),leonardo_da_vinci_(fate),1,Fate,5
leonardo_da_vinci_(fgo_fes._2019)_(fate),leonardo_da_vinci_(fate),1,Fate,5
medb_(one-inch_princess)_(fate),medb_(fate),1,Fate,5
circe_(doc_kykeon)_(fate),circe_(fate),1,Fate,5
medusa_(result_of_the_soil)_(fate),medusa_(fate),1,Fate,5
quetzalcoatl_(road_to_star)_(fate),quetzalcoatl_(fate),1,Fate,5
nikola_tesla_(infinity_dream)_(fate),nikola_tesla_(fate),1,Fate,5
shi_huang_di_(infinity_dream)_(fate),shi_huang_di_(fate),1,Fate,5
napoleon_bonaparte_(all_the_way_bang)_(fate),napoleon_bonaparte_(fate),1,Fate,5
taisui_xingjun_(event_portrait)_(fate),taisui_xingjun_(fate),1,Fate,5
bhima_(third_ascension)_(fate),bhima_(fate),1,Fate,5
circe_(event_portrait)_(fate),circe_(fate),1,Fate,5
osakabehime_(festival_outfit)_(fate),osakabehime_(fate),1,Fate,5
caenis_(octo_nautica)_(fate),caenis_(fate),1,Fate,5
bradamante_(comme_un_sablier)_(fate),bradamante_(fate),1,Fate,5
andromeda_(third_ascension)_(fate),andromeda_(fate),1,Fate,5
charles-henri_sanson_(angel_breath)_(fate),charles-henri_sanson_(fate),1,Fate,5
locusta_(event_portrait)_(fate),locusta_(fate),1,Fate,5
astolfo_(fgo_fes._2019)_(fate),astolfo_(fate),1,Fate,5
habetrot_(fgo_fes._2022)_(fate),habetrot_(fate),1,Fate,5
scathach_skadi_(fgo_fes._2022)_(fate),scathach_skadi_(fate),1,Fate,5
medusa_(saber)_(second_ascension)_(fate),medusa_(fate),1,Fate,5
britomart_(winner's_eye)_(fate),britomart_(fate),1,Fate,5
captain_nemo_(concept_dress)_(fate),captain_nemo_(fate),1,Fate,5
baobhan_sith_(fgo_fes._2024)_(fate),baobhan_sith_(fate),1,Fate,5
calamity_jane_(second_ascension)_(fate),calamity_jane_(fate),1,Fate,5
kama_(mistake)_(first_ascension)_(fate),kama_(fate),1,Fate,5
murasaki_shikibu_(the_cute_girl_seated_behind_me)_(fate),murasaki_shikibu_(fate),1,Fate,5
murasaki_shikibu_(bibliophilia)_(fate),murasaki_shikibu_(fate),1,Fate,5
jeanne_d'arc_(still_in_the_middle_of_the_trip)_(fate),jeanne_d'arc_(fate),1,Fate,5
jeanne_d'arc_alter_(still_in_the_middle_of_the_trip)_(fate),jeanne_d'arc_alter_(fate),1,Fate,5
astolfo_(still_in_the_middle_of_the_trip)_(fate),astolfo_(fate),1,Fate,5
charlotte_corday_(still_in_the_middle_of_the_trip)_(fate),charlotte_corday_(fate),1,Fate,5
marine_nemo_(chaldea_satellite_station)_(fate),marine_nemo_(fate),1,Fate,5
ashiya_douman_(commentator_of_flowers)_(fate),ashiya_douman_(fate),1,Fate,5
ashiya_douman_(fgo_x_kyoto_rikyuen)_(fate),ashiya_douman_(fate),1,Fate,5
francis_drake_(choco_rafting)_(fate),francis_drake_(fate),1,Fate,5
tristan_(rounds_on_ice)_(fate),tristan_(fate),1,Fate,5
marie_antoinette_alter_(kyomaf_2024)_(fate),marie_antoinette_alter_(fate),1,Fate,5
ibuki_douji_(malevolent_midsummer_goddess)_(fate),ibuki_douji_(fate),1,Fate,5
georgios_(saint's_invitation)_(fate),georgios_(fate),1,Fate,5
paracelsus_von_hohenheim_(void_dust_shaved_ice)_(fate),paracelsus_von_hohenheim_(fate),1,Fate,5
brynhild_(under_the_same_sky)_(fate),brynhild_(fate),1,Fate,5
tiamat_(event_portrait)_(fate),tiamat_(fate),1,Fate,5
larva_tiamat_(exhibition_attire)_(fate),larva_tiamat_(fate),1,Fate,5
siegfried_(dream_portrait)_(fate),siegfried_(fate),1,Fate,5
alexander_(teacher_and_i)_(fate),alexander_(fate),1,Fate,5
queen_of_sheba_(welcome_to_the_traveling_circus!)_(fate),queen_of_sheba_(fate),1,Fate,5
scathach_skadi_(welcome_to_the_traveling_circus!)_(fate),scathach_skadi_(fate),1,Fate,5
diarmuid_ua_duibhne_(festival_outfit)_(fate),diarmuid_ua_duibhne_(fate),1,Fate,5
cu_chulainn_alter_(exhibition_attire)_(fate),cu_chulainn_alter_(fate),1,Fate,5
metatron_jeanne_(univers_immortel_metatron)_(fate),metatron_jeanne_(fate),1,Fate,5
charlemagne_(event_portrait)_(fate),charlemagne_(fate),1,Fate,5
bhima_(event_portrait)_(fate),bhima_(fate),1,Fate,5
mori_nagayoshi_(exhibition_attire)_(fate),mori_nagayoshi_(fate),1,Fate,5
mandricardo_(bff_bbq)_(fate),mandricardo_(fate),1,Fate,5
kiyohime_(snake_senpais)_(fate),kiyohime_(fate),1,Fate,5
odysseus_(innocent_blue)_(fate),odysseus_(fate),1,Fate,5
archer_(flower_parade)_(fate),archer_(fate),1,Fate,5
jeanne_d'arc_(fgo_fes._2020)_(fate),jeanne_d'arc_(fate),1,Fate,5
mori_nagayoshi_(sengoku_freestyle)_(fate),mori_nagayoshi_(fate),1,Fate,5
circe_(mushrooming)_(fate),circe_(fate),1,Fate,5
typhon_ephemeros_(first_ascension)_(fate),typhon_ephemeros_(fate),1,Fate,5
hijikata_toshizou_(oni_tea_ceremony)_(fate),hijikata_toshizou_(fate),1,Fate,5
karna_(type-moon_ace_vol._13)_(fate),karna_(fate),1,Fate,5
leonardo_da_vinci_(fgo_fes._2025)_(fate),leonardo_da_vinci_(fate),1,Fate,5
avicebron_(third_ascension)_(fate),avicebron_(fate),1,Fate,5
okada_izou_(glorious_cherry_blossoms)_(fate),okada_izou_(fate),1,Fate,5
sakamoto_ryouma_(glorious_cherry_blossoms)_(fate),sakamoto_ryouma_(fate),1,Fate,5
artoria_pendragon_(lancer)_(comiket_102)_(fate),artoria_pendragon_(fate),1,Fate,5
sugitani_zenjubou_(celebratory_attire)_(fate),sugitani_zenjubou_(fate),1,Fate,5
prince_of_lan_ling_(celebratory_attire)_(fate),prince_of_lan_ling_(fate),1,Fate,5
okada_izou_(fgo_x_lawson_2023)_(fate),okada_izou_(fate),1,Fate,5
anastasia_(celebratory_attire)_(fate),anastasia_(fate),1,Fate,5
asclepius_(celebratory_attire)_(fate),asclepius_(fate),1,Fate,5
calamity_jane_(celebratory_attire)_(fate),calamity_jane_(fate),1,Fate,5
kukulkan_(celebratory_attire)_(fate),kukulkan_(fate),1,Fate,5
louhi_(celebratory_attire)_(fate),louhi_(fate),1,Fate,5
medusa_(celebratory_attire)_(fate),medusa_(fate),1,Fate,5
taigong_wang_(celebratory_attire)_(fate),taigong_wang_(fate),1,Fate,5
yamanami_keisuke_(celebratory_attire)_(fate),yamanami_keisuke_(fate),1,Fate,5
aesc_(fgo_fes._2024)_(fate),aesc_(fate),1,Fate,5
dante_alighieri_(summer_inferno)_(fate),dante_alighieri_(fate),1,Fate,5
artoria_pendragon_(over_the_same_sky)_(fate),artoria_pendragon_(fate),1,Fate,5
okada_izou_(lawson)_(fate),okada_izou_(fate),1,Fate,5
senji_muramasa_(trajectory_of_fate)_(fate),senji_muramasa_(fate),1,Fate,5
medusa_(gorgon_scale)_(fate),medusa_(fate),1,Fate,5
yan_qing_(pasela_resorts)_(fate),yan_qing_(fate),1,Fate,5
karna_(lawson)_(fate),karna_(fate),1,Fate,5
hebi_nyoubou_(third_ascension)_(fate),hebi_nyoubou_(fate),1,Fate,5
durga_(over_the_same_sky)_(fate),durga_(fate),1,Fate,5
scathach-skadi_(fgo_fes._2022)_(fate),scathach-skadi_(fate),1,Fate,5
ashiya_douman_(kyoto_rikyuen)_(fate),ashiya_douman_(fate),1,Fate,5
scathach-skadi_(welcome_to_the_traveling_circus!)_(fate),scathach-skadi_(fate),1,Fate,5
quetzalcoatl_(festival_outfit)_(fate),quetzalcoatl_(fate),1,Fate,4
bedivere_(festival_outfit)_(fate),bedivere_(fate),1,Fate,4
mordred_(festival_outfit)_(fate),mordred_(fate),1,Fate,4
paul_bunyan_(traveling_outfit)_(fate),paul_bunyan_(fate),1,Fate,4
leonardo_da_vinci_(summer_anniversary)_(fate),leonardo_da_vinci_(fate),1,Fate,4
francis_drake_(anniversary_heroines)_(fate),francis_drake_(fate),1,Fate,4
nero_claudius_(anniversary_heroines)_(fate),nero_claudius_(fate),1,Fate,4
ibaraki_douji_(sign_of_smiling_face)_(fate),ibaraki_douji_(fate),1,Fate,4
sherlock_holmes_(under_the_same_sky)_(fate),sherlock_holmes_(fate),1,Fate,4
katou_danzou_(under_the_same_sky)_(fate),katou_danzou_(fate),1,Fate,4
leonardo_da_vinci_(traveling_outfit)_(fate),leonardo_da_vinci_(fate),1,Fate,4
archer_(chaldea_kitchen_truck)_(fate),archer_(fate),1,Fate,4
minamoto_no_raikou_(chaldea_kitchen_truck)_(fate),minamoto_no_raikou_(fate),1,Fate,4
li_shuwen_(foreign_nation_infiltration_arc)_(fate),li_shuwen_(fate),1,Fate,4
archer_(three_angler)_(fate),archer_(fate),1,Fate,4
cu_chulainn_(three_angler)_(fate),cu_chulainn_(fate),1,Fate,4
gilgamesh_(three_angler)_(fate),gilgamesh_(fate),1,Fate,4
nikola_tesla_(planet_rock)_(fate),nikola_tesla_(fate),1,Fate,4
nikola_tesla_(meat_wars)_(fate),nikola_tesla_(fate),1,Fate,4
francis_drake_(bestia_del_sol)_(fate),francis_drake_(fate),1,Fate,4
arjuna_alter_(red_box)_(fate),arjuna_alter_(fate),1,Fate,4
ganesha_(red_box)_(fate),ganesha_(fate),1,Fate,4
rama_(red_box)_(fate),rama_(fate),1,Fate,4
cleopatra_(pharaoh_chocolatl)_(fate),cleopatra_(fate),1,Fate,4
sigurd_(under_the_knife)_(fate),sigurd_(fate),1,Fate,4
arash_(noisy_obsession)_(fate),arash_(fate),1,Fate,4
katou_danzou_(the_unmanipulatable_ones)_(fate),katou_danzou_(fate),1,Fate,4
nezha_(midsummer_memories)_(fate),nezha_(fate),1,Fate,4
ozymandias_(golden_wings)_(fate),ozymandias_(fate),1,Fate,4
tamamo_no_mae_(hell's_kitchen)_(fate),tamamo_no_mae_(fate),1,Fate,4
scheherazade_(guiding_the_lily)_(fate),scheherazade_(fate),1,Fate,4
mata_hari_(guiding_the_lily)_(fate),mata_hari_(fate),1,Fate,4
bartholomew_roberts_(greatest_ocean)_(fate),bartholomew_roberts_(fate),1,Fate,4
ashwatthama_(buzzer_beater)_(fate),ashwatthama_(fate),1,Fate,4
atalanta_(empty_garden)_(fate),atalanta_(fate),1,Fate,4
suzuka_gozen_(empty_garden)_(fate),suzuka_gozen_(fate),1,Fate,4
archer_(mythology_mystic_code_of_wrought_iron)_(fate),archer_(fate),1,Fate,4
altera_(head_nurse_of_steel)_(fate),altera_(fate),1,Fate,4
altera_(wild_swim)_(fate),altera_(fate),1,Fate,4
sasaki_kojirou_(prince_of_slayer)_(fate),sasaki_kojirou_(fate),1,Fate,4
semiramis_(apocrypha_epilogue)_(fate),semiramis_(fate),1,Fate,4
jeanne_d'arc_alter_santa_lily_(animejapan_2018)_(fate),jeanne_d'arc_alter_santa_lily_(fate),1,Fate,4
jeanne_d'arc_(schoolgirl_blazer)_(fate),jeanne_d'arc_(fate),1,Fate,4
mysterious_heroine_x_alter_(traveling_outfit)_(fate),mysterious_heroine_x_alter_(fate),1,Fate,4
gareth_(camelot_lesson)_(fate),gareth_(fate),1,Fate,4
elizabeth_bathory_(jurassic_dream)_(fate),elizabeth_bathory_(fate),1,Fate,4
miyamoto_musashi_(dream_portrait)_(fate),miyamoto_musashi_(fate),1,Fate,4
kyokutei_bakin_(dream_portrait)_(fate),kyokutei_bakin_(fate),1,Fate,4
katsushika_hokusai_(dream_portrait)_(fate),katsushika_hokusai_(fate),1,Fate,4
astraea_(road_to_star)_(fate),astraea_(fate),1,Fate,4
penthesilea_(road_to_star)_(fate),penthesilea_(fate),1,Fate,4
chen_gong_(turning_of_tides)_(fate),chen_gong_(fate),1,Fate,4
jeanne_d'arc_alter_santa_lily_(event_portrait)_(fate),jeanne_d'arc_alter_santa_lily_(fate),1,Fate,4
tomoe_gozen_(event_portrait)_(fate),tomoe_gozen_(fate),1,Fate,4
qin_liangyu_(fgo_fes._2019)_(fate),qin_liangyu_(fate),1,Fate,4
meltryllis_(winter_party)_(fate),meltryllis_(fate),1,Fate,4
galatea_(artisanal_soul)_(fate),galatea_(fate),1,Fate,4
tomoe_gozen_(artisanal_soul)_(fate),tomoe_gozen_(fate),1,Fate,4
habetrot_(little_tailors)_(fate),habetrot_(fate),1,Fate,4
kama_(chinese_ver._7th_anniversary)_(fate),kama_(fate),1,Fate,4
kukulkan_(ref-rain)_(fate),kukulkan_(fate),1,Fate,4
trung_nhi_(as_thin_as_a_narrow_strait)_(fate),trung_nhi_(fate),1,Fate,4
trung_trac_(as_thin_as_a_narrow_strait)_(fate),trung_trac_(fate),1,Fate,4
captain_nemo_(reading_holiday)_(fate),captain_nemo_(fate),1,Fate,4
sei_shounagon_(exhibition_attire)_(fate),sei_shounagon_(fate),1,Fate,4
leonardo_da_vinci_(concept_dress)_(fate),leonardo_da_vinci_(fate),1,Fate,4
leonardo_da_vinci_(first_sale)_(fate),leonardo_da_vinci_(fate),1,Fate,4
quetzalcoatl_(formal_dress)_(fate),quetzalcoatl_(fate),1,Fate,4
yu_mei-ren_(chinese_ver._4th_anniversary)_(fate),yu_mei-ren_(fate),1,Fate,4
prince_of_lan_ling_(chinese_ver._4th_anniversary)_(fate),prince_of_lan_ling_(fate),1,Fate,4
oryou_(exhibition_attire)_(fate),oryou_(fate),1,Fate,4
ibuki_douji_(scenic_beauty_transcendent_work_of_art)_(fate),ibuki_douji_(fate),1,Fate,4
dobrynya_nikitich_(swimsuit_lancer)_(third_ascension)_(fate),dobrynya_nikitich_(fate),1,Fate,4
jeanne_d'arc_alter_(kyomaf_2024)_(fate),jeanne_d'arc_alter_(fate),1,Fate,4
merlin_(commentator_of_flowers)_(fate),merlin_(fate),1,Fate,4
salome_(event_portrait)_(fate),salome_(fate),1,Fate,4
percival_(rounds_beach)_(fate),percival_(fate),1,Fate,4
mata_hari_(be_shelved)_(fate),mata_hari_(fate),1,Fate,4
morgan_le_fay_(chinese_ver._8th_anniversary)_(fate),morgan_le_fay_(fate),1,Fate,4
miyamoto_musashi_(bunny)_(fate),miyamoto_musashi_(fate),1,Fate,4
taira_no_kagekiyo_(event_portrait)_(fate),taira_no_kagekiyo_(fate),1,Fate,4
kriemhild_(dream_portrait)_(fate),kriemhild_(fate),1,Fate,4
britomart_(morgan_stadium)_(fate),britomart_(fate),1,Fate,4
hyde_(noisy_obsession)_(fate),hyde_(fate),1,Fate,4
the_count_of_monte_cristo_(future_encounter)_(fate),the_count_of_monte_cristo_(fate),1,Fate,4
thrud_(welcome_to_the_traveling_circus!)_(fate),thrud_(fate),1,Fate,4
asclepius_(exhibition_attire)_(fate),asclepius_(fate),1,Fate,4
gilles_de_rais_(phantom_night)_(fate),gilles_de_rais_(fate),1,Fate,4
fergus_mac_roich_(welcome_diner)_(fate),fergus_mac_roich_(fate),1,Fate,4
tawara_touta_(riceball_remnant)_(fate),tawara_touta_(fate),1,Fate,4
gareth_(over_the_rough_waves)_(fate),gareth_(fate),1,Fate,4
gaius_julius_caesar_(eternal_roma)_(fate),gaius_julius_caesar_(fate),1,Fate,4
romulus_(eternal_roma)_(fate),romulus_(fate),1,Fate,4
gilles_de_rais_(saber)_(in_sickness_and_in_health)_(fate),gilles_de_rais_(fate),1,Fate,4
gilles_de_rais_(caster)_(in_sickness_and_in_health)_(fate),gilles_de_rais_(fate),1,Fate,4
tamamo_no_mae_(wada_arco_exhibition)_(fate),tamamo_no_mae_(fate),1,Fate,4
romulus_quirinus_(supreme_place_of_learning)_(fate),romulus_quirinus_(fate),1,Fate,4
wu_zetian_(snow_pirates)_(fate),wu_zetian_(fate),1,Fate,4
arjuna_alter_(dream_portrait)_(fate),arjuna_alter_(fate),1,Fate,4
marie_antoinette_(open_stage)_(fate),marie_antoinette_(fate),1,Fate,4
sakata_kintoki_(exhibition_attire)_(fate),sakata_kintoki_(fate),1,Fate,4
mordred_(ever_dark)_(fate),mordred_(fate),1,Fate,4
charlotte_corday_(photo_studio)_(fate),charlotte_corday_(fate),1,Fate,4
arjuna_(animejapan_2016)_(fate),arjuna_(fate),1,Fate,4
paris_(color_me_true)_(fate),paris_(fate),1,Fate,4
mandricardo_(fgo_fes._2024)_(fate),mandricardo_(fate),1,Fate,4
nursery_rhyme_(class_under_the_blue_sky)_(fate),nursery_rhyme_(fate),1,Fate,4
archer_(service_games)_(fate),archer_(fate),1,Fate,4
cu_chulainn_(hello!_arctic)_(fate),cu_chulainn_(fate),1,Fate,4
cu_chulainn_(fancy_apron)_(fate),cu_chulainn_(fate),1,Fate,4
elizabeth_bathory_(chaldea_palace)_(fate),elizabeth_bathory_(fate),1,Fate,4
jeanne_d'arc_alter_(first_drawing)_(fate),jeanne_d'arc_alter_(fate),1,Fate,4
charlemagne_(an_encounter_in_spring)_(fate),charlemagne_(fate),1,Fate,4
medb_(maidens'_luncheon)_(fate),medb_(fate),1,Fate,4
scathach_skadi_(maidens'_luncheon)_(fate),scathach_skadi_(fate),1,Fate,4
jeanne_d'arc_(fgo_shanghai_expo)_(fate),jeanne_d'arc_(fate),1,Fate,4
anne_bonny_(pirates_of_the_jungle)_(fate),anne_bonny_(fate),1,Fate,4
mary_read_(pirates_of_the_jungle)_(fate),mary_read_(fate),1,Fate,4
shuten_douji_(overflowing_indulgence)_(fate),shuten_douji_(fate),1,Fate,4
hassan_of_serenity_(mushrooming)_(fate),hassan_of_serenity_(fate),1,Fate,4
semiramis_(mushrooming)_(fate),semiramis_(fate),1,Fate,4
hector_(the_everlasting_troy)_(fate),hector_(fate),1,Fate,4
merlin_(fgo_fes._2024)_(fate),merlin_(fate),1,Fate,4
merlin_(fgo_x_google_play)_(fate),merlin_(fate),1,Fate,4
hijikata_toshizou_(chaldea_detectives)_(fate),hijikata_toshizou_(fate),1,Fate,4
katsushika_hokusai_(chinese_ver._5th_anniversary)_(fate),katsushika_hokusai_(fate),1,Fate,4
ibaraki_douji_(pioneering_onis)_(fate),ibaraki_douji_(fate),1,Fate,4
avicebron_(class_under_the_blue_sky)_(fate),avicebron_(fate),1,Fate,4
tezcatlipoca_(over_the_same_sky)_(fate),tezcatlipoca_(fate),1,Fate,4
prince_of_lan_ling_(luluhawa_island)_(fate),prince_of_lan_ling_(fate),1,Fate,4
marie_antoinette_alter_(mysterious_forest)_(fate),marie_antoinette_alter_(fate),1,Fate,4
shi_huang_di_(chinese_ver._4th_anniversary)_(fate),shi_huang_di_(fate),1,Fate,4
mysterious_heroine_x_alter_(ecchan_anko_photobook)_(fate),mysterious_heroine_x_alter_(fate),1,Fate,4
vritra_(among_the_nymphaea)_(fate),vritra_(fate),1,Fate,4
yan_qing_(fgo_x_pasela_resorts)_(fate),yan_qing_(fate),1,Fate,4
bartholomew_roberts_(kyomaf_2020)_(fate),bartholomew_roberts_(fate),1,Fate,4
parvati_(second_ascension)_(fate),parvati_(fate),1,Fate,4
charlotte_corday_(final_ascension)_(fate),charlotte_corday_(fate),1,Fate,4
queen_of_sheba_(comiket_95)_(fate),queen_of_sheba_(fate),1,Fate,4
ereshkigal_(fgo_x_lawson_2020)_(fate),ereshkigal_(fate),1,Fate,4
mandricardo_(swords_into_plowshares)_(fate),mandricardo_(fate),1,Fate,4
sakamoto_ryouma_(hotel_chaldea)_(fate),sakamoto_ryouma_(fate),1,Fate,4
okada_izou_(hotel_chaldea)_(fate),okada_izou_(fate),1,Fate,4
percival_(buddy_cop)_(fate),percival_(fate),1,Fate,4
captain_nemo_(grand_journey)_(fate),captain_nemo_(fate),1,Fate,4
prince_of_lan_ling_(over_the_same_sky)_(fate),prince_of_lan_ling_(fate),1,Fate,4
watanabe_no_tsuna_(golden_trails)_(fate),watanabe_no_tsuna_(fate),1,Fate,4
oberon_(hotel_chaldea)_(fate),oberon_(fate),1,Fate,4
senji_muramasa_(chaldea_satellite_station)_(fate),senji_muramasa_(fate),1,Fate,4
dobrynya_nikitich_(celebratory_attire)_(fate),dobrynya_nikitich_(fate),1,Fate,4
trung_nhi_(celebratory_attire)_(fate),trung_nhi_(fate),1,Fate,4
trung_trac_(celebratory_attire)_(fate),trung_trac_(fate),1,Fate,4
charlemagne_(bright_blue)_(fate),charlemagne_(fate),1,Fate,4
roland_(third_ascension)_(fate),roland_(fate),1,Fate,4
roland_(second_ascension)_(fate),roland_(fate),1,Fate,4
karna_(fgo_x_lawson_2023)_(fate),karna_(fate),1,Fate,4
altera_(celebratory_attire)_(fate),altera_(fate),1,Fate,4
leonardo_da_vinci_(celebratory_attire)_(fate),leonardo_da_vinci_(fate),1,Fate,4
percival_(celebratory_attire)_(fate),percival_(fate),1,Fate,4
zenobia_(celebratory_attire)_(fate),zenobia_(fate),1,Fate,4
mysterious_heroine_xx_alter_(first_ascension)_(fate),mysterious_heroine_xx_alter_(fate),1,Fate,4
mysterious_heroine_xx_alter_(second_ascension)_(fate),mysterious_heroine_xx_alter_(fate),1,Fate,4
johanna_(celebratory_attire)_(fate),johanna_(fate),1,Fate,4
florence_nightingale_(over_the_same_sky)_(fate),florence_nightingale_(fate),1,Fate,4
bb_dubai_(kyomaf_2025)_(fate),bb_dubai_(fate),1,Fate,4
quetzalcoatl_(over_the_same_sky)_(fate),quetzalcoatl_(fate),1,Fate,4
ereshkigal_(lawson_2020)_(fate),ereshkigal_(fate),1,Fate,4
cleopatra_(bibliophilia)_(fate),cleopatra_(fate),1,Fate,4
bradamante_(roxane)_(fate),bradamante_(fate),1,Fate,4
hector_(over_the_same_sky)_(fate),hector_(fate),1,Fate,4
suzuka_gozen_(over_the_same_sky)_(fate),suzuka_gozen_(fate),1,Fate,4
oberon_(hotel_chaldea_2025)_(fate),oberon_(fate),1,Fate,4
kondou_isami_(breaching)_(fate),kondou_isami_(fate),1,Fate,4
merlin_(over_the_same_sky)_(fate),merlin_(fate),1,Fate,4
toudou_heisuke_(final_ascension)_(fate),toudou_heisuke_(fate),1,Fate,4
himiko_(over_the_same_sky)_(fate),himiko_(fate),1,Fate,4
romulus-quirinus_(supreme_place_of_learning)_(fate),romulus-quirinus_(fate),1,Fate,4
frankenstein's_monster_(over_the_same_sky)_(fate),frankenstein's_monster_(fate),1,Fate,4
louhi_(over_the_same_sky)_(fate),louhi_(fate),1,Fate,4
merlin_(google_play)_(fate),merlin_(fate),1,Fate,4
biscione_(over_the_same_sky)_(fate),biscione_(fate),1,Fate,4
scathach-skadi_(maidens'_luncheon)_(fate),scathach-skadi_(fate),1,Fate,4
elizabeth_bathory_(perfect)_(second_ascension)_(fate),elizabeth_bathory_(fate),1,Fate,4
asterios_(over_the_same_sky)_(fate),asterios_(fate),1,Fate,4
sakamoto_ryouma_(festival_outfit)_(fate),sakamoto_ryouma_(fate),1,Fate,3
nezha_(traveling_outfit)_(fate),nezha_(fate),1,Fate,3
parvati_(cherry_icicle)_(fate),parvati_(fate),1,Fate,3
medusa_(golden_prairie)_(fate),medusa_(fate),1,Fate,3
qin_liangyu_(spring_beauty)_(fate),qin_liangyu_(fate),1,Fate,3
nero_claudius_(nightless_rose)_(fate),nero_claudius_(fate),1,Fate,3
fuuma_kotarou_(you_after_the_rain)_(fate),fuuma_kotarou_(fate),1,Fate,3
sherlock_holmes_(irohanihoheto)_(fate),sherlock_holmes_(fate),1,Fate,3
miyamoto_musashi_(chaldea_park_caravan)_(fate),miyamoto_musashi_(fate),1,Fate,3
fuuma_kotarou_(under_the_same_sky)_(fate),fuuma_kotarou_(fate),1,Fate,3
xuangzang_sanzang_(tour_outfit)_(fate),xuangzang_sanzang_(fate),1,Fate,3
nitocris_(tour_outfit)_(fate),nitocris_(fate),1,Fate,3
stheno_(all_three_together)_(fate),stheno_(fate),1,Fate,3
penthesilea_(bestia_del_sol)_(fate),penthesilea_(fate),1,Fate,3
ashwatthama_(red_box)_(fate),ashwatthama_(fate),1,Fate,3
nitocris_(all_night_fever)_(fate),nitocris_(fate),1,Fate,3
scheherazade_(all_night_fever)_(fate),scheherazade_(fate),1,Fate,3
caenis_(winter_caravan_online_2021)_(fate),caenis_(fate),1,Fate,3
shi_huang_di_(winter_caravan_online_2021)_(fate),shi_huang_di_(fate),1,Fate,3
billy_the_kid_(outrage)_(fate),billy_the_kid_(fate),1,Fate,3
rama_(outrage)_(fate),rama_(fate),1,Fate,3
ozymandias_(winter_thanksgiving_festival)_(fate),ozymandias_(fate),1,Fate,3
arash_(golden_wings)_(fate),arash_(fate),1,Fate,3
merlin_(star_of_camelot)_(fate),merlin_(fate),1,Fate,3
arjuna_(curry_x_rice)_(fate),arjuna_(fate),1,Fate,3
karna_(curry_x_rice)_(fate),karna_(fate),1,Fate,3
christopher_columbus_(bar-troia)_(fate),christopher_columbus_(fate),1,Fate,3
asterios_(lightning_reindeer)_(fate),asterios_(fate),1,Fate,3
bartholomew_roberts_(buzzer_beater)_(fate),bartholomew_roberts_(fate),1,Fate,3
arjuna_(blue_illusion)_(fate),arjuna_(fate),1,Fate,3
wolfgang_amadeus_mozart_(festival_outfit)_(fate),wolfgang_amadeus_mozart_(fate),1,Fate,3
tamamo_no_mae_(magical_tamamo)_(fate),tamamo_no_mae_(fate),1,Fate,3
iskandar_(formal_king)_(fate),iskandar_(fate),1,Fate,3
ishtar_(starry_nights)_(fate),ishtar_(fate),1,Fate,3
diarmuid_ua_duibhne_(operation_fionna)_(fate),diarmuid_ua_duibhne_(fate),1,Fate,3
scathach_(teacher_of_rune_magic)_(fate),scathach_(fate),1,Fate,3
elizabeth_bathory_(idol's_sleep_wear)_(fate),elizabeth_bathory_(fate),1,Fate,3
mordred_(apocrypha_epilogue)_(fate),mordred_(fate),1,Fate,3
amakusa_shirou_(apocrypha_epilogue)_(fate),amakusa_shirou_(fate),1,Fate,3
atalanta_(apocrypha_epilogue)_(fate),atalanta_(fate),1,Fate,3
frankenstein's_monster_(apocrypha_epilogue)_(fate),frankenstein's_monster_(fate),1,Fate,3
mysterious_idol_x_alter_(tour_outfit)_(fate),mysterious_idol_x_alter_(fate),1,Fate,3
gareth_(animejapan_2022)_(fate),gareth_(fate),1,Fate,3
xuangzang_sanzang_(camelot_lesson)_(fate),xuangzang_sanzang_(fate),1,Fate,3
archer_(nameless_butler_outfit)_(fate),archer_(fate),1,Fate,3
elizabeth_bathory_(el_presidente)_(fate),elizabeth_bathory_(fate),1,Fate,3
ishtar_(tour_outfit)_(fate),ishtar_(fate),1,Fate,3
percival_(dream_portrait)_(fate),percival_(fate),1,Fate,3
anastasia_(dream_portrait)_(fate),anastasia_(fate),1,Fate,3
fergus_mac_roich_(all_the_way_bang)_(fate),fergus_mac_roich_(fate),1,Fate,3
siegfried_(smile_knight)_(fate),siegfried_(fate),1,Fate,3
melusine_(animejapan_2022)_(fate),melusine_(fate),1,Fate,3
edmond_dantes_(the_final_case)_(fate),edmond_dantes_(fate),1,Fate,3
gaius_julius_caesar_(show_time)_(fate),gaius_julius_caesar_(fate),1,Fate,3
qin_liangyu_(lake_shore_heavenly_nymphs)_(fate),qin_liangyu_(fate),1,Fate,3
elizabeth_bathory_(fgo_fes._2019)_(fate),elizabeth_bathory_(fate),1,Fate,3
roland_(winter_party)_(fate),roland_(fate),1,Fate,3
penthesilea_(artisanal_soul)_(fate),penthesilea_(fate),1,Fate,3
kukulkan_(event_portrait)_(fate),kukulkan_(fate),1,Fate,3
captain_nemo_(dancing_tops)_(fate),captain_nemo_(fate),1,Fate,3
boudica_(exhibition_attire)_(fate),boudica_(fate),1,Fate,3
yang_guifei_(sweat_blood)_(fate),yang_guifei_(fate),1,Fate,3
lakshmibai_(holy_blue)_(fate),lakshmibai_(fate),1,Fate,3
chevalier_d'eon_(still_in_the_middle_of_the_trip)_(fate),chevalier_d'eon_(fate),1,Fate,3
charles-henri_sanson_(still_in_the_middle_of_the_trip)_(fate),charles-henri_sanson_(fate),1,Fate,3
wolfgang_amadeus_mozart_(still_in_the_middle_of_the_trip)_(fate),wolfgang_amadeus_mozart_(fate),1,Fate,3
osakabehime_(kyomaf_2024)_(fate),osakabehime_(fate),1,Fate,3
charles-henri_sanson_(fgo_orchestra)_(fate),charles-henri_sanson_(fate),1,Fate,3
mochizuki_chiyome_(jiangshi_attack)_(fate),mochizuki_chiyome_(fate),1,Fate,3
asterios_(traveling_outfit)_(fate),asterios_(fate),1,Fate,3
gilgamesh_(caster)_(check_ready)_(fate),gilgamesh_(fate),1,Fate,3
bedivere_(exhibition_attire)_(fate),bedivere_(fate),1,Fate,3
bedivere_(rounds_beach)_(fate),bedivere_(fate),1,Fate,3
gawain_(rounds_on_ice)_(fate),gawain_(fate),1,Fate,3
tezcatlipoca_(chinese_ver._8th_anniversary)_(fate),tezcatlipoca_(fate),1,Fate,3
nezha_(berserker)_(fate),nezha_(fate),1,Fate,3
georgios_(freeze_frame)_(fate),georgios_(fate),1,Fate,3
ishtar_(goddesses'_fortune_slip)_(fate),ishtar_(fate),1,Fate,3
hildr_(welcome_to_the_traveling_circus!)_(fate),hildr_(fate),1,Fate,3
ortlinde_(welcome_to_the_traveling_circus!)_(fate),ortlinde_(fate),1,Fate,3
li_shuwen_(bar-troia)_(fate),li_shuwen_(fate),1,Fate,3
robin_hood_(supreme_place_of_learning)_(fate),robin_hood_(fate),1,Fate,3
caligula_(supreme_place_of_learning)_(fate),caligula_(fate),1,Fate,3
edward_teach_(snow_pirates)_(fate),edward_teach_(fate),1,Fate,3
mary_read_(snow_pirates)_(fate),mary_read_(fate),1,Fate,3
paul_bunyan_(snow_pirates)_(fate),paul_bunyan_(fate),1,Fate,3
merlin_(dream_portrait)_(fate),merlin_(fate),1,Fate,3
okada_izou_(dream_portrait)_(fate),okada_izou_(fate),1,Fate,3
achilles_(event_portrait)_(fate),achilles_(fate),1,Fate,3
saitou_hajime_(event_portrait)_(fate),saitou_hajime_(fate),1,Fate,3
amakusa_shirou_(exhibition_attire)_(fate),amakusa_shirou_(fate),1,Fate,3
hans_christian_andersen_(writer's_high)_(fate),hans_christian_andersen_(fate),1,Fate,3
sakata_kintoki_(animejapan_2024)_(fate),sakata_kintoki_(fate),1,Fate,3
sakata_kintoki_(golden_trails)_(fate),sakata_kintoki_(fate),1,Fate,3
europa_(white_garden)_(fate),europa_(fate),1,Fate,3
mochizuki_chiyome_(snake_senpais)_(fate),mochizuki_chiyome_(fate),1,Fate,3
kiyohime_(photo_studio)_(fate),kiyohime_(fate),1,Fate,3
suzuka_gozen_(photo_studio)_(fate),suzuka_gozen_(fate),1,Fate,3
medea_lily_(bestia_del_sol)_(fate),medea_lily_(fate),1,Fate,3
nursery_rhyme_(adventure_in_the_kids'_kingdom)_(fate),nursery_rhyme_(fate),1,Fate,3
jeanne_d'arc_alter_santa_lily_(adventure_in_the_kids'_kingdom)_(fate),jeanne_d'arc_alter_santa_lily_(fate),1,Fate,3
archer_(mister_red_gadget)_(fate),archer_(fate),1,Fate,3
archer_(izome_the_first_arrow)_(fate),archer_(fate),1,Fate,3
gilgamesh_(partake_with_the_king)_(fate),gilgamesh_(fate),1,Fate,3
paracelsus_von_hohenheim_(the_professors'_lunchtime)_(fate),paracelsus_von_hohenheim_(fate),1,Fate,3
yamanami_keisuke_(the_professors'_lunchtime)_(fate),yamanami_keisuke_(fate),1,Fate,3
mysterious_heroine_x_(fgo_mart)_(fate),mysterious_heroine_x_(fate),1,Fate,3
jeanne_d'arc_(holy_night_sign)_(fate),jeanne_d'arc_(fate),1,Fate,3
billy_the_kid_(sunset_jam)_(fate),billy_the_kid_(fate),1,Fate,3
geronimo_(sunset_jam)_(fate),geronimo_(fate),1,Fate,3
gareth_(with_my_family)_(fate),gareth_(fate),1,Fate,3
gawain_(with_my_family)_(fate),gawain_(fate),1,Fate,3
oda_nobunaga_(fgo_fes._2024)_(fate),oda_nobunaga_(fate),1,Fate,3
ozymandias_(chinese_ver._5th_anniversary)_(fate),ozymandias_(fate),1,Fate,3
hassan_of_serenity_(secret_company_assassin)_(fate),hassan_of_serenity_(fate),1,Fate,3
saber_(fgo_x_google_play)_(fate),saber_(fate),1,Fate,3
kama_(comiket_96)_(fate),kama_(fate),1,Fate,3
yan_qing_(splat_gun)_(fate),yan_qing_(fate),1,Fate,3
mordred_(phantasma)_(fate),mordred_(fate),1,Fate,3
mordred_(type-moon_ace_vol._12)_(fate),mordred_(fate),1,Fate,3
arthur_pendragon_(into_the_spring)_(fate),arthur_pendragon_(fate),1,Fate,3
sherlock_holmes_(fgo_shanghai_expo)_(fate),sherlock_holmes_(fate),1,Fate,3
beowulf_(dragon_hunting)_(fate),beowulf_(fate),1,Fate,3
yagyuu_munenori_(storms_and_waves)_(fate),yagyuu_munenori_(fate),1,Fate,3
iskandar_(loppi_hmv_rider)_(fate),iskandar_(fate),1,Fate,3
iskandar_(muscle_bullet)_(fate),iskandar_(fate),1,Fate,3
ivan_the_terrible_(muscle_bullet)_(fate),ivan_the_terrible_(fate),1,Fate,3
katsushika_hokusai_(pilgrimage_on_the_starry_night)_(fate),katsushika_hokusai_(fate),1,Fate,3
anastasia_(fgo_fes._2025)_(fate),anastasia_(fate),1,Fate,3
okada_izou_(sengoku_freestyle)_(fate),okada_izou_(fate),1,Fate,3
child_gilgamesh_(over_the_same_sky)_(fate),child_gilgamesh_(fate),1,Fate,3
sitonai_(princess_in_silks)_(fate),sitonai_(fate),1,Fate,3
heracles_(princess_in_silks)_(fate),heracles_(fate),1,Fate,3
osakabehime_(over_the_same_sky)_(fate),osakabehime_(fate),1,Fate,3
bhima_(brothers_special)_(fate),bhima_(fate),1,Fate,3
medusa_(sweet_flower)_(fate),medusa_(fate),1,Fate,3
saber_(fgo_fes._2024)_(fate),saber_(fate),1,Fate,3
miyamoto_musashi_(fgo_x_lawson_2018)_(fate),miyamoto_musashi_(fate),1,Fate,3
meltryllis_(mysterious_forest)_(fate),meltryllis_(fate),1,Fate,3
jason_(kyomaf_2020)_(fate),jason_(fate),1,Fate,3
mandricardo_(kyomaf_2020)_(fate),mandricardo_(fate),1,Fate,3
abigail_williams_(fgo_fes._2022)_(fate),abigail_williams_(fate),1,Fate,3
meltryllis_(fgo_fes._2020)_(fate),meltryllis_(fate),1,Fate,3
achilles_(sega_collab_cafe)_(fate),achilles_(fate),1,Fate,3
oryou_(hotel_chaldea)_(fate),oryou_(fate),1,Fate,3
caenis_(comiket_103)_(fate),caenis_(fate),1,Fate,3
voyager_(delivery_healing)_(fate),voyager_(fate),1,Fate,3
captain_nemo_(delivery_healing)_(fate),captain_nemo_(fate),1,Fate,3
ortlinde_(fgo_fes._2021)_(fate),ortlinde_(fate),1,Fate,3
senji_muramasa_(douman_tv_shop)_(fate),senji_muramasa_(fate),1,Fate,3
kiyohime_(celebratory_attire)_(fate),kiyohime_(fate),1,Fate,3
nitocris_(over_the_same_sky)_(fate),nitocris_(fate),1,Fate,3
sherlock_holmes_(celebratory_attire)_(fate),sherlock_holmes_(fate),1,Fate,3
artoria_caster_(chinese_ver._new_year_2025)_(fate),artoria_caster_(fate),1,Fate,3
ashiya_douman_(fgo_mart)_(fate),ashiya_douman_(fate),1,Fate,3
medb_(fgo_x_lawson_2017)_(fate),medb_(fate),1,Fate,3
hijikata_toshizou_(demonic_parade)_(fate),hijikata_toshizou_(fate),1,Fate,3
bedivere_(celebratory_attire)_(fate),bedivere_(fate),1,Fate,3
biscione_(celebratory_attire)_(fate),biscione_(fate),1,Fate,3
mandricardo_(celebratory_attire)_(fate),mandricardo_(fate),1,Fate,3
medea_(over_the_same_sky)_(fate),medea_(fate),1,Fate,3
nitocris_alter_(celebratory_attire)_(fate),nitocris_alter_(fate),1,Fate,3
saika_magoichi_(celebratory_attire)_(fate),saika_magoichi_(fate),1,Fate,3
takasugi_shinsaku_(celebratory_attire)_(fate),takasugi_shinsaku_(fate),1,Fate,3
ushiwakamaru_(celebratory_attire)_(fate),ushiwakamaru_(fate),1,Fate,3
tezcatlipoca_(capricious)_(fate),tezcatlipoca_(fate),1,Fate,3
tenochtitlan_(satellite_station_23-24)_(fate),tenochtitlan_(fate),1,Fate,3
takasugi_shinsaku_(hotel_chaldea)_(fate),takasugi_shinsaku_(fate),1,Fate,3
bhima_(matsuyuki_cocokara)_(fate),bhima_(fate),1,Fate,3
kriemhild_(swimsuit_rider)_(third_ascension)_(fate),kriemhild_(fate),1,Fate,3
koyanskaya_(matsuyuki_cocokara)_(fate),koyanskaya_(fate),1,Fate,3
tutankhamun_(sun_boat)_(fate),tutankhamun_(fate),1,Fate,3
ibaraki_douji_(over_the_same_sky)_(fate),ibaraki_douji_(fate),1,Fate,3
shuten_douji_(over_the_same_sky)_(fate),shuten_douji_(fate),1,Fate,3
mordred_(over_the_same_sky)_(fate),mordred_(fate),1,Fate,3
locusta_(over_the_same_sky)_(fate),locusta_(fate),1,Fate,3
vritra_(over_the_same_sky)_(fate),vritra_(fate),1,Fate,3
dante_alighieri_(kyomaf_2025)_(fate),dante_alighieri_(fate),1,Fate,3
atalanta_(grand_journey)_(fate),atalanta_(fate),1,Fate,3
metatron_jeanne_(kyomaf_2025)_(fate),metatron_jeanne_(fate),1,Fate,3
takasugi_shinsaku_(over_the_same_sky)_(fate),takasugi_shinsaku_(fate),1,Fate,3
dobrynya_nikitich_(over_the_same_sky)_(fate),dobrynya_nikitich_(fate),1,Fate,3
bradamante_(over_the_same_sky)_(fate),bradamante_(fate),1,Fate,3
euryale_(over_the_same_sky)_(fate),euryale_(fate),1,Fate,3
kama_(third_ascension)_(fate),kama_(fate),1,Fate,3
scathach_(chaldea_palace)_(fate),scathach_(fate),1,Fate,3
andromeda_(over_the_same_sky)_(fate),andromeda_(fate),1,Fate,3
kriemhild_(over_the_same_sky)_(fate),kriemhild_(fate),1,Fate,3
arjuna_(present_for_you)_(fate),arjuna_(fate),1,Fate,3
saber_(google_play)_(fate),saber_(fate),1,Fate,3
karna_(pasela_resorts)_(fate),karna_(fate),1,Fate,3
percival_(over_the_same_sky)_(fate),percival_(fate),1,Fate,3
medb_(lawson)_(fate),medb_(fate),1,Fate,3
hippolyta_(final_ascension)_(fate),hippolyta_(fate),1,Fate,3
miyamoto_musashi_(over_the_same_sky)_(fate),miyamoto_musashi_(fate),1,Fate,3
miyamoto_musashi_(lawson_2018)_(fate),miyamoto_musashi_(fate),1,Fate,3
gilgamesh_(american_diner)_(fate),gilgamesh_(fate),1,Fate,3
boudica_(mama's_ears)_(fate),boudica_(fate),1,Fate,3
richard_i_(american_diner)_(fate),richard_i_(fate),1,Fate,3
parvati_(festival_outfit)_(fate),parvati_(fate),1,Fate,2
robin_hood_(festival_outfit)_(fate),robin_hood_(fate),1,Fate,2
yan_qing_(festival_outfit)_(fate),yan_qing_(fate),1,Fate,2
galatea_(melty_love)_(fate),galatea_(fate),1,Fate,2
leonardo_da_vinci_(irohanihoheto)_(fate),leonardo_da_vinci_(fate),1,Fate,2
arjuna_(chaldea_park_caravan)_(fate),arjuna_(fate),1,Fate,2
karna_(chaldea_park_caravan)_(fate),karna_(fate),1,Fate,2
leonardo_da_vinci_(chaldea_park_caravan)_(fate),leonardo_da_vinci_(fate),1,Fate,2
bedivere_(under_the_same_sky)_(fate),bedivere_(fate),1,Fate,2
gilgamesh_(the_sun_and_gold_gamblers)_(fate),gilgamesh_(fate),1,Fate,2
ozymandias_(the_sun_and_gold_gamblers)_(fate),ozymandias_(fate),1,Fate,2
thomas_edison_(junk_shop)_(fate),thomas_edison_(fate),1,Fate,2
thomas_edison_(planet_rock)_(fate),thomas_edison_(fate),1,Fate,2
euryale_(all_three_together)_(fate),euryale_(fate),1,Fate,2
medusa_(all_three_together)_(fate),medusa_(fate),1,Fate,2
medea_(dear_friend)_(fate),medea_(fate),1,Fate,2
circe_(witches'_kitchen)_(fate),circe_(fate),1,Fate,2
david_(party_time)_(fate),david_(fate),1,Fate,2
alexander_(winter_thanksgiving_festival)_(fate),alexander_(fate),1,Fate,2
cleopatra_(winter_thanksgiving_festival)_(fate),cleopatra_(fate),1,Fate,2
fuuma_kotarou_(the_unmanipulatable_ones)_(fate),fuuma_kotarou_(fate),1,Fate,2
li_shuwen_(frozen_war-bear)_(fate),li_shuwen_(fate),1,Fate,2
nezha_(frozen_war-bear)_(fate),nezha_(fate),1,Fate,2
nezha_(hao_chi?)_(fate),nezha_(fate),1,Fate,2
chevalier_d'eon_(the_princess'_pilgrimage)_(fate),chevalier_d'eon_(fate),1,Fate,2
kiyohime_(hell's_kitchen)_(fate),kiyohime_(fate),1,Fate,2
cleopatra_(show_time)_(fate),cleopatra_(fate),1,Fate,2
arthur_pendragon_(cafe_camelot)_(fate),arthur_pendragon_(fate),1,Fate,2
christopher_columbus_(greatest_ocean)_(fate),christopher_columbus_(fate),1,Fate,2
edward_teach_(greatest_ocean)_(fate),edward_teach_(fate),1,Fate,2
arjuna_alter_(blue_illusion)_(fate),arjuna_alter_(fate),1,Fate,2
prince_of_lan_ling_(moonlit_night_encounter)_(fate),prince_of_lan_ling_(fate),1,Fate,2
medusa_(armed_gorgon)_(fate),medusa_(fate),1,Fate,2
nero_claudius_(idol_emperor_red_saber)_(fate),nero_claudius_(fate),1,Fate,2
altera_(altera_next_door)_(fate),altera_(fate),1,Fate,2
gawain_(sun_set_sun)_(fate),gawain_(fate),1,Fate,2
gilgamesh_(sumerian_garb)_(fate),gilgamesh_(fate),1,Fate,2
elizabeth_bathory_(dragon_magician_girl)_(fate),elizabeth_bathory_(fate),1,Fate,2
avicebron_(apocrypha_epilogue)_(fate),avicebron_(fate),1,Fate,2
jeanne_d'arc_(apocrypha_epilogue)_(fate),jeanne_d'arc_(fate),1,Fate,2
sieg_(apocrypha_epilogue)_(fate),sieg_(fate),1,Fate,2
atalanta_alter_(dear_friend)_(fate),atalanta_alter_(fate),1,Fate,2
kiyohime_(animejapan_2019)_(fate),kiyohime_(fate),1,Fate,2
sakata_kintoki_(animejapan_2019)_(fate),sakata_kintoki_(fate),1,Fate,2
mordred_(camelot_lesson)_(fate),mordred_(fate),1,Fate,2
mandricardo_(dream_portrait)_(fate),mandricardo_(fate),1,Fate,2
billy_the_kid_(dream_portrait)_(fate),billy_the_kid_(fate),1,Fate,2
tamamo_no_mae_(mikotto!_bride_training)_(fate),tamamo_no_mae_(fate),1,Fate,2
mordred_(event_portrait)_(fate),mordred_(fate),1,Fate,2
osakabehime_(hell's_kitchen)_(fate),osakabehime_(fate),1,Fate,2
boudica_(lake_shore_heavenly_nymphs)_(fate),boudica_(fate),1,Fate,2
arash_(fgo_fes._2019)_(fate),arash_(fate),1,Fate,2
king_hassan_(fgo_fes._2019)_(fate),king_hassan_(fate),1,Fate,2
miyamoto_musashi_(fgo_fes._2019)_(fate),miyamoto_musashi_(fate),1,Fate,2
merlin_(fgo_fes._2019)_(fate),merlin_(fate),1,Fate,2
taisui_xingjun_(winter_party)_(fate),taisui_xingjun_(fate),1,Fate,2
arthur_pendragon_(winter_party)_(fate),arthur_pendragon_(fate),1,Fate,2
daikokuten_(second_ascension)_(fate),daikokuten_(fate),1,Fate,2
captain_nemo_(fgo_fes._2022)_(fate),captain_nemo_(fate),1,Fate,2
andromeda_(exhibition_attire)_(fate),andromeda_(fate),1,Fate,2
mysterious_heroine_x_(exhibition_attire)_(fate),mysterious_heroine_x_(fate),1,Fate,2
cnoc_na_riabh_(exhibition_attire)_(fate),cnoc_na_riabh_(fate),1,Fate,2
mandricardo_(kyomaf_2024)_(fate),mandricardo_(fate),1,Fate,2
miyamoto_musashi_(male)_(fate),miyamoto_musashi_(fate),1,Fate,2
captain_nemo_(chaldea_eleven)_(fate),captain_nemo_(fate),1,Fate,2
taigong_wang_(commentator_of_flowers)_(fate),taigong_wang_(fate),1,Fate,2
katsushika_hokusai_(fgo_x_kyoto_rikyuen)_(fate),katsushika_hokusai_(fate),1,Fate,2
nero_claudius_(fgo_x_kyoto_rikyuen)_(fate),nero_claudius_(fate),1,Fate,2
gilgamesh_(check_ready)_(fate),gilgamesh_(fate),1,Fate,2
edmond_dantes_(embarking_on_a_new_chapter_arc)_(fate),edmond_dantes_(fate),1,Fate,2
sasaki_kojirou_(exhibition_attire)_(fate),sasaki_kojirou_(fate),1,Fate,2
tomoe_gozen_(someday_we_can_cross_through_the_river_of_stars)_(fate),tomoe_gozen_(fate),1,Fate,2
mysterious_ranmaru_x_(dream_portrait)_(fate),mysterious_ranmaru_x_(fate),1,Fate,2
medusa_(andromeda_gear)_(fate),medusa_(fate),1,Fate,2
medea_(year_end_present)_(fate),medea_(fate),1,Fate,2
paracelsus_von_hohenheim_(cafe_camelot)_(fate),paracelsus_von_hohenheim_(fate),1,Fate,2
edmond_dantes_(artificial_rondo)_(fate),edmond_dantes_(fate),1,Fate,2
jason_(tour_outfit)_(fate),jason_(fate),1,Fate,2
bartholomew_roberts_(tour_outfit)_(fate),bartholomew_roberts_(fate),1,Fate,2
hyde_(you_after_the_rain)_(fate),hyde_(fate),1,Fate,2
gaius_julius_caesar_(formal_dress)_(fate),gaius_julius_caesar_(fate),1,Fate,2
medusa_(formal_dress)_(fate),medusa_(fate),1,Fate,2
sasaki_kojirou_(traveling_outfit)_(fate),sasaki_kojirou_(fate),1,Fate,2
sherlock_holmes_(traveling_outfit)_(fate),sherlock_holmes_(fate),1,Fate,2
xuangzang_sanzang_(traveling_outfit)_(fate),xuangzang_sanzang_(fate),1,Fate,2
altera_(princess_fair_as_snow)_(fate),altera_(fate),1,Fate,2
hans_christian_andersen_(supreme_place_of_learning)_(fate),hans_christian_andersen_(fate),1,Fate,2
arash_(splat_gun)_(fate),arash_(fate),1,Fate,2
mandricardo_(fgo_x_takarazuka_kinen)_(fate),mandricardo_(fate),1,Fate,2
oryou_(event_portrait)_(fate),oryou_(fate),1,Fate,2
prince_of_lan_ling_(event_portrait)_(fate),prince_of_lan_ling_(fate),1,Fate,2
takeda_shingen_(exhibition_attire)_(fate),takeda_shingen_(fate),1,Fate,2
ptolemy_(exhibition_attire)_(fate),ptolemy_(fate),1,Fate,2
william_shakespeare_(protagonista)_(fate),william_shakespeare_(fate),1,Fate,2
wolfgang_amadeus_mozart_(opera_in_arcade)_(fate),wolfgang_amadeus_mozart_(fate),1,Fate,2
gilles_de_rais_(embarking_on_a_new_chapter_arc)_(fate),gilles_de_rais_(fate),1,Fate,2
jing_ke_(undersea_banquet)_(fate),jing_ke_(fate),1,Fate,2
sakata_kintoki_(bff_bbq)_(fate),sakata_kintoki_(fate),1,Fate,2
asterios_(white_garden)_(fate),asterios_(fate),1,Fate,2
artemis_(color_me_true)_(fate),artemis_(fate),1,Fate,2
medea_lily_(witches'_kitchen)_(fate),medea_lily_(fate),1,Fate,2
archer_(afterglow_of_the_old_days)_(fate),archer_(fate),1,Fate,2
archer_(exclusive_tailor)_(fate),archer_(fate),1,Fate,2
paracelsus_von_hohenheim_(fgo_fes._2022)_(fate),paracelsus_von_hohenheim_(fate),1,Fate,2
archer_(fgo_fes._2022)_(fate),archer_(fate),1,Fate,2
arjuna_(shiva_bathing_suit)_(fate),arjuna_(fate),1,Fate,2
beowulf_(bare_kings)_(fate),beowulf_(fate),1,Fate,2
elizabeth_bathory_(pure_artist)_(fate),elizabeth_bathory_(fate),1,Fate,2
jeanne_d'arc_(sega_collab_cafe)_(fate),jeanne_d'arc_(fate),1,Fate,2
mordred_(a_light_lunch)_(fate),mordred_(fate),1,Fate,2
agravain_(with_my_family)_(fate),agravain_(fate),1,Fate,2
ozymandias_(celebration_bouquet)_(fate),ozymandias_(fate),1,Fate,2
scathach_(rune_priestess_garb)_(fate),scathach_(fate),1,Fate,2
atalanta_(under_the_same_sky)_(fate),atalanta_(fate),1,Fate,2
arjuna_(type-moon_ace_vol._13)_(fate),arjuna_(fate),1,Fate,2
christopher_columbus_(the_final_case)_(fate),christopher_columbus_(fate),1,Fate,2
iskandar_(battle_president)_(fate),iskandar_(fate),1,Fate,2
hyde_(fgo_fes._2019)_(fate),hyde_(fate),1,Fate,2
shuten_douji_(fgo_fes._2018)_(fate),shuten_douji_(fate),1,Fate,2
ibaraki_douji_(chaldea_gaming_binge)_(fate),ibaraki_douji_(fate),1,Fate,2
achilles_(climbing_battle)_(fate),achilles_(fate),1,Fate,2
scheherazade_(song_of_slumber)_(fate),scheherazade_(fate),1,Fate,2
sakamoto_ryouma_(coal_lava)_(fate),sakamoto_ryouma_(fate),1,Fate,2
takeda_shingen_(coal_lava)_(fate),takeda_shingen_(fate),1,Fate,2
ortlinde_(winter_party)_(fate),ortlinde_(fate),1,Fate,2
hildr_(winter_party)_(fate),hildr_(fate),1,Fate,2
artoria_pendragon_(lancer)_(comiket_104)_(fate),artoria_pendragon_(fate),1,Fate,2
jeanne_d'arc_(animejapan_2024)_(fate),jeanne_d'arc_(fate),1,Fate,2
sitonai_(chaldea_palace)_(fate),sitonai_(fate),1,Fate,2
prince_of_lan_ling_(chaldea_stars)_(fate),prince_of_lan_ling_(fate),1,Fate,2
artoria_caster_(english_ver._6th_anniversary)_(fate),artoria_caster_(fate),1,Fate,2
artoria_caster_(type-moon_ace_vol._14)_(fate),artoria_caster_(fate),1,Fate,2
carmilla_(desert_maiden)_(fate),carmilla_(fate),1,Fate,2
enkidu_(fgo_x_pasela_resorts)_(fate),enkidu_(fate),1,Fate,2
quetzalcoatl_(type-moon_ace_vol._12)_(fate),quetzalcoatl_(fate),1,Fate,2
merlin_(our_round_table)_(fate),merlin_(fate),1,Fate,2
miyamoto_musashi_(fgo_x_lawson_2023)_(fate),miyamoto_musashi_(fate),1,Fate,2
ashwatthama_(blowin'_in_the_twilight_wind)_(fate),ashwatthama_(fate),1,Fate,2
leonardo_da_vinci_(fgo_fes._2024)_(fate),leonardo_da_vinci_(fate),1,Fate,2
leonardo_da_vinci_(u-fou_catcher)_(fate),leonardo_da_vinci_(fate),1,Fate,2
paris_(god's_deal)_(fate),paris_(fate),1,Fate,2
sherlock_holmes_(new_year's_mystique)_(fate),sherlock_holmes_(fate),1,Fate,2
leonardo_da_vinci_(new_year's_mystique)_(fate),leonardo_da_vinci_(fate),1,Fate,2
ishtar_(fgo_x_lawson_2020)_(fate),ishtar_(fate),1,Fate,2
mandricardo_(club_argonauts)_(fate),mandricardo_(fate),1,Fate,2
chiron_(sega_collab_cafe)_(fate),chiron_(fate),1,Fate,2
sakamoto_ryouma_(luluhawa_island)_(fate),sakamoto_ryouma_(fate),1,Fate,2
oryou_(luluhawa_island)_(fate),oryou_(fate),1,Fate,2
caenis_(hawatoria_pavilion)_(fate),caenis_(fate),1,Fate,2
voyager_(kyomaf_2023)_(fate),voyager_(fate),1,Fate,2
voyager_(fgo_fes._2022)_(fate),voyager_(fate),1,Fate,2
melusine_(grand_journey)_(fate),melusine_(fate),1,Fate,2
ashiya_douman_(douman_tv_shop)_(fate),ashiya_douman_(fate),1,Fate,2
kingprotea_(hands_full_of...)_(fate),kingprotea_(fate),1,Fate,2
achilles_(celebratory_attire)_(fate),achilles_(fate),1,Fate,2
christopher_columbus_(celebratory_attire)_(fate),christopher_columbus_(fate),1,Fate,2
setanta_(celebratory_attire)_(fate),setanta_(fate),1,Fate,2
nitocris_(dream_striker)_(fate),nitocris_(fate),1,Fate,2
mandricardo_(animate_girls_festival_2021)_(fate),mandricardo_(fate),1,Fate,2
mandricardo_(fgo_fes._2020)_(fate),mandricardo_(fate),1,Fate,2
caenis_(dumbbell_nan_ton_moteru?)_(fate),caenis_(fate),1,Fate,2
saitou_hajime_(grand_life_agent)_(fate),saitou_hajime_(fate),1,Fate,2
constantine_xi_(grand_life_agent)_(fate),constantine_xi_(fate),1,Fate,2
ashiya_douman_(brd)_(fate),ashiya_douman_(fate),1,Fate,2
taigong_wang_(budding_angler)_(fate),taigong_wang_(fate),1,Fate,2
charlemagne_(hotel_chaldea)_(fate),charlemagne_(fate),1,Fate,2
charlemagne_(saber_wars_pavilion)_(fate),charlemagne_(fate),1,Fate,2
tomoe_gozen_(fgo_x_lawson_2018)_(fate),tomoe_gozen_(fate),1,Fate,2
antonio_salieri_(fgo_x_lawson_2018)_(fate),antonio_salieri_(fate),1,Fate,2
charles-henri_sanson_(celebratory_attire)_(fate),charles-henri_sanson_(fate),1,Fate,2
frankenstein's_monster_(celebratory_attire)_(fate),frankenstein's_monster_(fate),1,Fate,2
kiichi_hogen_(celebratory_attire)_(fate),kiichi_hogen_(fate),1,Fate,2
nikola_tesla_(celebratory_attire)_(fate),nikola_tesla_(fate),1,Fate,2
queen_of_sheba_(celebratory_attire)_(fate),queen_of_sheba_(fate),1,Fate,2
shi_huang_di_(celebratory_attire)_(fate),shi_huang_di_(fate),1,Fate,2
xiang_yu_(celebratory_attire)_(fate),xiang_yu_(fate),1,Fate,2
huyan_zhuo_(satellite_station_23-24)_(fate),huyan_zhuo_(fate),1,Fate,2
kukulkan_(korean_ver._7th_anniversary)_(fate),kukulkan_(fate),1,Fate,2
nitocris_alter_(korean_ver._7th_anniversary)_(fate),nitocris_alter_(fate),1,Fate,2
tenochtitlan_(korean_ver._7th_anniversary)_(fate),tenochtitlan_(fate),1,Fate,2
tezcatlipoca_(korean_ver._7th_anniversary)_(fate),tezcatlipoca_(fate),1,Fate,2
semiramis_(empress_quest)_(fate),semiramis_(fate),1,Fate,2
van_gogh_(sun_boat)_(fate),van_gogh_(fate),1,Fate,2
morgan_le_fay_(fgo_fes._2025)_(fate),morgan_le_fay_(fate),1,Fate,2
karna_(fate/extella_link_x_treevillage)_(fate),karna_(fate),1,Fate,2
baobhan_sith_(secret_closet)_(fate),baobhan_sith_(fate),1,Fate,2
habetrot_(secret_closet)_(fate),habetrot_(fate),1,Fate,2
miss_crane_(secret_closet)_(fate),miss_crane_(fate),1,Fate,2
taigong_wang_(grand_journey)_(fate),taigong_wang_(fate),1,Fate,2
saber_(over_the_cuckoo's_nest)_(fate),saber_(fate),1,Fate,2
hassan_of_the_cursed_arm_(secret_company_assassin)_(fate),hassan_of_the_cursed_arm_(fate),1,Fate,2
jing_ke_(secret_company_assassin)_(fate),jing_ke_(fate),1,Fate,2
king_hassan_(secret_company_assassin)_(fate),king_hassan_(fate),1,Fate,2
gilgamesh_(chinese_ver._5th_anniversary)_(fate),gilgamesh_(fate),1,Fate,2
saber_(chinese_ver._5th_anniversary)_(fate),saber_(fate),1,Fate,2
shi_huang_di_(chinese_ver._5th_anniversary)_(fate),shi_huang_di_(fate),1,Fate,2
ashiya_douman_(chinese_ver._9th_anniversary)_(fate),ashiya_douman_(fate),1,Fate,2
ereshkigal_(chinese_ver._9th_anniversary)_(fate),ereshkigal_(fate),1,Fate,2
meltryllis_(chinese_ver._9th_anniversary)_(fate),meltryllis_(fate),1,Fate,2
the_count_of_monte_cristo_(chinese_ver._9th_anniversary)_(fate),the_count_of_monte_cristo_(fate),1,Fate,2
queen_of_sheba_(queen's_voyage)_(fate),queen_of_sheba_(fate),1,Fate,2
antonio_salieri_(lawson)_(fate),antonio_salieri_(fate),1,Fate,2
ishtar_(lawson_2020)_(fate),ishtar_(fate),1,Fate,2
miyamoto_musashi_(lawson_2023)_(fate),miyamoto_musashi_(fate),1,Fate,2
tomoe_gozen_(lawson)_(fate),tomoe_gozen_(fate),1,Fate,2
katsushika_hokusai_(kyoto_rikyuen)_(fate),katsushika_hokusai_(fate),1,Fate,2
nero_claudius_(kyoto_rikyuen)_(fate),nero_claudius_(fate),1,Fate,2
enkidu_(pasela_resorts)_(fate),enkidu_(fate),1,Fate,2
sigurd_(light_of_night)_(fate),sigurd_(fate),1,Fate,2
arjuna_(pasela_resorts)_(fate),arjuna_(fate),1,Fate,2
mandricardo_(takarazuka_kinen)_(fate),mandricardo_(fate),1,Fate,2
medusa_(masque_du_gorgon)_(fate),medusa_(fate),1,Fate,2
odysseus_(the_everlasting_troy)_(fate),odysseus_(fate),1,Fate,2
captain_nemo_(atlas'_amulet)_(fate),captain_nemo_(fate),1,Fate,2
enkidu_(american_diner)_(fate),enkidu_(fate),1,Fate,2
okita_souji_(breaching)_(fate),okita_souji_(fate),1,Fate,2
metatron_jeanne_(rondo_of_performance)_(fate),metatron_jeanne_(fate),1,Fate,2
dante_alighieri_(hotel_chaldea)_(fate),dante_alighieri_(fate),1,Fate,2
hans_christian_andersen_(the_souq)_(fate),hans_christian_andersen_(fate),1,Fate,2
charlotte_corday_(over_the_same_sky)_(fate),charlotte_corday_(fate),1,Fate,2
enkidu_(the_chara_cafe)_(fate),enkidu_(fate),1,Fate,2
gilgamesh_(the_chara_cafe)_(fate),gilgamesh_(fate),1,Fate,2
karna_(hotel_chaldea)_(fate),karna_(fate),1,Fate,2
arjuna_(hotel_chaldea)_(fate),arjuna_(fate),1,Fate,2
kazuradrop_(atom_micros_murian_foot)_(fate),kazuradrop_(fate),1,Fate,2
ganesha_(portable_modak)_(fate),ganesha_(fate),1,Fate,2
senji_muramasa_(animejapan_2026)_(fate),senji_muramasa_(fate),1,Fate,2
miyamoto_iori_(animejapan_2026)_(fate),miyamoto_iori_(fate),1,Fate,2
charlemagne_(ever_dark)_(fate),charlemagne_(fate),1,Fate,2
georgios_(third_ascension)_(fate),georgios_(fate),1,Fate,2
georgios_(first_ascension)_(fate),georgios_(fate),1,Fate,2
abigail_williams_(animejapan_2026)_(fate),abigail_williams_(fate),1,Fate,2
miss_crane_(a_stitch_of_sincerity)_(fate),miss_crane_(fate),1,Fate,2
hans_christian_andersen_(service_games)_(fate),hans_christian_andersen_(fate),1,Fate,2
child_gilgamesh_(service_games)_(fate),child_gilgamesh_(fate),1,Fate,2
kukulkan_(ancient_mexico_exhibition)_(fate),kukulkan_(fate),1,Fate,2
salome_(horror_concierge)_(fate),salome_(fate),1,Fate,1
ishtar_(chaldea_park_caravan)_(fate),ishtar_(fate),1,Fate,1
gawain_(british_waiter)_(fate),gawain_(fate),1,Fate,1
li_shuwen_(mr._li's_ruffian_get-up)_(fate),li_shuwen_(fate),1,Fate,1
altera_(planetary_arabian)_(fate),altera_(fate),1,Fate,1
francis_drake_(wild_western)_(fate),francis_drake_(fate),1,Fate,1
kyokutei_bakin_(past)_(fate),kyokutei_bakin_(fate),1,Fate,1
kriemhild_(smile_knight)_(fate),kriemhild_(fate),1,Fate,1
britomart_(exhibition_attire)_(fate),britomart_(fate),1,Fate,1
merlin_(fgo_x_kyoto_rikyuen)_(fate),merlin_(fate),1,Fate,1
taigong_wang_(fgo_x_kyoto_rikyuen)_(fate),taigong_wang_(fate),1,Fate,1
frankenstein's_monster_(event_portrait)_(fate),frankenstein's_monster_(fate),1,Fate,1
nezha_(event_portrait)_(fate),nezha_(fate),1,Fate,1
leonardo_da_vinci_(dream_portrait)_(fate),leonardo_da_vinci_(fate),1,Fate,1
antonio_salieri_(future_encounter)_(fate),antonio_salieri_(fate),1,Fate,1
wolfgang_amadeus_mozart_(future_encounter)_(fate),wolfgang_amadeus_mozart_(fate),1,Fate,1
jaguarman_(formal_dress)_(fate),jaguarman_(fate),1,Fate,1
hassan_of_the_cursed_arm_(formal_dress)_(fate),hassan_of_the_cursed_arm_(fate),1,Fate,1
david_(traveling_outfit)_(fate),david_(fate),1,Fate,1
yagyuu_munenori_(traveling_outfit)_(fate),yagyuu_munenori_(fate),1,Fate,1
altera_(shooting_star_pilot_king)_(fate),altera_(fate),1,Fate,1
arash_(dream_portrait)_(fate),arash_(fate),1,Fate,1
christopher_columbus_(dream_portrait)_(fate),christopher_columbus_(fate),1,Fate,1
alexander_(fgo_x_takarazuka_kinen)_(fate),alexander_(fate),1,Fate,1
asclepius_(event_portrait)_(fate),asclepius_(fate),1,Fate,1
okada_izou_(event_portrait)_(fate),okada_izou_(fate),1,Fate,1
sakamoto_ryouma_(event_portrait)_(fate),sakamoto_ryouma_(fate),1,Fate,1
shi_huang_di_(event_portrait)_(fate),shi_huang_di_(fate),1,Fate,1
jason_(exhibition_attire)_(fate),jason_(fate),1,Fate,1
yan_qing_(exhibition_attire)_(fate),yan_qing_(fate),1,Fate,1
fuuma_kotarou_(exhibition_attire)_(fate),fuuma_kotarou_(fate),1,Fate,1
hans_christian_andersen_(firefighter's_spirit)_(fate),hans_christian_andersen_(fate),1,Fate,1
jeanne_d'arc_(animate_cafe)_(fate),jeanne_d'arc_(fate),1,Fate,1
francis_drake_(sweets_paradise)_(fate),francis_drake_(fate),1,Fate,1
florence_nightingale_(sweets_paradise)_(fate),florence_nightingale_(fate),1,Fate,1
johanna_(second_ascension)_(fate),johanna_(fate),1,Fate,1
astolfo_(fgo_fes._2020)_(fate),astolfo_(fate),1,Fate,1
jeanne_d'arc_alter_(animate_cafe)_(fate),jeanne_d'arc_alter_(fate),1,Fate,1
edmond_dantes_(animate_cafe)_(fate),edmond_dantes_(fate),1,Fate,1
cu_chulainn_alter_(pop_up_shop)_(fate),cu_chulainn_alter_(fate),1,Fate,1
li_shuwen_(divine_spear's_combat_outfit)_(fate),li_shuwen_(fate),1,Fate,1
iskandar_(waku_waku_colorful_ericeland)_(fate),iskandar_(fate),1,Fate,1
karna_(waku_waku_colorful_ericeland)_(fate),karna_(fate),1,Fate,1
watanabe_no_tsuna_(waku_waku_colorful_ericeland)_(fate),watanabe_no_tsuna_(fate),1,Fate,1
ereshkigal_(animate_cafe)_(fate),ereshkigal_(fate),1,Fate,1
shuten_douji_(pop_up_shop)_(fate),shuten_douji_(fate),1,Fate,1
ibaraki_douji_(pop_up_shop)_(fate),ibaraki_douji_(fate),1,Fate,1
minamoto_no_raikou_(oh!_e-yama_ghost_i_scream)_(fate),minamoto_no_raikou_(fate),1,Fate,1
sakata_kintoki_(oh!_e-yama_ghost_i_scream)_(fate),sakata_kintoki_(fate),1,Fate,1
shuten_douji_(oh!_e-yama_ghost_i_scream)_(fate),shuten_douji_(fate),1,Fate,1
gilgamesh_(fgo_fes._2025)_(fate),gilgamesh_(fate),1,Fate,1
meltryllis_(animate_cafe)_(fate),meltryllis_(fate),1,Fate,1
achilles_(animate_girls_festival_2021)_(fate),achilles_(fate),1,Fate,1
tutankhamun_(celebratory_attire)_(fate),tutankhamun_(fate),1,Fate,1
mysterious_heroine_xx_(celebratory_attire)_(fate),mysterious_heroine_xx_(fate),1,Fate,1
helena_blavatsky_(celebratory_attire)_(fate),helena_blavatsky_(fate),1,Fate,1
vritra_(celebratory_attire)_(fate),vritra_(fate),1,Fate,1
penthesilea_(celebratory_attire)_(fate),penthesilea_(fate),1,Fate,1
arash_(celebratory_attire)_(fate),arash_(fate),1,Fate,1
jaguarman_(celebratory_attire)_(fate),jaguarman_(fate),1,Fate,1
watanabe_no_tsuna_(celebratory_attire)_(fate),watanabe_no_tsuna_(fate),1,Fate,1
wu_zetian_(dream_striker)_(fate),wu_zetian_(fate),1,Fate,1
qin_liangyu_(dream_striker)_(fate),qin_liangyu_(fate),1,Fate,1
mata_hari_(grail_league)_(fate),mata_hari_(fate),1,Fate,1
the_count_of_monte_cristo_(fgo_fes._2025)_(fate),the_count_of_monte_cristo_(fate),1,Fate,1
artoria_caster_(fgo_fes._2022)_(fate),artoria_caster_(fate),1,Fate,1
astolfo_(fate/extella_link_x_treevillage)_(fate),astolfo_(fate),1,Fate,1
karna_(fgo_x_pasela_resorts)_(fate),karna_(fate),1,Fate,1
karna_(type-moon_racing)_(fate),karna_(fate),1,Fate,1
karna_(apocrypha_epilogue)_(fate),karna_(fate),1,Fate,1
miss_crane_(little_tailors)_(fate),miss_crane_(fate),1,Fate,1
jeanne_d'arc_(happy_x3_order)_(fate),jeanne_d'arc_(fate),1,Fate,1
saber_(happy_x3_order)_(fate),saber_(fate),1,Fate,1
cu_chulainn_(grand_journey)_(fate),cu_chulainn_(fate),1,Fate,1
takeda_shingen_(grand_journey)_(fate),takeda_shingen_(fate),1,Fate,1
achilles_(grand_journey)_(fate),achilles_(fate),1,Fate,1
nagao_kagetora_(grand_journey)_(fate),nagao_kagetora_(fate),1,Fate,1
nursery_rhyme_(little_little_bullet)_(fate),nursery_rhyme_(fate),1,Fate,1
paul_bunyan_(little_little_bullet)_(fate),paul_bunyan_(fate),1,Fate,1
paul_bunyan_(filler_flowers)_(fate),paul_bunyan_(fate),1,Fate,1
captain_nemo_(retravel)_(fate),captain_nemo_(fate),1,Fate,1
marine_nemo_(retravel)_(fate),marine_nemo_(fate),1,Fate,1
jeanne_d'arc_(a_perfect_new_year)_(fate),jeanne_d'arc_(fate),1,Fate,1
nitocris_(a_perfect_new_year)_(fate),nitocris_(fate),1,Fate,1
saber_(law_of_the_jungle)_(fate),saber_(fate),1,Fate,1
lancelot_(hand_in_hand)_(fate/grand_order),lancelot_(fate/grand_order),1,Fate,1
georgios_(second_ascension)_(fate),georgios_(fate),1,Fate,1
nero_claudius_(the_chara_cafe)_(fate),nero_claudius_(fate),1,Fate,1
alexander_(takarazuka_kinen)_(fate),alexander_(fate),1,Fate,1
kazuradrop_(as_a_dad)_(fate),kazuradrop_(fate),1,Fate,1
elizabeth_bathory_(pasela_resorts)_(fate),elizabeth_bathory_(fate),1,Fate,1
john_lackland_(second_ascension)_(fate),john_lackland_(fate),1,Fate,1
taigong_wang_(kyoto_rikyuen)_(fate),taigong_wang_(fate),1,Fate,1
nero_claudius_(animejapan_2018)_(fate),nero_claudius_(fate),1,Fate,1
merlin_(kyoto_rikyuen)_(fate),merlin_(fate),1,Fate,1
enkidu_(sweets_paradise)_(fate),enkidu_(fate),1,Fate,1
richard_i_(the_chara_cafe)_(fate),richard_i_(fate),1,Fate,1
medea_(lily)_(witches'_kitchen)_(fate),medea_(fate),1,Fate,0
oryou_(lancer)_(dragon)_(fate),oryou_(fate),1,Fate,0
medea_(lily)_(bestia_del_sol)_(fate),medea_(fate),1,Fate,0
oryou_(lancer)_(third_ascension)_(fate),oryou_(fate),1,Fate,0
atalanta_(alter)_(dear_friend)_(fate),atalanta_(fate),1,Fate,0
okita_souji_(alter)_(an_army_marches_on_its_stomach)_(fate),okita_souji_(fate),1,Fate,0
astraea_(over_the_same_sky)_(fate),astraea_(fate),1,Fate,0
oryou_(lancer)_(fate),oryou_(fate),1,Fate,0
sakamoto_ryouma_(lancer)_(fate),sakamoto_ryouma_(fate),1,Fate,0
arthur_pendragon_(grail_league)_(fate),arthur_pendragon_(fate),1,Fate,0
cu_chulainn_(fate/prototype)_(the_musketeers)_(fate),cu_chulainn_(fate),1,Fate,0
hildr_(welcome_to_the_travelling_circus!)_(fate),hildr_(fate),1,Fate,0
archer_(fgo_fes._2019)_(fate),archer_(fate),1,Fate,0
ushiwakamaru_(swimsuit_assassin)_(fate),ushiwakamaru_(fate),1,Fate,0
medb_(swimsuit_saber)_(fate),medb_(fate),1,Fate,0
ibaraki_douji_(swimsuit_lancer)_(fate),ibaraki_douji_(fate),1,Fate,0
leonardo_da_vinci_(under_the_same_sky)_(fate),leonardo_da_vinci_(fate),1,Fate,0
katsushika_hokusai_(under_the_same_sky)_(fate),katsushika_hokusai_(fate),1,Fate,0
anastasia_(over_the_same_sky)_(fate),anastasia_(fate),1,Fate,0
medea_(witches'_kitchen)_(fate),medea_(fate),1,Fate,0
medea_(bestia_del_sol)_(fate),medea_(fate),1,Fate,0
jeanne_d'arc_alter_(violet_angel)_(fate),jeanne_d'arc_alter_(fate),1,Fate,0
aesc_(9th_anniversary)_(fate),aesc_(fate),1,Fate,0
elizabeth_bathory_(first_ascension)_(fate),elizabeth_bathory_(fate),1,Fate,0
medea_(casual)_(fate),medea_(fate),1,Fate,0
jeanne_d'arc_(distant_pilgrimage)_(fate),jeanne_d'arc_(fate),1,Fate,0
tamamo_cat_(hell's_kitchen)_(fate),tamamo_cat_(fate),1,Fate,0
marie_antoinette_(kyomaf_2024)_(fate),marie_antoinette_(fate),1,Fate,0
scathach_(fgo_fes._2025)_(fate),scathach_(fate),1,Fate,0
biscione_(fate)_(first_ascension)_(fate),biscione_(fate),1,Fate,0
abigail_williams_(welcome_to_the_travelling_circus!)_(fate),abigail_williams_(fate),1,Fate,0
napoleon_bonaparte_(welcome_to_the_travelling_circus!)_(fate),napoleon_bonaparte_(fate),1,Fate,0
robin_hood_(neverland)_(fate),robin_hood_(fate),1,Fate,0
ortlinde_(welcome_to_the_travelling_circus!)_(fate),ortlinde_(fate),1,Fate,0
johanna_(over_the_same_sky)_(fate),johanna_(fate),1,Fate,0
queen_of_sheba_(welcome_to_the_travelling_circus!)_(fate),queen_of_sheba_(fate),1,Fate,0
thrud_(welcome_to_the_travelling_circus!)_(fate),thrud_(fate),1,Fate,0
scathach_(lougewear_mode)_(fate),scathach_(fate),1,Fate,0
gilgamesh_(caster)_(formal_dress)_(fate),gilgamesh_(fate),1,Fate,0
mysterious_heroine_x_(alter)_(traveling_outfit)_(fate),mysterious_heroine_x_(fate),1,Fate,0
wu_zetian_(fgo_fes._2025)_(fate),wu_zetian_(fate),1,Fate,0
baobhan_sith_(swimsuit_pretender)_(fate),baobhan_sith_(fate),1,Fate,0
frankenstein's_monster_(santa)_(fate),frankenstein's_monster_(fate),1,Fate,0
leonardo_da_vinci_(mom)_(fate),leonardo_da_vinci_(fate),1,Fate,0
jeanne_d'arc_(alter)_(festival_outfit)_(fate),jeanne_d'arc_(fate),1,Fate,0
hessian_(grail_league)_(fate),hessian_(fate),1,Fate,0
cu_chulainn_(casual)_(fate),cu_chulainn_(fate),1,Fate,0
siegfried_(over_the_same_sky)_(fate),siegfried_(fate),1,Fate,0
baobhan_sith_(over_the_same-sky)_(fate),baobhan_sith_(fate),1,Fate,0
gilgamesh_(enstablishment)_(fate),gilgamesh_(fate),1,Fate,0
okita_souji_(alter_swimsuit_saber)_(fate),okita_souji_(fate),1,Fate,0
gawain_(fairy_knight)_(fate),gawain_(fate),1,Fate,0
tristan_(fairy_knight)_(fate),tristan_(fate),1,Fate,0
kukulkan_(over_the_same_sky)_(fate),kukulkan_(fate),1,Fate,0
artoria_pendragon_(caster)_(fate),artoria_pendragon_(fate),1,Fate,0
elizabeth_bathory_(fgo_x_pasela_resorts)_(fate),elizabeth_bathory_(fate),1,Fate,0
engineer_nemo_(engineer)_(fate),engineer_nemo_(fate),1,Fate,0
ushiwakamaru_(avenger)_(fate),ushiwakamaru_(fate),1,Fate,0
altera_(over_the_same_sky)_(fate),altera_(fate),1,Fate,0
kukulkan_(fate)_(grail_league)_(fate),kukulkan_(fate),1,Fate,0
tezcatlipoca_(grail_league)_(fate),tezcatlipoca_(fate),1,Fate,0
lilith_(chaldea_satellite_station)_(fate),lilith_(fate),1,Fate,0
asclepius_(9th_anniversary)_(fate),asclepius_(fate),1,Fate,0
sherlock_holmes_(proof_and_rebuttal)_(fate),sherlock_holmes_(fate),1,Fate,0
cu_chulainn_(the_musketeers)_(fate),cu_chulainn_(fate),1,Fate,0
gilgamesh_(archer)_(fate),gilgamesh_(fate),1,Fate,0
gilgamesh_(cold-blooded_warden)_(western)_(fate),gilgamesh_(fate),1,Fate,0
baobhan_sith_(9th_anniversary)_(fate),baobhan_sith_(fate),1,Fate,0
antonio_salieri_(fgo_x_lawson)_(fate),antonio_salieri_(fate),1,Fate,0
ibuki_douji_(fgo_fes._2025)_(fate),ibuki_douji_(fate),1,Fate,0
arthur_pendragon_(alter)_(fate),arthur_pendragon_(fate),1,Fate,0
kukulkan_(fgo_fes._2025)_(fate),kukulkan_(fate),1,Fate,0
wolfgang_amadeus_mozart_(salon_de_marie)_(fate),wolfgang_amadeus_mozart_(fate),1,Fate,0
kama_(first_ascension)_(fate),kama_(fate),1,Fate,0
chevalier_d'eon_(salon_de_marie)_(fate),chevalier_d'eon_(fate),1,Fate,0
charles-henri_sanson_(salon_de_marie)_(fate),charles-henri_sanson_(fate),1,Fate,0
arash_(celebration_bouquet)_(fate),arash_(fate),1,Fate,0
medea_(corrupted_hero)_(fate),medea_(fate),1,Fate,0
henry_jekyll_(glass_full_sweet_time)_(fate),henry_jekyll_(fate),1,Fate,0
diarmuid_ua_duibhne_(glass_full_sweet_time)_(fate),diarmuid_ua_duibhne_(fate),1,Fate,0
david_(glass_full_sweet_time)_(fate),david_(fate),1,Fate,0
diarmuid_ua_duibhne_(third_ascension)_(fate),diarmuid_ua_duibhne_(fate),1,Fate,0
okita_souji_(swimsuit_assassin)_(fate),okita_souji_(fate),1,Fate,0
gilles_de_rais_(a_new_chapter)_(fate),gilles_de_rais_(fate),1,Fate,0
andromeda_(second_acension)_(fate),andromeda_(fate),1,Fate,0
altera_(saber)_(fate),altera_(fate),1,Fate,0
ashwatthama_(fgo_fes._2025)_(fate),ashwatthama_(fate),1,Fate,0
martha_(caster)_(fate),martha_(fate),1,Fate,0
koyanskaya_(first_ascension)_(fate),koyanskaya_(fate),1,Fate,0
sakata_kintoki_(beasts_under_the_moon)_(fate),sakata_kintoki_(fate),1,Fate,0
robin_hood_(beasts_under_the_moon)_(fate),robin_hood_(fate),1,Fate,0
meltryllis_(first_ascension)_(fate),meltryllis_(fate),1,Fate,0
saika_magoichi_(fgo_fes._2025)_(fate),saika_magoichi_(fate),1,Fate,0
wolfgang_amadeus_mozart_(fgo_fes._2025)_(fate),wolfgang_amadeus_mozart_(fate),1,Fate,0
karna_(fgo_x_lawson)_(fate),karna_(fate),1,Fate,0
abigail_williams_(swimsuit_foreigner)_(fate),abigail_williams_(fate),1,Fate,0
katsushika_hokusai_(9th_anniversary)_(fate),katsushika_hokusai_(fate),1,Fate,0
artoria_pendragon_(alter_swimsuit_rider)_(second_ascension)_(fate),artoria_pendragon_(fate),1,Fate,0
tezcatlipoca_(fgo_fes._2025)_(fate),tezcatlipoca_(fate),1,Fate,0
elizabeth_bathory_(perfect)_(fate),elizabeth_bathory_(fate),1,Fate,0
oda_nobunaga_(kippoushi_avenger)_(fate),oda_nobunaga_(fate),1,Fate,0
murasaki_shikibu_(swimsuit_rider)_(fate),murasaki_shikibu_(fate),1,Fate,0
artoria_pendragon_(alter_swimsuit_rider)_(third_ascension)_(fate),artoria_pendragon_(fate),1,Fate,0
tenochtitlan_(swimsuit_mooncancer)_(fate),tenochtitlan_(fate),1,Fate,0
artoria_caster_(swimsuit)_(third_acension)_(fate),artoria_caster_(fate),1,Fate,0
artoria_pendragon_(alter_swimsuit_rider)_(fate),artoria_pendragon_(fate),1,Fate,0
hessian_(under_the_same_sky)_(fate),hessian_(fate),1,Fate,0
oberon_(fgo_fes._2024)_(fate),oberon_(fate),1,Fate,0
charles-henri_sanson_(fgo_fes._2025)_(fate),charles-henri_sanson_(fate),1,Fate,0
artoria_caster_(swimsuit)_(second_acension)_(fate),artoria_caster_(fate),1,Fate,0
bradamante_(roxanne)_(fate),bradamante_(fate),1,Fate,0
arjuna_(berserker)_(fate),arjuna_(fate),1,Fate,0
xu_fu_(swimsuit_avenger)_(fate),xu_fu_(fate),1,Fate,0
rengoku_(third_ascension)_(fate),rengoku_(fate),1,Fate,0
kama_(mistake)_(fate),kama_(fate),1,Fate,0
biscione_(fate)_(third_ascension)_(fate),biscione_(fate),1,Fate,0
prince_of_lan_ling_(fgo_fes._2025)_(fate),prince_of_lan_ling_(fate),1,Fate,0
barghest_(swimsuit_archer)_(fate),barghest_(fate),1,Fate,0
marie_antoinette_(fgo_fes._2025)_(fate),marie_antoinette_(fate),1,Fate,0
jeanne_d'arc_(alter)_(mystery_treasure)_(fate),jeanne_d'arc_(fate),1,Fate,0
larva_tiamat_(event_portrait)_(fate),larva_tiamat_(fate),1,Fate,0
jeanne_d'arc_(gravure_vacances)_(fate),jeanne_d'arc_(fate),1,Fate,0
dobrynya_nikitich_(swimsuit_lancer)_(fate),dobrynya_nikitich_(fate),1,Fate,0
larva_tiamat_(third_ascension)_(fate),larva_tiamat_(fate),1,Fate,0
calamity_jane_(fgo_fes._2025)_(fate),calamity_jane_(fate),1,Fate,0
arjuna_(shiva's_bathing_suit)_(fate),arjuna_(fate),1,Fate,0
child_gilgamesh_(neverland)_(fate),child_gilgamesh_(fate),1,Fate,0
euryale_(fgo_fes._2025)_(fate),euryale_(fate),1,Fate,0
francesca_prelati_(second_ascension)_(fate),francesca_prelati_(fate),1,Fate,0
mysterious_heroine_x_(alter)_(fate),mysterious_heroine_x_(fate),1,Fate,0
huyan_zhuo_(swimsuit)_(fate),huyan_zhuo_(fate),1,Fate,0
cu_chulainn_alter_(9th_anniversary)_(fate),cu_chulainn_alter_(fate),1,Fate,0
brynhild_(swimsuit_berserker)_(fate),brynhild_(fate),1,Fate,0
miyamoto_iori_(pig)_(fate),miyamoto_iori_(fate),1,Fate,0
achilles_(my_student_council)_(fate),achilles_(fate),1,Fate,0
asclepius_(fgo_fes._2025)_(fate),asclepius_(fate),1,Fate,0
louhi_(fgo_fes._2025)_(fate),louhi_(fate),1,Fate,0
elizabeth_bathory_(great_general)_(fate),elizabeth_bathory_(fate),1,Fate,0
quetzalcoatl_(santa/samba)_(fate),quetzalcoatl_(fate),1,Fate,0
artoria_caster_(swimsuit)_(first_acension)_(fate),artoria_caster_(fate),1,Fate,0
jeanne_d'arc_alter_(first_ascension)_(fate),jeanne_d'arc_alter_(fate),1,Fate,0
jekyll_and_hyde_(you_after_the_rain)_(fate),jekyll_and_hyde_(fate),1,Fate,0
nagakura_shinpachi_(fgo_fes._2025)_(fate),nagakura_shinpachi_(fate),1,Fate,0
scathach_skadi_(welcome_to_the_travelling_circus!)_(fate),scathach_skadi_(fate),1,Fate,0
hijikata_toshizou_(night_parade_of_one_hundred_demons)_(fate),hijikata_toshizou_(fate),1,Fate,0
artoria_caster_(swimsuit)_(second_ascension)_(fate),artoria_caster_(fate),1,Fate,0
nikola_tesla_(third_ascension)_(fate),nikola_tesla_(fate),1,Fate,0
kazuradrop_(archetype_inception_dress)_(fate),kazuradrop_(fate),1,Fate,0
cu_chulainn_(caster)_(event_portrait)_(fate),cu_chulainn_(fate),1,Fate,0
artoria_caster_(swimsuit)_(first_ascension)_(fate),artoria_caster_(fate),1,Fate,0
artoria_caster_(swimsuit)_(third_ascension)_(fate),artoria_caster_(fate),1,Fate,0
artoria_caster_(swimsuit)_(fate),artoria_caster_(fate),1,Fate,0
passionlip_(archetype_inception_swimsuit)_(fate),passionlip_(fate),1,Fate,0
tamamo_no_mae_(jk)_(fate),tamamo_no_mae_(fate),1,Fate,0
elizabeth_bathory_(cinderella_rider)_(scullery_maid)_(fate),elizabeth_bathory_(fate),1,Fate,0
quetzalcoatl_(samba_santa)_(fate),quetzalcoatl_(fate),1,Fate,0
elizabeth_bathory_(cinderella_rider)_(fate),elizabeth_bathory_(fate),1,Fate,0
scathach-skadi_(swimsuit_ruler)_(fate),scathach-skadi_(fate),1,Fate,0
the_count_of_monte_cristo_(fgo_fes._2024)_(fate),the_count_of_monte_cristo_(fate),1,Fate,0
medusa_(prisma_illya)_(fate),medusa_(fate),1,Fate,0
shuten_douji_(halloween)_(fate),shuten_douji_(fate),1,Fate,0
mrs._snake_(first_ascension)_(fate),mrs._snake_(fate),1,Fate,0
edmond_dantes_(artifical_rondo)_(fate),edmond_dantes_(fate),1,Fate,0
artoria_pendragon_(bloom_in_spring)_(fate),artoria_pendragon_(fate),1,Fate,0
kriemhild_(swimsuit)_(fate),kriemhild_(fate),1,Fate,0
viy_(dream_portrait)_(fate),viy_(fate),1,Fate,0
jeanne_d'arc_(alter_swimsuit_berserker)_(fate),jeanne_d'arc_(fate),1,Fate,0
jeanne_d'arc_(alter)(swimsuit_berserker)_(fate),jeanne_d'arc_(fate),1,Fate,0
senji_muramasa_(night_parade_of_one_hundred_demons)_(fate),senji_muramasa_(fate),1,Fate,0
marie_antoinette_(swimsuit_caster)_(crystal_dress)_(fate),marie_antoinette_(fate),1,Fate,0
artoria_pendragon_(saber)_(fate),artoria_pendragon_(fate),1,Fate,0
jeanne_d'arc_(swimsuit_berserker)_(fate),jeanne_d'arc_(fate),1,Fate,0
arjuna_(archer)_(fate),arjuna_(fate),1,Fate,0
okada_izou_(fgo_x_lawson)_(fate),okada_izou_(fate),1,Fate,0
passionlip_(celeb_summer_experience_swimsuit)_(fate),passionlip_(fate),1,Fate,0
suzuka_gozen_(summer_beast)_(fate),suzuka_gozen_(fate),1,Fate,0
li_shuwen_(lancer)_(fate),li_shuwen_(fate),1,Fate,0
ereshkigal_(fgo_x_lawson)_(fate),ereshkigal_(fate),1,Fate,0
oberon_(refreshing_summer_dream)_(fate),oberon_(fate),1,Fate,0
cu_chulainn_(formal_dress)_(fate),cu_chulainn_(fate),1,Fate,0
abigail_williams_(fgo_fes.2022)_(fate),abigail_williams_(fate),1,Fate,0
ishtar_(fgo_x_lawson)_(fate),ishtar_(fate),1,Fate,0
barghest_(like_a_lady)_(fate)_(fate),barghest_(fate),1,Fate,0
kama_(fgo_x_lawson)_(fate),kama_(fate),1,Fate,0
tomoe_gozen_(fgo_x_lawson)_(fate),tomoe_gozen_(fate),1,Fate,0
okita_souji_(alter)_(fate),okita_souji_(fate),1,Fate,0
cu_chulainn_alter_(fgo_x_lawson)_(fate),cu_chulainn_alter_(fate),1,Fate,0
enkidu_(fgo_x_lawson)_(fate),enkidu_(fate),1,Fate,0
medb_(fgo_x_lawson)_(fate),medb_(fate),1,Fate,0
diarmuid_ua_duibhne_(saber)_(festival_outfit)_(fate),diarmuid_ua_duibhne_(fate),1,Fate,0
fergus_mac_roich_(young)_(welcome_diner)_(fate),fergus_mac_roich_(fate),1,Fate,0
medea_(lily)_(manor_of_repose)_(fate),medea_(fate),1,Fate,0
medea_(lily)_(fate),medea_(fate),1,Fate,0
atalanta_(alter)_(fate),atalanta_(fate),1,Fate,0
sigurd_(third_ascension)_(fate),sigurd_(fate),1,Fate,0
nikola_tesla_(fgo_fes._2025)_(fate),nikola_tesla_(fate),1,Fate,0
gilgamesh_(conversation_on_the_hot_sands)_(fate),gilgamesh_(fate),1,Fate,0
enkidu_(conversation_on_the_hot_sands)_(fate),enkidu_(fate),1,Fate,0
chiron_(the_professors'_lunchtime)_(fate),chiron_(fate),1,Fate,0
nemo_(santa)_(fate),nemo_(fate),1,Fate,0
gilles_de_rais_(caster)_(holy_night_supper)_(fate),gilles_de_rais_(fate),1,Fate,0
iskandar_(third_ascension)_(fate),iskandar_(fate),1,Fate,0
gilles_de_rais_(caster)_(phantom_night)_(fate),gilles_de_rais_(fate),1,Fate,0
nitocris_alter_(neferu_suen_anubis)_(fate),nitocris_alter_(fate),1,Fate,0
francois_prelati_(second_ascension)_(fate),francois_prelati_(fate),1,Fate,0
li_shuwen_(old)_(bar-troia)_(fate),li_shuwen_(fate),1,Fate,0
sherlock_holmes_(korean_ver._5th_anniversary)_(fate),sherlock_holmes_(fate),1,Fate,0
leonardo_da_vinci_(korean_ver._5th_anniversary)_(fate),leonardo_da_vinci_(fate),1,Fate,0
artoria_pendragon_(lancer_alter)_(royal_icing)_(fate),artoria_pendragon_(fate),1,Fate,0
marie_antoinette_(alter)_(exhibition_attire)_(fate),marie_antoinette_(fate),1,Fate,0
nitocris_(prayer_to_the_night_sky)_(fate),nitocris_(fate),1,Fate,0
xuangzang_sanzang_(prayer_towards_the_night_sky)_(fate),xuangzang_sanzang_(fate),1,Fate,0
biscione_(fate)_(second_ascension)_(fate),biscione_(fate),1,Fate,0
altera_(fgo_fes._2025)_(fate),altera_(fate),1,Fate,0
nitocris_(prayer_towards_the_night_sky)_(fate),nitocris_(fate),1,Fate,0
hijikata_toshizou_(heroic_spirit_dream_portrait)_(fate),hijikata_toshizou_(fate),1,Fate,0
tomoe_gozen_(swimsuit_saber)_(fate),tomoe_gozen_(fate),1,Fate,0
elizabeth_bathory_(cinderella)_(scullery_maid)_(fate),elizabeth_bathory_(fate),1,Fate,0
artoria_pendragon_(lancer)_(tour_outfit)_(fate),artoria_pendragon_(fate),1,Fate,0
artoria_pendragon_(lancer_alter)_(ox-demon_king)_(fate),artoria_pendragon_(fate),1,Fate,0
takasugi_shinsaku_(fgo_fes._2025)_(fate),takasugi_shinsaku_(fate),1,Fate,0
artoria_caster_(fgo_x_lawson)_(fate),artoria_caster_(fate),1,Fate,0
archer_(casual)_(fate),archer_(fate),1,Fate,0
queen_of_sheba_(fgo_fes._2025)_(fate),queen_of_sheba_(fate),1,Fate,0
henry_jekyll_(you_after_the_rain)_(fate),henry_jekyll_(fate),1,Fate,0
mysterious_heroine_x_(alter)_(princess_of_red_bean_paste)_(fate),mysterious_heroine_x_(fate),1,Fate,0
anastasia_(swimsuit_archer)_(fate),anastasia_(fate),1,Fate,0
zenobia_(fgo_fes._2025)_(fate),zenobia_(fate),1,Fate,0
archer_(mythological_mystic_code_of_wrought_iron)_(fate),archer_(fate),1,Fate,0
kama_(second_ascension)_(fate),kama_(fate),1,Fate,0
johanna_(fgo_fes._2025)_(fate),johanna_(fate),1,Fate,0
tiamat_(exhibition_attire)_(fate),tiamat_(fate),1,Fate,0
artoria_pendragon_(appreciation)_(fate),artoria_pendragon_(fate),1,Fate,0
vritra_(diviner's_eight_stone_leap)_(fate),vritra_(fate),1,Fate,0
ushiwakamaru_(diviner's_eight_stone_leap)_(fate),ushiwakamaru_(fate),1,Fate,0
cu_chulainn_alter_(fgo_fes._2024)_(fate),cu_chulainn_alter_(fate),1,Fate,0
abigail_williams_(fgo_fes._2025)_(fate),abigail_williams_(fate),1,Fate,0
paul_bunyan_(over_the_same_sky)_(fate),paul_bunyan_(fate),1,Fate,0
miss_crane_(over_the_same_sky)_(fate),miss_crane_(fate),1,Fate,0
artoria_pendragon_(alter_swimsuit_rider)_(first_ascension)_(fate),artoria_pendragon_(fate),1,Fate,0
xu_fu_(swimsuit)_(fate),xu_fu_(fate),1,Fate,0
charlotte_corday_(swimsuit_caster)_(fate),charlotte_corday_(fate),1,Fate,0
xuangzang_sanzang_(prayer_to_the_night_sky)_(fate),xuangzang_sanzang_(fate),1,Fate,0
leonardo_da_vinci_(over_the_same_sky)_(fate),leonardo_da_vinci_(fate),1,Fate,0
mordred_(hawatoria_pavilion)_(fate),mordred_(fate),1,Fate,0
kukulkan_(hawatoria_pavilion)_(fate),kukulkan_(fate),1,Fate,0
agravain_(appreciation)_(fate),agravain_(fate),1,Fate,0
sei_shounagon_(swimsuit_berserker)_(fate),sei_shounagon_(fate),1,Fate,0
jaguarman_(tour_outfit)_(fate),jaguarman_(fate),1,Fate,0
marie_antoinette_(alter)_(third_ascension)_(fate),marie_antoinette_(fate),1,Fate,0
wolfgang_amadeus_mozart_(quatre_feuilles)_(fate),wolfgang_amadeus_mozart_(fate),1,Fate,0
hans_christian_andersen_(quatre_feuilles)_(fate),hans_christian_andersen_(fate),1,Fate,0
william_shakespeare_(quatre_feuilles)_(fate),william_shakespeare_(fate),1,Fate,0
jaguarman_(fgo_fes._2019)_(fate),jaguarman_(fate),1,Fate,0
arjuna_(fgo_x_pasela_resorts)_(fate),arjuna_(fate),1,Fate,0
hans_christian_andersen_(fgo_fes._2019)_(fate),hans_christian_andersen_(fate),1,Fate,0
helena_blavatsky_(fgo_fes._2019)_(fate),helena_blavatsky_(fate),1,Fate,0
marie_antoinette_(alter)_(first_ascension)_(fate),marie_antoinette_(fate),1,Fate,0
agravain_(our_round_table)_(fate),agravain_(fate),1,Fate,0
gawain_(our_round_table)_(fate),gawain_(fate),1,Fate,0
william_shakespeare_(fgo_fes._2019)_(fate),william_shakespeare_(fate),1,Fate,0
tristan_(our_round_table)_(fate),tristan_(fate),1,Fate,0
marie_antoinette_(alter)_(fate),marie_antoinette_(fate),1,Fate,0
tiamat_(bikini)_(fate),tiamat_(fate),1,Fate,0
bedivere_(make_a_toast)_(fate),bedivere_(fate),1,Fate,0
tristan_(make_a_toast)_(fate),tristan_(fate),1,Fate,0
marie_antoinette_(alter)_(second_ascension)_(fate),marie_antoinette_(fate),1,Fate,0
kama_(swimsuit_avenger)_(fate),kama_(fate),1,Fate,0
nitocris_(fgo_fes._2019)_(fate),nitocris_(fate),1,Fate,0
minamoto_no_raikou_(fgo_fes._2019)_(fate),minamoto_no_raikou_(fate),1,Fate,0
medb_(fgo_fes._2019)_(fate),medb_(fate),1,Fate,0
viy_(under_the_same_sky)_(fate),viy_(fate),1,Fate,0
viy_(festival_outfit)_(fate),viy_(fate),1,Fate,0
medusa_(lancer_alter)_(fate),medusa_(fate),1,Fate,0
gareth_(fgo_fes._2025)_(fate),gareth_(fate),1,Fate,0
gawain_(fgo_fes._2025)_(fate),gawain_(fate),1,Fate,0
ushiwakamaru_(fgo_fes._2025)_(fate),ushiwakamaru_(fate),1,Fate,0
indra_(fgo_fes._2025)_(fate),indra_(fate),1,Fate,0
kama_(fgo_fes._2025)_(fate),kama_(fate),1,Fate,0
taigong_wang_(fgo_fes._2025)_(fate),taigong_wang_(fate),1,Fate,0
oberon_(fgo_fes._2025)_(fate),oberon_(fate),1,Fate,0
enkidu_(fgo_fes._2025)_(fate),enkidu_(fate),1,Fate,0
karna_(fgo_fes._2025)_(fate),karna_(fate),1,Fate,0
habetrot_(fgo_fes._2025)_(fate),habetrot_(fate),1,Fate,0
komahime_(fgo_fes._2025)_(fate),komahime_(fate),1,Fate,0
dante_alighieri_(fgo_fes._2025)_(fate),dante_alighieri_(fate),1,Fate,0
percival_(fgo_fes._2025)_(fate),percival_(fate),1,Fate,0
okita_souji_(fgo_fes._2025)_(fate),okita_souji_(fate),1,Fate,0
tezcatlipoca_(child)_(fate),tezcatlipoca_(fate),1,Fate,0
bradamante_(fgo_fes._2025)_(fate),bradamante_(fate),1,Fate,0
william_shakespeare_(writer's_high)_(fate),william_shakespeare_(fate),1,Fate,0
lilith_(fgo_fes._2025)_(fate),lilith_(fate),1,Fate,0
medusa_(saber)_(fgo_fes._2025)_(fate),medusa_(fate),1,Fate,0
cu_chulainn_(caster)_(fgo_fes._2025)_(fate),cu_chulainn_(fate),1,Fate,0
huyan_zhuo_(fgo_fes._2025)_(fate),huyan_zhuo_(fate),1,Fate,0
baobhan_sith_(fgo_fes._2025)_(fate),baobhan_sith_(fate),1,Fate,0
katou_danzou_(fgo_fes._2025)_(fate),katou_danzou_(fate),1,Fate,0
mandricardo_(fgo_fes._2025)_(fate),mandricardo_(fate),1,Fate,0
melusine_(fgo_fes._2025)_(fate),melusine_(fate),1,Fate,0
nitocris_alter_(fgo_fes._2025)_(fate),nitocris_alter_(fate),1,Fate,0
mochizuki_chiyome_(fgo_fes._2025)_(fate),mochizuki_chiyome_(fate),1,Fate,0
xiang_yu_(fgo_fes._2025)_(fate),xiang_yu_(fate),1,Fate,0
ashiya_douman_(fgo_fes._2025)_(fate),ashiya_douman_(fate),1,Fate,0
merlin_(fgo_fes._2025)_(fate),merlin_(fate),1,Fate,0
shi_huang_di_(fgo_fes._2025)_(fate),shi_huang_di_(fate),1,Fate,0
miss_crane_(fgo_fes._2025)_(fate),miss_crane_(fate),1,Fate,0
miyamoto_iori_(fgo_fes._2025)_(fate),miyamoto_iori_(fate),1,Fate,0
edward_teach_(writer's_high)_(fate),edward_teach_(fate),1,Fate,0
suzuka_gozen_(fgo_fes._2025)_(fate),suzuka_gozen_(fate),1,Fate,0
artoria_pendragon_(lancer_alter)_(fgo_fes._2025)_(fate),artoria_pendragon_(fate),1,Fate,0
jekyll_and_hyde_(fgo_fes._2019)_(fate),jekyll_and_hyde_(fate),1,Fate,0
barghest_(fgo_fes._2025)_(fate),barghest_(fate),1,Fate,0
saitou_hajime_(fgo_fes._2025)_(fate),saitou_hajime_(fate),1,Fate,0
stheno_(fgo_fes._2025)_(fate),stheno_(fate),1,Fate,0
arjuna_(fgo_fes._2025)_(fate),arjuna_(fate),1,Fate,0
tenochtitlan_(fgo_fes._2025)_(fate),tenochtitlan_(fate),1,Fate,0
xu_fu_(fgo_fes._2025)_(fate),xu_fu_(fate),1,Fate,0
suzuka_gozen_(summer_vacation)_(fate),suzuka_gozen_(fate),1,Fate,0
jekyll_and_hyde_(noisy_obsession)_(fate),jekyll_and_hyde_(fate),1,Fate,0
kali_(fgo_fes._2025)_(fate),kali_(fate),1,Fate,0
yamanami_keisuke_(fgo_fes._2025)_(fate),yamanami_keisuke_(fate),1,Fate,0
yu_mei-ren_(fgo_fes._2025)_(fate),yu_mei-ren_(fate),1,Fate,0
space_ereshkigal_(second_ascension)_(fate),space_ereshkigal_(fate),1,Fate,0
space_ereshkigal_(first_ascension)_(fate),space_ereshkigal_(fate),1,Fate,0
space_ereshkigal_(third_ascension)_(fate),space_ereshkigal_(fate),1,Fate,0
elizabeth_bathory_(avenger)_(fate),elizabeth_bathory_(fate),1,Fate,0
tiamat_(swimsuit_archer)_(fate),tiamat_(fate),1,Fate,0
larva_tiamat_(swimsuit_archer)_(third_ascension)_(fate),larva_tiamat_(fate),1,Fate,0
larva_tiamat_(swimsuit_archer)_(first_ascension)_(fate),larva_tiamat_(fate),1,Fate,0
jeanne_d'arc_(swimsuit_archer)_(fate),jeanne_d'arc_(fate),1,Fate,0
bb_(swimsuit_mooncancer)_(fate),bb_(fate),1,Fate,0
artoria_caster_(swimsuit_berserker)_(fate),artoria_caster_(fate),1,Fate,0
artoria_pendragon_(caster)_(third_ascension)_(fate),artoria_pendragon_(fate),1,Fate,0
artoria_pendragon_(caster)_(second_ascension)_(fate),artoria_pendragon_(fate),1,Fate,0
artoria_pendragon_(caster)_(first_ascension)_(fate),artoria_pendragon_(fate),1,Fate,0
miss_crane_(young)_(fate),miss_crane_(fate),1,Fate,0
artoria_pendragon_(caster)_(springtime_koto_strings)_(fate),artoria_pendragon_(fate),1,Fate,0
passionlip_(swimsuit_saber)_(fate),passionlip_(fate),1,Fate,0
morgan_le_fay_(pop_up_attire)_(fate),morgan_le_fay_(fate),1,Fate,0
carmilla_(swimsuit_rider)_(fate),carmilla_(fate),1,Fate,0
frankenstein's_monster_(fgo_fes._2025)_(fate),frankenstein's_monster_(fate),1,Fate,0
biscione_(fgo_fes._2025)_(fate),biscione_(fate),1,Fate,0
ereshkigal_(event_portrait)_(fate),ereshkigal_(fate),1,Fate,0
scathach_skadi_(swimsuit_ruler)_(fate),scathach_skadi_(fate),1,Fate,0
hijikata_toshizou_(fgo_fes._2025)_(fate),hijikata_toshizou_(fate),1,Fate,0
kiichi_hogen_(fgo_fes._2025)_(fate),kiichi_hogen_(fate),1,Fate,0
aesc_(third_ascension)_(fate),aesc_(fate),1,Fate,0
jeanne_d'arc_(jk_blazer)_(fate),jeanne_d'arc_(fate),1,Fate,0
mysterious_heroine_x_(alter)_(second_ascension)_(fate),mysterious_heroine_x_(fate),1,Fate,0
mysterious_heroine_x_(alter)_(third_ascension)_(fate),mysterious_heroine_x_(fate),1,Fate,0
mysterious_heroine_x_(alter)_(first_ascension)_(fate),mysterious_heroine_x_(fate),1,Fate,0
indra_(second_ascension)_(fate),indra_(fate),1,Fate,0
oda_nobunaga_(historical)_(fate),oda_nobunaga_(fate),1,Fate,0
captain_nemo_(korean_ver._5th_anniversary)_(fate),captain_nemo_(fate),1,Fate,0
gilgamesh_(warden_gil)_(fate),gilgamesh_(fate),1,Fate,0
hans_christian_andersen_(satellite_station_23-24)_(fate),hans_christian_andersen_(fate),1,Fate,0
medusa_(rider)_(charming_bunny)_(fate),medusa_(fate),1,Fate,0
caenis_(fgo_fes._2025)_(fate),caenis_(fate),1,Fate,0
bedivere_(fgo_fes._2025)_(fate),bedivere_(fate),1,Fate,0
scathach_(maidens'_luncheon)_(fate),scathach_(fate),1,Fate,0
elizabeth_bathory_(halloween)_(fate),elizabeth_bathory_(fate),1,Fate,0
gawain_(rounds_beach)_(fate),gawain_(fate),1,Fate,0
tezcatlipoca_(satellite_station_23-24)_(fate),tezcatlipoca_(fate),1,Fate,0
watanabe_no_tsuna_(night_parade_of_one_hundred_demons)_(fate),watanabe_no_tsuna_(fate),1,Fate,0
nero_claudius_(swimsuit)_(fate),nero_claudius_(fate),1,Fate,0
voyager_(storm_border_theater)_(fate),voyager_(fate),1,Fate,0
artoria_pendragon_(swimsuit_rider_alter)_(fate),artoria_pendragon_(fate),1,Fate,0
bhima_(satellite_station_23-24)_(fate),bhima_(fate),1,Fate,0
thrud_(winter_party)_(fate),thrud_(fate),1,Fate,0
helena_blavatsky_(swimsuit_archer)_(fate),helena_blavatsky_(fate),1,Fate,0
leonardo_da_vinci_(active_sailor_wear)_(fate),leonardo_da_vinci_(fate),1,Fate,0
setanta_(satellite_station_24-25)_(fate),setanta_(fate),1,Fate,0
saika_magoichi_(satellite_station_24-25)_(fate),saika_magoichi_(fate),1,Fate,0
duryodhana_(satellite_station_24-25)_(fate),duryodhana_(fate),1,Fate,0
abigail_williams_(cook_heart)_(fate),abigail_williams_(fate),1,Fate,0
jeanne_d'arc_(alter)_(fate),jeanne_d'arc_(fate),1,Fate,0
setanta_(celebratory_portrait)_(fate),setanta_(fate),1,Fate,0
kiyohime_(swimsuit_lancer)_(fate),kiyohime_(fate),1,Fate,0
marie_antoinette_(swimsuit_caster)_(fate),marie_antoinette_(fate),1,Fate,0
mary_read_(swimsuit_archer)_(fate),mary_read_(fate),1,Fate,0
jeanne_d'arc_(alter)_(new_beginning)_(fate),jeanne_d'arc_(fate),1,Fate,0
jeanne_d'arc_(alter)_(holy_night_supper)_(fate),jeanne_d'arc_(fate),1,Fate,0
anne_bonny_(swimsuit_archer)_(fate),anne_bonny_(fate),1,Fate,0
jeanne_d'arc_(chinese_ver._3rd_anniversary)_(fate),jeanne_d'arc_(fate),1,Fate,0
tiamat_(swimsuit)_(fate),tiamat_(fate),1,Fate,0
kama_(nightmare_cinema)_(fate),kama_(fate),1,Fate,0
oda_nobunaga_(avenger)_(fate),oda_nobunaga_(fate),1,Fate,0
gareth_(swimsuit_saber)_(fate),gareth_(fate),1,Fate,0
yamato_takeru_(third_ascencion)_(fate),yamato_takeru_(fate),1,Fate,0
voyager_(first_ascension)_(fate),voyager_(fate),1,Fate,0
marie_antoinette_(alter)_(kyomaf_2024)_(fate),marie_antoinette_(fate),1,Fate,0
artoria_pendragon_(lancer)_(dream_portrait)_(fate),artoria_pendragon_(fate),1,Fate,0
tamamo_no_mae_(photo_studio)_(fate),tamamo_no_mae_(fate),1,Fate,0
dante_(limbus_company),dante_(limbus_company),0,Limbus Company,1790
producer_(idolmaster),producer_(idolmaster),0,偶像大师,10146
anastasia_(idolmaster),anastasia_(idolmaster),0,偶像大师,3346
natalia_(idolmaster),natalia_(idolmaster),0,偶像大师,939
hino_akane_(idolmaster),hino_akane_(idolmaster),0,偶像大师,864
usa-chan_(idolmaster),usa-chan_(idolmaster),0,偶像大师,836
layla_(idolmaster),layla_(idolmaster),0,偶像大师,639
julia_(idolmaster),julia_(idolmaster),0,偶像大师,488
kiryu_tsukasa_(idolmaster),kiryu_tsukasa_(idolmaster),0,偶像大师,291
clarice_(idolmaster),clarice_(idolmaster),0,偶像大师,233
trainer_(idolmaster),trainer_(idolmaster),0,偶像大师,216
tachibana_shiro_(idolmaster),tachibana_shiro_(idolmaster),0,偶像大师,182
ringorou_(idolmaster),ringorou_(idolmaster),0,偶像大师,175
julia_(punk)_(idolmaster),julia_(idolmaster),1,偶像大师,137
etou_misaki_(idolmaster),etou_misaki_(idolmaster),0,偶像大师,133
helen_(idolmaster),helen_(idolmaster),0,偶像大师,103
shiika_(idolmaster),shiika_(idolmaster),0,偶像大师,103
julia_(meteor_bright_star)_(idolmaster),julia_(idolmaster),1,偶像大师,12
julia_(private_dress)_(idolmaster),julia_(idolmaster),1,偶像大师,3
shibuya_rin,shibuya_rin,0,偶像大师CG,7404
yumemi_riamu,yumemi_riamu,0,偶像大师CG,5534
shirasaka_koume,shirasaka_koume,0,偶像大师CG,5373
tachibana_arisu,tachibana_arisu,0,偶像大师CG,4854
shimamura_uzuki,shimamura_uzuki,0,偶像大师CG,4840
sagisawa_fumika,sagisawa_fumika,0,偶像大师CG,4691
takagaki_kaede,takagaki_kaede,0,偶像大师CG,4592
jougasaki_mika,jougasaki_mika,0,偶像大师CG,4112
futaba_anzu,futaba_anzu,0,偶像大师CG,4079
kanzaki_ranko,kanzaki_ranko,0,偶像大师CG,3965
ichinose_shiki,ichinose_shiki,0,偶像大师CG,3865
nitta_minami,nitta_minami,0,偶像大师CG,3690
koshimizu_sachiko,koshimizu_sachiko,0,偶像大师CG,3584
sakurai_momoka,sakurai_momoka,0,偶像大师CG,3418
jougasaki_rika,jougasaki_rika,0,偶像大师CG,3340
maekawa_miku,maekawa_miku,0,偶像大师CG,3153
hayami_kanade,hayami_kanade,0,偶像大师CG,2950
ohtsuki_yui,ohtsuki_yui,0,偶像大师CG,2789
akagi_miria,akagi_miria,0,偶像大师CG,2743
morikubo_nono,morikubo_nono,0,偶像大师CG,2411
sasaki_chie,sasaki_chie,0,偶像大师CG,2375
honda_mio,honda_mio,0,偶像大师CG,2273
miyamoto_frederica,miyamoto_frederica,0,偶像大师CG,2227
hoshi_syoko,hoshi_syoko,0,偶像大师CG,2068
sunazuka_akira,sunazuka_akira,0,偶像大师CG,2052
shiomi_syuko,shiomi_syuko,0,偶像大师CG,2038
moroboshi_kirari,moroboshi_kirari,0,偶像大师CG,2003
hojo_karen,hojo_karen,0,偶像大师CG,1971
kamiya_nao,kamiya_nao,0,偶像大师CG,1939
ichihara_nina,ichihara_nina,0,偶像大师CG,1915
hisakawa_hayate,hisakawa_hayate,0,偶像大师CG,1889
sakuma_mayu,sakuma_mayu,0,偶像大师CG,1867
yuuki_haru,yuuki_haru,0,偶像大师CG,1758
mimura_kanako,mimura_kanako,0,偶像大师CG,1747
hisakawa_nagi,hisakawa_nagi,0,偶像大师CG,1732
producer_(idolmaster_cinderella_girls_anime),producer_(idolmaster_cinderella_girls_anime),0,偶像大师CG,1731
matoba_risa,matoba_risa,0,偶像大师CG,1721
ninomiya_asuka,ninomiya_asuka,0,偶像大师CG,1585
totoki_airi,totoki_airi,0,偶像大师CG,1554
sajo_yukimi,sajo_yukimi,0,偶像大师CG,1550
oikawa_shizuku,oikawa_shizuku,0,偶像大师CG,1481
abe_nana,abe_nana,0,偶像大师CG,1470
ryuzaki_kaoru,ryuzaki_kaoru,0,偶像大师CG,1467
yusa_kozue,yusa_kozue,0,偶像大师CG,1424
tada_riina,tada_riina,0,偶像大师CG,1168
mukai_takumi,mukai_takumi,0,偶像大师CG,1086
otokura_yuuki,otokura_yuuki,0,偶像大师CG,1062
mifune_miyu,mifune_miyu,0,偶像大师CG,1032
kobayakawa_sae,kobayakawa_sae,0,偶像大师CG,1028
amami_haruka,amami_haruka,0,偶像大师SC,6109
higuchi_madoka,higuchi_madoka,0,偶像大师SC,5842
mayuzumi_fuyuko,mayuzumi_fuyuko,0,偶像大师SC,3844
asakura_toru,asakura_toru,0,偶像大师SC,3229
fukumaru_koito,fukumaru_koito,0,偶像大师SC,2754
hachimiya_meguru,hachimiya_meguru,0,偶像大师SC,2726
osaki_amana,osaki_amana,0,偶像大师SC,2315
serizawa_asahi,serizawa_asahi,0,偶像大师SC,2286
scorbunny,scorbunny,0,偶像大师SC,2261
shirase_sakuya,shirase_sakuya,0,偶像大师SC,2244
morino_rinze,morino_rinze,0,偶像大师SC,2203
kuwayama_chiyuki,kuwayama_chiyuki,0,偶像大师SC,2203
sonoda_chiyoko,sonoda_chiyoko,0,偶像大师SC,2088
komiya_kaho,komiya_kaho,0,偶像大师SC,2059
sakuragi_mano,sakuragi_mano,0,偶像大师SC,1968
tsukioka_kogane,tsukioka_kogane,0,偶像大师SC,1945
ichikawa_hinana,ichikawa_hinana,0,偶像大师SC,1818
osaki_tenka,osaki_tenka,0,偶像大师SC,1817
tanaka_mamimi,tanaka_mamimi,0,偶像大师SC,1779
kazano_hiori,kazano_hiori,0,偶像大师SC,1746
mogami_shizuka,mogami_shizuka,0,偶像大师SC,1610
arisugawa_natsuha,arisugawa_natsuha,0,偶像大师SC,1559
izumi_mei,izumi_mei,0,偶像大师SC,1513
yukoku_kiriko,yukoku_kiriko,0,偶像大师SC,1406
tanaka_kotoha,tanaka_kotoha,0,偶像大师SC,1327
saijo_juri,saijo_juri,0,偶像大师SC,1193
mitsumine_yuika,mitsumine_yuika,0,偶像大师SC,1128
nanakusa_nichika,nanakusa_nichika,0,偶像大师SC,1123
ikaruga_luca,ikaruga_luca,0,偶像大师SC,1071
aketa_mikoto,aketa_mikoto,0,偶像大师SC,970
buneary,buneary,0,偶像大师SC,885
suzuki_hana,suzuki_hana,0,偶像大师SC,776
nanakusa_hazuki,nanakusa_hazuki,0,偶像大师SC,574
ikuta_haruki,ikuta_haruki,0,偶像大师SC,441
debi_tarou,debi_tarou,0,偶像大师SC,235
pangoro,pangoro,0,偶像大师SC,193
karyl_(princess_connect!),karyl_(princess_connect!),0,公主连结,4491
kokkoro_(princess_connect!),kokkoro_(princess_connect!),0,公主连结,3879
pecorine_(princess_connect!),pecorine_(princess_connect!),0,公主连结,3510
saren_(princess_connect!),saren_(princess_connect!),0,公主连结,2038
kyoka_(princess_connect!),kyoka_(princess_connect!),0,公主连结,1428
yui_(princess_connect!),yui_(princess_connect!),0,公主连结,1227
yuuki_(princess_connect!),yuuki_(princess_connect!),0,公主连结,1197
yuni_(princess_connect!),yuni_(princess_connect!),0,公主连结,1014
chloe_(princess_connect!),chloe_(princess_connect!),0,公主连结,841
saren_(summer)_(princess_connect!),saren_(princess_connect!),1,公主连结,754
karyl_(summer)_(princess_connect!),karyl_(princess_connect!),1,公主连结,719
pecorine_(summer)_(princess_connect!),pecorine_(princess_connect!),1,公主连结,629
eriko_(princess_connect!),eriko_(princess_connect!),0,公主连结,617
misogi_(princess_connect!),misogi_(princess_connect!),0,公主连结,594
shiori_(princess_connect!),shiori_(princess_connect!),0,公主连结,586
chieru_(princess_connect!),chieru_(princess_connect!),0,公主连结,573
mimi_(princess_connect!),mimi_(princess_connect!),0,公主连结,557
makoto_(princess_connect!),makoto_(princess_connect!),0,公主连结,553
shizuru_(princess_connect!),shizuru_(princess_connect!),0,公主连结,499
hatsune_(princess_connect!),hatsune_(princess_connect!),0,公主连结,448
kasumi_(princess_connect!),kasumi_(princess_connect!),0,公主连结,431
tsumugi_(princess_connect!),tsumugi_(princess_connect!),0,公主连结,406
illya_(princess_connect!),illya_(princess_connect!),0,公主连结,403
misora_(princess_connect!),misora_(princess_connect!),0,公主连结,376
nozomi_(princess_connect!),nozomi_(princess_connect!),0,公主连结,354
kokkoro_(summer)_(princess_connect!),kokkoro_(princess_connect!),1,公主连结,305
neneka_(princess_connect!),neneka_(princess_connect!),0,公主连结,300
yui_(ceremonial)_(princess_connect!),yui_(princess_connect!),1,公主连结,283
miyako_(princess_connect!),miyako_(princess_connect!),0,公主连结,280
rei_(princess_connect!),rei_(princess_connect!),0,公主连结,262
kyoka_(halloween)_(princess_connect!),kyoka_(princess_connect!),1,公主连结,257
christina_(princess_connect!),christina_(princess_connect!),0,公主连结,255
ameth_(princess_connect!),ameth_(princess_connect!),0,公主连结,242
rino_(princess_connect!),rino_(princess_connect!),0,公主连结,234
misato_(princess_connect!),misato_(princess_connect!),0,公主连结,231
maho_(princess_connect!),maho_(princess_connect!),0,公主连结,228
sheffy_(princess_connect!),sheffy_(princess_connect!),0,公主连结,228
io_(princess_connect!),io_(princess_connect!),0,公主连结,227
akari_(princess_connect!),akari_(princess_connect!),0,公主连结,215
makoto_(summer)_(princess_connect!),makoto_(princess_connect!),1,公主连结,197
aoi_(princess_connect!),aoi_(princess_connect!),0,公主连结,195
jun_(princess_connect!),jun_(princess_connect!),0,公主连结,186
chloe_(school_festival)_(princess_connect!),chloe_(princess_connect!),1,公主连结,184
kaori_(princess_connect!),kaori_(princess_connect!),0,公主连结,181
suzume_(princess_connect!),suzume_(princess_connect!),0,公主连结,176
yukari_(princess_connect!),yukari_(princess_connect!),0,公主连结,170
hiyori_(princess_connect!),hiyori_(princess_connect!),0,公主连结,168
hatsune_(summer)_(princess_connect!),hatsune_(princess_connect!),1,公主连结,166
saren_(christmas)_(princess_connect!),saren_(princess_connect!),1,公主连结,166
karyl_(new_year)_(princess_connect!),karyl_(princess_connect!),1,公主连结,159
akino_(princess_connect!),akino_(princess_connect!),0,公主连结,153
tamaki_(princess_connect!),tamaki_(princess_connect!),0,公主连结,151
misaki_(princess_connect!),misaki_(princess_connect!),0,公主连结,150
saren_(real)_(princess_connect!),saren_(princess_connect!),1,公主连结,148
suzuna_(princess_connect!),suzuna_(princess_connect!),0,公主连结,147
homare_(princess_connect!),homare_(princess_connect!),0,公主连结,134
kokkoro_(real)_(princess_connect!),kokkoro_(princess_connect!),1,公主连结,133
eriko_(summer)_(princess_connect!),eriko_(princess_connect!),1,公主连结,130
kokkoro_(ceremonial)_(princess_connect!),kokkoro_(princess_connect!),1,公主连结,130
shizuru_(summer)_(princess_connect!),shizuru_(princess_connect!),1,公主连结,130
kokkoro_(new_year)_(princess_connect!),kokkoro_(princess_connect!),1,公主连结,130
clear_(princess_connect!),clear_(princess_connect!),0,公主连结,123
chika_(princess_connect!),chika_(princess_connect!),0,公主连结,123
ranpha_(princess_connect!),ranpha_(princess_connect!),0,公主连结,122
misato_(summer)_(princess_connect!),misato_(princess_connect!),1,公主连结,118
yuni_(real)_(princess_connect!),yuni_(princess_connect!),1,公主连结,113
yuki_(princess_connect!),yuki_(princess_connect!),0,公主连结,113
pecorine_(new_year)_(princess_connect!),pecorine_(princess_connect!),1,公主连结,111
yori_(princess_connect!),yori_(princess_connect!),0,公主连结,110
tsumugi_(halloween)_(princess_connect!),tsumugi_(princess_connect!),1,公主连结,110
ayane_(princess_connect!),ayane_(princess_connect!),0,公主连结,108
anna_(princess_connect!),anna_(princess_connect!),0,公主连结,108
kurumi_(princess_connect!),kurumi_(princess_connect!),0,公主连结,108
chieru_(school_festival)_(princess_connect!),chieru_(princess_connect!),1,公主连结,103
mimi_(halloween)_(princess_connect!),mimi_(princess_connect!),1,公主连结,102
pecorine_(real)_(princess_connect!),pecorine_(princess_connect!),1,公主连结,100
yuni_(school_festival)_(princess_connect!),yuni_(princess_connect!),1,公主连结,100
illya_(small)_(princess_connect!),illya_(princess_connect!),1,公主连结,94
karyl_(real)_(princess_connect!),karyl_(princess_connect!),1,公主连结,89
yui_(summer)_(princess_connect!),yui_(princess_connect!),1,公主连结,87
misora_(summer)_(princess_connect!),misora_(princess_connect!),1,公主连结,85
saren_(sarasaria)_(princess_connect!),saren_(princess_connect!),1,公主连结,83
yui_(princess)_(princess_connect!),yui_(princess_connect!),1,公主连结,83
kokkoro_(princess)_(princess_connect!),kokkoro_(princess_connect!),1,公主连结,81
yui_(real)_(princess_connect!),yui_(princess_connect!),1,公主连结,69
io_(summer)_(princess_connect!),io_(princess_connect!),1,公主连结,67
kasumi_(magical_girl)_(princess_connect!),kasumi_(princess_connect!),1,公主连结,60
kyoka_(summer)_(princess_connect!),kyoka_(princess_connect!),1,公主连结,59
illya_(christmas)_(princess_connect!),illya_(princess_connect!),1,公主连结,57
misogi_(halloween)_(princess_connect!),misogi_(princess_connect!),1,公主连结,56
chloe_(winter)_(princess_connect!),chloe_(princess_connect!),1,公主连结,52
karyl_(princess)_(princess_connect!),karyl_(princess_connect!),1,公主连结,51
yui_(new_year)_(princess_connect!),yui_(princess_connect!),1,公主连结,50
chieru_(winter)_(princess_connect!),chieru_(princess_connect!),1,公主连结,50
yuni_(winter)_(princess_connect!),yuni_(princess_connect!),1,公主连结,50
christina_(real)_(princess_connect!),christina_(princess_connect!),1,公主连结,49
tsumugi_(summer)_(princess_connect!),tsumugi_(princess_connect!),1,公主连结,48
shiori_(magical_girl)_(princess_connect!),shiori_(princess_connect!),1,公主连结,48
misaki_(summer)_(princess_connect!),misaki_(princess_connect!),1,公主连结,47
kasumi_(summer)_(princess_connect!),kasumi_(princess_connect!),1,公主连结,46
suzuna_(summer)_(princess_connect!),suzuna_(princess_connect!),1,公主连结,45
nozomi_(summer)_(princess_connect!),nozomi_(princess_connect!),1,公主连结,45
kyoka_(real)_(princess_connect!),kyoka_(princess_connect!),1,公主连结,44
maho_(summer)_(princess_connect!),maho_(princess_connect!),1,公主连结,44
pecorine_(princess)_(princess_connect!),pecorine_(princess_connect!),1,公主连结,43
suzume_(summer)_(princess_connect!),suzume_(princess_connect!),1,公主连结,43
rei_(summer)_(princess_connect!),rei_(princess_connect!),1,公主连结,43
aoi_(transfer_student)_(princess_connect!),aoi_(princess_connect!),1,公主连结,41
yui_(astral)_(princess_connect!),yui_(princess_connect!),1,公主连结,41
jun_(real)_(princess_connect!),jun_(princess_connect!),1,公主连结,40
neneka_(new_year)_(princess_connect!),neneka_(princess_connect!),1,公主连结,38
miyako_(halloween)_(princess_connect!),miyako_(princess_connect!),1,公主连结,38
akino_(christmas)_(princess_connect!),akino_(princess_connect!),1,公主连结,36
rino_(wonderland)_(princess_connect!),rino_(princess_connect!),1,公主连结,36
chloe_(real)_(princess_connect!),chloe_(princess_connect!),1,公主连结,34
nozomi_(alchemist)_(princess_connect!),nozomi_(princess_connect!),1,公主连结,34
misogi_(real)_(princess_connect!),misogi_(princess_connect!),1,公主连结,34
tamaki_(summer)_(princess_connect!),tamaki_(princess_connect!),1,公主连结,34
akari_(angel)_(princess_connect!),akari_(princess_connect!),1,公主连结,33
pecorine_(christmas)_(princess_connect!),pecorine_(princess_connect!),1,公主连结,32
karyl_(transfer_student)_(princess_connect!),karyl_(princess_connect!),1,公主连结,32
mimi_(summer)_(princess_connect!),mimi_(princess_connect!),1,公主连结,31
akino_(summer)_(princess_connect!),akino_(princess_connect!),1,公主连结,31
shizuru_(valentine)_(princess_connect!),shizuru_(princess_connect!),1,公主连结,30
chieru_(real)_(princess_connect!),chieru_(princess_connect!),1,公主连结,30
neneka_(summer)_(princess_connect!),neneka_(princess_connect!),1,公主连结,30
homare_(real)_(princess_connect!),homare_(princess_connect!),1,公主连结,30
mimi_(real)_(princess_connect!),mimi_(princess_connect!),1,公主连结,29
jun_(summer)_(princess_connect!),jun_(princess_connect!),1,公主连结,29
kaori_(summer)_(princess_connect!),kaori_(princess_connect!),1,公主连结,28
shiori_(real)_(princess_connect!),shiori_(princess_connect!),1,公主连结,28
tsumugi_(geo_gehenna)_(princess_connect!),tsumugi_(princess_connect!),1,公主连结,28
shizuru_(real)_(princess_connect!),shizuru_(princess_connect!),1,公主连结,27
sheffy_(princess)_(princess_connect!),sheffy_(princess_connect!),1,公主连结,27
sheffy_(summer)_(princess_connect!),sheffy_(princess_connect!),1,公主连结,27
maho_(dream_park)_(princess_connect!),maho_(princess_connect!),1,公主连结,27
aoi_(camp)_(princess_connect!),aoi_(princess_connect!),1,公主连结,26
aoi_(mechanic)_(princess_connect!),aoi_(princess_connect!),1,公主连结,26
eriko_(commander)_(princess_connect!),eriko_(princess_connect!),1,公主连结,26
anna_(summer)_(princess_connect!),anna_(princess_connect!),1,公主连结,26
yukari_(summer)_(princess_connect!),yukari_(princess_connect!),1,公主连结,25
eriko_(valentine)_(princess_connect!),eriko_(princess_connect!),1,公主连结,25
ranpha_(summer)_(princess_connect!),ranpha_(princess_connect!),1,公主连结,25
nozomi_(real)_(princess_connect!),nozomi_(princess_connect!),1,公主连结,25
rino_(real)_(princess_connect!),rino_(princess_connect!),1,公主连结,24
yukari_(camp)_(princess_connect!),yukari_(princess_connect!),1,公主连结,22
clear_(fallen)_(princess_connect!),clear_(princess_connect!),1,公主连结,22
yori_(angel)_(princess_connect!),yori_(princess_connect!),1,公主连结,22
makoto_(cinderella)_(princess_connect!),makoto_(princess_connect!),1,公主连结,21
saren_(new_year)_(princess_connect!),saren_(princess_connect!),1,公主连结,20
christina_(christmas)_(princess_connect!),christina_(princess_connect!),1,公主连结,20
sheffy_(new_year)_(princess_connect!),sheffy_(princess_connect!),1,公主连结,19
neneka_(real)_(princess_connect!),neneka_(princess_connect!),1,公主连结,19
hiyori_(summer)_(princess_connect!),hiyori_(princess_connect!),1,公主连结,19
kasumi_(real)_(princess_connect!),kasumi_(princess_connect!),1,公主连结,18
illya_(ceremonial)_(princess_connect!),illya_(princess_connect!),1,公主连结,18
ameth_(summer)_(princess_connect!),ameth_(princess_connect!),1,公主连结,18
misogi_(summer)_(princess_connect!),misogi_(princess_connect!),1,公主连结,17
hatsune_(new_year)_(princess_connect!),hatsune_(princess_connect!),1,公主连结,17
sheffy_(real)_(princess_connect!),sheffy_(princess_connect!),1,公主连结,17
nozomi_(idol)_(princess_connect!),nozomi_(princess_connect!),1,公主连结,17
eriko_(real)_(princess_connect!),eriko_(princess_connect!),1,公主连结,17
kyoka_(spring)_(princess_connect!),kyoka_(princess_connect!),1,公主连结,16
kokkoro_(young_guide)_(princess_connect!),kokkoro_(princess_connect!),1,公主连结,16
makoto_(real)_(princess_connect!),makoto_(princess_connect!),1,公主连结,16
chika_(summer)_(princess_connect!),chika_(princess_connect!),1,公主连结,16
io_(real)_(princess_connect!),io_(princess_connect!),1,公主连结,15
hatsune_(real)_(princess_connect!),hatsune_(princess_connect!),1,公主连结,15
rei_(new_year)_(princess_connect!),rei_(princess_connect!),1,公主连结,15
chika_(ceremonial)_(princess_connect!),chika_(princess_connect!),1,公主连结,14
pecorine_(overload)_(princess_connect!),pecorine_(princess_connect!),1,公主连结,14
misora_(real)_(princess_connect!),misora_(princess_connect!),1,公主连结,14
yuki_(oedo)_(princess_connect!),yuki_(princess_connect!),1,公主连结,14
suzuna_(real)_(princess_connect!),suzuna_(princess_connect!),1,公主连结,14
shizuru_(new_year)_(princess_connect!),shizuru_(princess_connect!),1,公主连结,14
tamaki_(mechanic)_(princess_connect!),tamaki_(princess_connect!),1,公主连结,14
clear_(summer)_(princess_connect!),clear_(princess_connect!),1,公主连结,14
homare_(summer)_(princess_connect!),homare_(princess_connect!),1,公主连结,13
hiyori_(new_year)_(princess_connect!),hiyori_(princess_connect!),1,公主连结,13
io_(christmas)_(princess_connect!),io_(princess_connect!),1,公主连结,12
misora_(christmas)_(princess_connect!),misora_(princess_connect!),1,公主连结,12
nozomi_(christmas)_(princess_connect!),nozomi_(princess_connect!),1,公主连结,12
yori_(real)_(princess_connect!),yori_(princess_connect!),1,公主连结,12
rei_(real)_(princess_connect!),rei_(princess_connect!),1,公主连结,12
rino_(new_year)_(princess_connect!),rino_(princess_connect!),1,公主连结,11
shiori_(winter)_(princess_connect!),shiori_(princess_connect!),1,公主连结,11
karyl_(overload)_(princess_connect!),karyl_(princess_connect!),1,公主连结,11
akari_(real)_(princess_connect!),akari_(princess_connect!),1,公主连结,11
kasumi_(sister)_(princess_connect!),kasumi_(princess_connect!),1,公主连结,10
anna_(real)_(princess_connect!),anna_(princess_connect!),1,公主连结,10
tsumugi_(real)_(princess_connect!),tsumugi_(princess_connect!),1,公主连结,10
kasumi_(new_year)_(princess_connect!),kasumi_(princess_connect!),1,公主连结,10
suzume_(spring)_(princess_connect!),suzume_(princess_connect!),1,公主连结,10
ayane_(real)_(princess_connect!),ayane_(princess_connect!),1,公主连结,10
shiori_(ranger)_(princess_connect!),shiori_(princess_connect!),1,公主连结,10
maho_(explorer)_(princess_connect!),maho_(princess_connect!),1,公主连结,10
kokkoro_(ranger)_(princess_connect!),kokkoro_(princess_connect!),1,公主连结,9
io_(noire)_(princess_connect!),io_(princess_connect!),1,公主连结,9
rei_(halloween)_(princess_connect!),rei_(princess_connect!),1,公主连结,9
nozomi_(liberator)_(princess_connect!),nozomi_(princess_connect!),1,公主连结,9
illya_(real)_(princess_connect!),illya_(princess_connect!),1,公主连结,9
tamaki_(real)_(princess_connect!),tamaki_(princess_connect!),1,公主连结,8
rino_(christmas)_(princess_connect!),rino_(princess_connect!),1,公主连结,8
chika_(real)_(princess_connect!),chika_(princess_connect!),1,公主连结,8
yukari_(real)_(princess_connect!),yukari_(princess_connect!),1,公主连结,8
kaori_(halloween)_(princess_connect!),kaori_(princess_connect!),1,公主连结,8
shizuru_(noire)_(princess_connect!),shizuru_(princess_connect!),1,公主连结,8
tamaki_(cafe)_(princess_connect!),tamaki_(princess_connect!),1,公主连结,8
tsumugi_(idol)_(princess_connect!),tsumugi_(princess_connect!),1,公主连结,7
aoi_(pilot)_(princess_connect!),aoi_(princess_connect!),1,公主连结,7
aoi_(real)_(princess_connect!),aoi_(princess_connect!),1,公主连结,7
yukari_(christmas)_(princess_connect!),yukari_(princess_connect!),1,公主连结,7
suzuna_(halloween)_(princess_connect!),suzuna_(princess_connect!),1,公主连结,7
hiyori_(real)_(princess_connect!),hiyori_(princess_connect!),1,公主连结,7
kaori_(real)_(princess_connect!),kaori_(princess_connect!),1,公主连结,7
misaki_(halloween)_(princess_connect!),misaki_(princess_connect!),1,公主连结,7
yuki_(real)_(princess_connect!),yuki_(princess_connect!),1,公主连结,7
homare_(new_year)_(princess_connect!),homare_(princess_connect!),1,公主连结,7
rino_(valentine)_(princess_connect!),rino_(princess_connect!),1,公主连结,7
maho_(real)_(princess_connect!),maho_(princess_connect!),1,公主连结,7
ayane_(christmas)_(princess_connect!),ayane_(princess_connect!),1,公主连结,6
kurumi_(stage)_(princess_connect!),kurumi_(princess_connect!),1,公主连结,6
ayane_(explorer)_(princess_connect!),ayane_(princess_connect!),1,公主连结,6
rei_(princess)_(princess_connect!),rei_(princess_connect!),1,公主连结,6
makoto_(commander)_(princess_connect!),makoto_(princess_connect!),1,公主连结,6
misato_(new_year)_(princess_connect!),misato_(princess_connect!),1,公主连结,6
yui_(christmas)_(princess_connect!),yui_(princess_connect!),1,公主连结,6
kyoka_(gothic)_(princess_connect!),kyoka_(princess_connect!),1,公主连结,6
anna_(pirate)_(princess_connect!),anna_(princess_connect!),1,公主连结,5
suzume_(real)_(princess_connect!),suzume_(princess_connect!),1,公主连结,5
kurumi_(real)_(princess_connect!),kurumi_(princess_connect!),1,公主连结,5
christina_(wild)_(princess_connect!),christina_(princess_connect!),1,公主连结,5
pecorine_(astraea)_(princess_connect!),pecorine_(princess_connect!),1,公主连结,5
misaki_(real)_(princess_connect!),misaki_(princess_connect!),1,公主连结,5
rei_(astral)_(princess_connect!),rei_(princess_connect!),1,公主连结,5
miyako_(real)_(princess_connect!),miyako_(princess_connect!),1,公主连结,5
chika_(christmas)_(princess_connect!),chika_(princess_connect!),1,公主连结,4
maho_(cinderella)_(princess_connect!),maho_(princess_connect!),1,公主连结,4
ranpha_(ceremonial)_(princess_connect!),ranpha_(princess_connect!),1,公主连结,4
clear_(real)_(princess_connect!),clear_(princess_connect!),1,公主连结,4
suzuna_(transfer_student)_(princess_connect!),suzuna_(princess_connect!),1,公主连结,4
yori_(christmas)_(princess_connect!),yori_(princess_connect!),1,公主连结,4
shizuru_(magical_girl)_(princess_connect!),shizuru_(princess_connect!),1,公主连结,3
suzume_(new_year)_(princess_connect!),suzume_(princess_connect!),1,公主连结,3
akari_(christmas)_(princess_connect!),akari_(princess_connect!),1,公主连结,3
kurumi_(christmas)_(princess_connect!),kurumi_(princess_connect!),1,公主连结,3
illya_(new_year)_(princess_connect!),illya_(princess_connect!),1,公主连结,3
yuki_(ceremonial)_(princess_connect!),yuki_(princess_connect!),1,公主连结,3
hiyori_(sarasaria)_(princess_connect!),hiyori_(princess_connect!),1,公主连结,3
christina_(alpha)_(princess_connect!),christina_(princess_connect!),1,公主连结,3
miyako_(christmas)_(princess_connect!),miyako_(princess_connect!),1,公主连结,3
hiyori_(princess)_(princess_connect!),hiyori_(princess_connect!),1,公主连结,3
neneka_(alpha)_(princess_connect!),neneka_(princess_connect!),1,公主连结,3
chika_(idol)_(princess_connect!),chika_(princess_connect!),1,公主连结,2
hiyori_(astral)_(princess_connect!),hiyori_(princess_connect!),1,公主连结,2
jun_(christmas)_(princess_connect!),jun_(princess_connect!),1,公主连结,2
akino_(real)_(princess_connect!),akino_(princess_connect!),1,公主连结,2
misaki_(stage)_(princess_connect!),misaki_(princess_connect!),1,公主连结,2
misato_(real)_(princess_connect!),misato_(princess_connect!),1,公主连结,2
ranpha_(real)_(princess_connect!),ranpha_(princess_connect!),1,公主连结,1
shizuru_(christmas)_(princess_connect!),shizuru_(princess_connect!),1,公主连结,0
shizuru_(valentines)_(princess_connect!),shizuru_(princess_connect!),1,公主连结,0
rino_(valentines)_(princess_connect!),rino_(princess_connect!),1,公主连结,0
pecorine_(overlord)_(princess_connect!),pecorine_(princess_connect!),1,公主连结,0
illyasviel_von_einzbern,illyasviel_von_einzbern,0,别当欧尼酱了,10819
oyama_mahiro,oyama_mahiro,0,别当欧尼酱了,7662
izumi_konata,izumi_konata,0,别当欧尼酱了,6345
chloe_von_einzbern,chloe_von_einzbern,0,别当欧尼酱了,4492
miyu_edelfelt,miyu_edelfelt,0,别当欧尼酱了,3546
shigure_ui_(vtuber),shigure_ui_(vtuber),0,别当欧尼酱了,3092
oyama_mihari,oyama_mihari,0,别当欧尼酱了,2342
hozuki_momiji,hozuki_momiji,0,别当欧尼酱了,2269
prisma_illya,prisma_illya,0,别当欧尼酱了,2099
my_melody,my_melody,0,别当欧尼酱了,1523
magical_ruby,magical_ruby,0,别当欧尼酱了,1401
oka_asahi,oka_asahi,0,别当欧尼酱了,1303
hozuki_kaede,hozuki_kaede,0,别当欧尼酱了,1269
murosaki_miyo,murosaki_miyo,0,别当欧尼酱了,1220
miyu_edelfelt_(magical_girl),miyu_edelfelt_(magical_girl),0,别当欧尼酱了,988
shigure_ui_(young)_(vtuber),shigure_ui_(vtuber),1,别当欧尼酱了,871
tenkawa_nayuta,tenkawa_nayuta,0,别当欧尼酱了,625
magical_sapphire,magical_sapphire,0,别当欧尼酱了,569
senkawa_minato,senkawa_minato,0,别当欧尼酱了,473
tanigawa_ruri,tanigawa_ruri,0,别当欧尼酱了,440
sakurada_yuuta,sakurada_yuuta,0,别当欧尼酱了,396
fujimi_nemu,fujimi_nemu,0,别当欧尼酱了,188
otori_tan,otori_tan,0,别当欧尼酱了,161
oyama_matsuri,oyama_matsuri,0,别当欧尼酱了,129
oyama_mahiro_(male),oyama_mahiro_(male),0,别当欧尼酱了,126
tachikawa_aoi,tachikawa_aoi,0,别当欧尼酱了,101
anis_(nikke),anis_(nikke),0,妮姬,3411
rapi_(nikke),rapi_(nikke),0,妮姬,2645
commander_(nikke),commander_(nikke),0,妮姬,2344
elegg_(nikke),elegg_(nikke),0,妮姬,2341
cinderella_(nikke),cinderella_(nikke),0,妮姬,2156
red_hood_(nikke),red_hood_(nikke),0,妮姬,1552
rapi_(red_hood)_(nikke),rapi_(nikke),1,妮姬,1374
dorothy_(nikke),dorothy_(nikke),0,妮姬,1201
alice_(nikke),alice_(nikke),0,妮姬,1155
viper_(nikke),viper_(nikke),0,妮姬,1111
helm_(nikke),helm_(nikke),0,妮姬,1041
blanc_(nikke),blanc_(nikke),0,妮姬,1016
anis_(sparkling_summer)_(nikke),anis_(nikke),1,妮姬,979
doro_(nikke),doro_(nikke),0,妮姬,930
label_(nikke),label_(nikke),0,妮姬,920
privaty_(nikke),privaty_(nikke),0,妮姬,917
scarlet_(nikke),scarlet_(nikke),0,妮姬,877
noir_(nikke),noir_(nikke),0,妮姬,801
elegg_(boom_and_shock)_(nikke),elegg_(nikke),1,妮姬,758
soda_(nikke),soda_(nikke),0,妮姬,751
little_mermaid_(nikke),little_mermaid_(nikke),0,妮姬,736
snow_white_(nikke),snow_white_(nikke),0,妮姬,732
bay_(nikke),bay_(nikke),0,妮姬,692
neon_(nikke),neon_(nikke),0,妮姬,669
mast_(nikke),mast_(nikke),0,妮姬,633
ade_(nikke),ade_(nikke),0,妮姬,628
sora_(nikke),sora_(nikke),0,妮姬,627
rupee_(nikke),rupee_(nikke),0,妮姬,610
arcana_(nikke),arcana_(nikke),0,妮姬,606
velvet_(nikke),velvet_(nikke),0,妮姬,557
d_(nikke),d_(nikke),0,妮姬,549
modernia_(nikke),modernia_(nikke),0,妮姬,540
nayuta_(nikke),nayuta_(nikke),0,妮姬,539
rapi_(red_hood)_(red_flavor)_(nikke),rapi_(nikke),1,妮姬,509
brid_(nikke),brid_(nikke),0,妮姬,490
syuen_(nikke),syuen_(nikke),0,妮姬,475
naga_(nikke),naga_(nikke),0,妮姬,473
maiden_(nikke),maiden_(nikke),0,妮姬,460
crown_(nikke),crown_(nikke),0,妮姬,453
ade_(agent_bunny)_(nikke),ade_(nikke),1,妮姬,453
mary_(nikke),mary_(nikke),0,妮姬,452
bready_(nikke),bready_(nikke),0,妮姬,439
rosanna_(nikke),rosanna_(nikke),0,妮姬,427
leviathan_(nikke),leviathan_(nikke),0,妮姬,426
rapunzel_(nikke),rapunzel_(nikke),0,妮姬,423
privaty_(unkind_maid)_(nikke),privaty_(nikke),1,妮姬,410
helm_(aqua_marine)_(nikke),helm_(nikke),1,妮姬,387
liberalio_(nikke),liberalio_(nikke),0,妮姬,385
rouge_(nikke),rouge_(nikke),0,妮姬,383
marciana_(nikke),marciana_(nikke),0,妮姬,379
tia_(nikke),tia_(nikke),0,妮姬,364
grave_(nikke),grave_(nikke),0,妮姬,361
emma_(nikke),emma_(nikke),0,妮姬,345
arcana_(fortune_mate)_(nikke),arcana_(nikke),1,妮姬,335
eunhwa_(nikke),eunhwa_(nikke),0,妮姬,334
liliweiss_(nikke),liliweiss_(nikke),0,妮姬,323
drake_(nikke),drake_(nikke),0,妮姬,320
anis_(star)_(nikke),anis_(nikke),1,妮姬,313
red_hood_(nonsense_red)_(nikke),red_hood_(nikke),1,妮姬,312
d_(killer_wife)_(nikke),d_(nikke),1,妮姬,311
mast_(romantic_maid)_(nikke),mast_(nikke),1,妮姬,303
mihara_(nikke),mihara_(nikke),0,妮姬,302
rouge_(unlucky_rabbit)_(nikke),rouge_(nikke),1,妮姬,301
soda_(twinkling_bunny)_(nikke),soda_(nikke),1,妮姬,295
velvet_(sensual_rabbit)_(nikke),velvet_(nikke),1,妮姬,291
snow_white_(innocent_days)_(nikke),snow_white_(nikke),1,妮姬,290
blanc_(fortune_express)_(nikke),blanc_(nikke),1,妮姬,277
rosanna_(chic_ocean)_(nikke),rosanna_(nikke),1,妮姬,273
laplace_(nikke),laplace_(nikke),0,妮姬,271
guillotine_(nikke),guillotine_(nikke),0,妮姬,269
scarlet_(black_shadow)_(nikke),scarlet_(nikke),1,妮姬,268
sakura_(nikke),sakura_(nikke),0,妮姬,267
privaty_(sharp_lesson)_(nikke),privaty_(nikke),1,妮姬,267
mary_(medical_rabbit)_(nikke),mary_(nikke),1,妮姬,262
maxwell_(nikke),maxwell_(nikke),0,妮姬,259
cinderella_(glass_princess)_(nikke),cinderella_(nikke),1,妮姬,256
mint_(nikke),mint_(nikke),0,妮姬,254
anchor_(nikke),anchor_(nikke),0,妮姬,249
viper_(toxic_rabbit)_(nikke),viper_(nikke),1,妮姬,247
viper_(shine_of_love)_(nikke),viper_(nikke),1,妮姬,246
alice_(wonderland_bunny)_(nikke),alice_(nikke),1,妮姬,243
dorothy_(serendipity)_(nikke),dorothy_(nikke),1,妮姬,243
clay_(nikke),clay_(nikke),0,妮姬,242
maiden_(ice_rose)_(nikke),maiden_(nikke),1,妮姬,241
nihilister_(nikke),nihilister_(nikke),0,妮姬,236
quency_(nikke),quency_(nikke),0,妮姬,230
exia_(nikke),exia_(nikke),0,妮姬,218
ludmilla_(nikke),ludmilla_(nikke),0,妮姬,213
yulha_(nikke),yulha_(nikke),0,妮姬,212
crow_(nikke),crow_(nikke),0,妮姬,210
moran_(nikke),moran_(nikke),0,妮姬,209
cinderella_(beautiful_me)_(nikke),cinderella_(nikke),1,妮姬,205
volume_(nikke),volume_(nikke),0,妮姬,202
poli_(nikke),poli_(nikke),0,妮姬,201
jackal_(nikke),jackal_(nikke),0,妮姬,200
behemoth_(nikke),behemoth_(nikke),0,妮姬,199
bay_(radiant_rabbit)_(nikke),bay_(nikke),1,妮姬,199
guilty_(nikke),guilty_(nikke),0,妮姬,198
diesel_(nikke),diesel_(nikke),0,妮姬,192
yuni_(nikke),yuni_(nikke),0,妮姬,192
rapunzel_(pure_grace)_(nikke),rapunzel_(nikke),1,妮姬,192
red_shoes_(nikke),red_shoes_(nikke),0,妮姬,191
vesti_(nikke),vesti_(nikke),0,妮姬,190
quency_(escape_queen)_(nikke),quency_(nikke),1,妮姬,184
trony_(nikke),trony_(nikke),0,妮姬,183
liter_(nikke),liter_(nikke),0,妮姬,182
ziz_(nikke),ziz_(nikke),0,妮姬,182
noise_(nikke),noise_(nikke),0,妮姬,177
gretel_(nikke),gretel_(nikke),0,妮姬,174
milk_(nikke),milk_(nikke),0,妮姬,173
hansel_(nikke),hansel_(nikke),0,妮姬,171
prika_(nikke),prika_(nikke),0,妮姬,171
centi_(nikke),centi_(nikke),0,妮姬,169
rapi_(classic_vacation)_(nikke),rapi_(nikke),1,妮姬,169
anis_(star)_(t.t._star)_(nikke),anis_(nikke),1,妮姬,167
brid_(silent_track)_(nikke),brid_(nikke),1,妮姬,163
mekami_shifty_(nikke),mekami_shifty_(nikke),0,妮姬,161
shifty_(nikke),shifty_(nikke),0,妮姬,158
sora_(spring_flight)_(nikke),sora_(nikke),1,妮姬,158
anchor_(innocent_maid)_(nikke),anchor_(nikke),1,妮姬,153
sakura_(bloom_in_summer)_(nikke),sakura_(nikke),1,妮姬,151
mihara_(bonding_chain)_(nikke),mihara_(nikke),1,妮姬,151
mori_(nikke),mori_(nikke),0,妮姬,148
ein_(nikke),ein_(nikke),0,妮姬,146
red_hood_(retro_days)_(nikke),red_hood_(nikke),1,妮姬,142
sin_(nikke),sin_(nikke),0,妮姬,139
crown_(naked_king)_(nikke),crown_(nikke),1,妮姬,139
frima_(nikke),frima_(nikke),0,妮姬,138
modernia_(first_affection)_(nikke),modernia_(nikke),1,妮姬,134
admi_(nikke),admi_(nikke),0,妮姬,133
chime_(nikke),chime_(nikke),0,妮姬,132
marciana_(school_days)_(nikke),marciana_(nikke),1,妮姬,131
ludmilla_(winter_owner)_(nikke),ludmilla_(nikke),1,妮姬,130
marian_(nikke),marian_(nikke),0,妮姬,129
soline_(nikke),soline_(nikke),0,妮姬,129
modernia_(second_affection)_(nikke),modernia_(nikke),1,妮姬,128
tove_(nikke),tove_(nikke),0,妮姬,127
pinne_(nikke),pinne_(nikke),0,妮姬,126
kilo_(nikke),kilo_(nikke),0,妮姬,126
d_(killer_wife)_(secret_police)_(nikke),d_(nikke),1,妮姬,124
cocoa_(nikke),cocoa_(nikke),0,妮姬,120
rupee_(rabbit_deluxe)_(nikke),rupee_(nikke),1,妮姬,120
morgan_(nikke),morgan_(nikke),0,妮姬,118
snow_white_(heavy_arms)_(nikke),snow_white_(nikke),1,妮姬,118
pepper_(nikke),pepper_(nikke),0,妮姬,116
abe_(nikke),abe_(nikke),0,妮姬,116
n102_(nikke),n102_(nikke),0,妮姬,115
noah_(nikke),noah_(nikke),0,妮姬,115
milk_(blooming_bunny)_(nikke),milk_(nikke),1,妮姬,113
miranda_(nikke),miranda_(nikke),0,妮姬,112
trina_(nikke),trina_(nikke),0,妮姬,110
scarlet_(black_shadow)_(longing_flower)_(nikke),scarlet_(nikke),1,妮姬,107
mary_(bay_goddess)_(nikke),mary_(nikke),1,妮姬,106
grave_(beautiful_you)_(nikke),grave_(nikke),1,妮姬,106
isabel_(nikke),isabel_(nikke),0,妮姬,105
rupee_(winter_shopper)_(nikke),rupee_(nikke),1,妮姬,103
delta_(nikke),delta_(nikke),0,妮姬,100
eunhwa_(tactical_upgrade)_(nikke),eunhwa_(nikke),1,妮姬,100
neon_(blue_ocean)_(nikke),neon_(nikke),1,妮姬,98
mast_(a_pirate's_heart)_(nikke),mast_(nikke),1,妮姬,95
helm_(chandelier)_(nikke),helm_(nikke),1,妮姬,92
rapi_(red_hood)_(cherished_red)_(nikke),rapi_(nikke),1,妮姬,92
helm_(post-shower_moment)_(nikke),helm_(nikke),1,妮姬,90
little_mermaid_(beautiful_bubble)_(nikke),little_mermaid_(nikke),1,妮姬,86
noir_(black_rabbit)_(nikke),noir_(nikke),1,妮姬,85
nayuta_(wu_wei)_(nikke),nayuta_(nikke),1,妮姬,82
pepper_(ocean_vitamin)_(nikke),pepper_(nikke),1,妮姬,79
blanc_(white_rabbit)_(nikke),blanc_(nikke),1,妮姬,78
emma_(tactical_upgrade)_(nikke),emma_(nikke),1,妮姬,75
guilty_(wave_of_disbelief)_(nikke),guilty_(nikke),1,妮姬,74
maiden_(under_the_sun)_(nikke),maiden_(nikke),1,妮姬,73
mast_(romantic_maid)_(tea_service)_(nikke),mast_(nikke),1,妮姬,72
little_mermaid_(abyss_flower)_(nikke),little_mermaid_(nikke),1,妮姬,71
anis_(star)_(starlight)_(nikke),anis_(nikke),1,妮姬,71
guillotine_(winter_slayer)_(nikke),guillotine_(nikke),1,妮姬,70
centi_(ocean_repair)_(nikke),centi_(nikke),1,妮姬,68
delta_(ninja_thief)_(nikke),delta_(nikke),1,妮姬,68
moran_(off-duty_queen)_(nikke),moran_(nikke),1,妮姬,62
liberalio_(dreaming_lake)_(nikke),liberalio_(nikke),1,妮姬,62
soline_(frost_ticket)_(nikke),soline_(nikke),1,妮姬,61
rapi_(red_hood)_(shining_light)_(nikke),rapi_(nikke),1,妮姬,57
neon_(vision_eye)_(nikke),neon_(nikke),1,妮姬,57
n102_(miracle_fairy)_(nikke),n102_(nikke),1,妮姬,56
alice_(marchen_dream)_(nikke),alice_(nikke),1,妮姬,55
exia_(hacker_rabbit)_(nikke),exia_(nikke),1,妮姬,52
dorothy_(nostalgia)_(nikke),dorothy_(nikke),1,妮姬,50
noise_(classic_diva)_(nikke),noise_(nikke),1,妮姬,50
alice_(sweet_home)_(nikke),alice_(nikke),1,妮姬,49
frima_(sea_of_sloth)_(nikke),frima_(nikke),1,妮姬,46
diesel_(winter_sweets)_(nikke),diesel_(nikke),1,妮姬,46
vesti_(tactical_upgrade)_(nikke),vesti_(nikke),1,妮姬,45
rapi_(mass_produced)_(nikke),rapi_(nikke),1,妮姬,44
scarlet_(racer's_high)_(nikke),scarlet_(nikke),1,妮姬,43
volume_(beat_the_gun)_(nikke),volume_(nikke),1,妮姬,40
centi_(supreme_holiday)_(nikke),centi_(nikke),1,妮姬,39
naga_(last_girlhood)_(nikke),naga_(nikke),1,妮姬,39
sin_(backstreet_dream)_(nikke),sin_(nikke),1,妮姬,39
poli_(cheer_up_police)_(nikke),poli_(nikke),1,妮姬,38
tove_(sunblaze)_(nikke),tove_(nikke),1,妮姬,37
emma_(tactical_upgrade)_(secret_therapy)_(nikke),emma_(nikke),1,妮姬,37
sakura_(midnight_stealth)_(nikke),sakura_(nikke),1,妮姬,36
yuni_(chimera)_(nikke),yuni_(nikke),1,妮姬,36
trony_(sweet_step)_(nikke),trony_(nikke),1,妮姬,34
mihara_(bonding_chain)_(pain_eater)_(nikke),mihara_(nikke),1,妮姬,32
mint_(fresh_mint)_(nikke),mint_(nikke),1,妮姬,32
drake_(villain_racer)_(nikke),drake_(nikke),1,妮姬,31
noir_(baseball_cheerleader)_(nikke),noir_(nikke),1,妮姬,31
maiden_(covert_nurse)_(nikke),maiden_(nikke),1,妮姬,30
miranda_(thief_of_justice)_(nikke),miranda_(nikke),1,妮姬,30
rapi_(young)_(nikke),rapi_(nikke),1,妮姬,30
tia_(sweet_chef)_(nikke),tia_(nikke),1,妮姬,28
emma_(color_me_red)_(nikke),emma_(nikke),1,妮姬,27
eunhwa_(tactical_upgrade)_(day_off)_(nikke),eunhwa_(nikke),1,妮姬,27
liter_(guardfish)_(nikke),liter_(nikke),1,妮姬,26
liter_(cute_sunflower)_(nikke),liter_(nikke),1,妮姬,26
d_(killer_wife)_(secret_party_cleaner)_(nikke),d_(nikke),1,妮姬,26
jackal_(class_troublemaker)_(nikke),jackal_(nikke),1,妮姬,26
blanc_(no._77_batter)_(nikke),blanc_(nikke),1,妮姬,24
drake_(maid_for_villain)_(nikke),drake_(nikke),1,妮姬,23
tia_(lovely_date)_(nikke),tia_(nikke),1,妮姬,21
ade_(maid_in_spring)_(nikke),ade_(nikke),1,妮姬,21
mast_(mast_the_diver)_(nikke),mast_(nikke),1,妮姬,19
dorothy_(luna_light)_(nikke),dorothy_(nikke),1,妮姬,19
vesti_(ark_mage)_(nikke),vesti_(nikke),1,妮姬,18
maxwell_(mechanic_white)_(nikke),maxwell_(nikke),1,妮姬,17
noise_(cherry_blossom_stage)_(nikke),noise_(nikke),1,妮姬,17
emma_(office_therapy)_(nikke),emma_(nikke),1,妮姬,17
privaty_(banquet_princess)_(nikke),privaty_(nikke),1,妮姬,17
rosanna_(ms.dangerous)_(nikke),rosanna_(nikke),1,妮姬,17
isabel_(honeymoon_party)_(nikke),isabel_(nikke),1,妮姬,17
yuni_(pretty_in_pink)_(nikke),yuni_(nikke),1,妮姬,16
bready_(frosty_bite)_(nikke),bready_(nikke),1,妮姬,16
clay_(cheer_up_training)_(nikke),clay_(nikke),1,妮姬,16
privaty_(government_grunt)_(nikke),privaty_(nikke),1,妮姬,15
tove_(baseball_fan)_(nikke),tove_(nikke),1,妮姬,15
viper_(punky_street)_(nikke),viper_(nikke),1,妮姬,12
crown_(glorious_flower)_(nikke),crown_(nikke),1,妮姬,12
exia_(gamer)_(nikke),exia_(nikke),1,妮姬,11
diesel_(strawberry_flower)_(nikke),diesel_(nikke),1,妮姬,9
naga_(elegant_date)_(nikke),naga_(nikke),1,妮姬,9
nihilister_(rebuilt)_(nikke),nihilister_(nikke),1,妮姬,9
diesel_(black_sunday)_(nikke),diesel_(nikke),1,妮姬,8
exia_(joy_to_the_nerds)_(nikke),exia_(nikke),1,妮姬,7
ein_(handmade_festa)_(nikke),ein_(nikke),1,妮姬,7
diesel_(midnight_strawberry)_(nikke),diesel_(nikke),1,妮姬,6
anchor_(anchor_the_diver)_(nikke),anchor_(nikke),1,妮姬,6
guillotine_(dark_tracer)_(nikke),guillotine_(nikke),1,妮姬,6
vesti_(tactical_upgrade)_(pure_beginner)_(nikke),vesti_(nikke),1,妮姬,6
marciana_(beta)_(nikke),marciana_(nikke),1,妮姬,5
brid_(model_worker)_(nikke),brid_(nikke),1,妮姬,4
rapi_(white_promise)_(nikke),rapi_(nikke),1,妮姬,4
neon_(old_design)_(nikke),neon_(nikke),1,妮姬,4
brid_(black_moon)_(nikke),brid_(nikke),1,妮姬,3
snow_white_(white_knight)_(nikke),snow_white_(nikke),1,妮姬,3
quency_(escape_queen)_(masquerade_swan)_(nikke),quency_(nikke),1,妮姬,3
prika_(cool_paprika)_(nikke),prika_(nikke),1,妮姬,3
neon_(bling_bullet)_(nikke),neon_(nikke),1,妮姬,2
poli_(sweet_holic)_(nikke),poli_(nikke),1,妮姬,2
milk_(extreme_fighter)_(nikke),milk_(nikke),1,妮姬,2
privaty_(destined_blue)_(nikke),privaty_(nikke),1,妮姬,2
trina_(natural_white)_(nikke),trina_(nikke),1,妮姬,2
marciana_(good_days)_(nikke),marciana_(nikke),1,妮姬,0
yuni_(wordless)_(nikke),yuni_(nikke),1,妮姬,0
alice_(toxic_rabbit)_(nikke),alice_(nikke),1,妮姬,0
yuni_(lovely_pink)_(nikke),yuni_(nikke),1,妮姬,0
miranda_(thief_of_justice_)_(nikke),miranda_(nikke),1,妮姬,0
hatsune_miku,hatsune_miku,0,孤独摇滚,137901
flandre_scarlet,flandre_scarlet,0,孤独摇滚,60372
gotoh_hitori,gotoh_hitori,0,孤独摇滚,17232
ibuki_suika,ibuki_suika,0,孤独摇滚,15617
suzumiya_haruhi,suzumiya_haruhi,0,孤独摇滚,10891
nishizumi_miho,nishizumi_miho,0,孤独摇滚,10430
chihaya_anon,chihaya_anon,0,孤独摇滚,9790
nagato_yuki,nagato_yuki,0,孤独摇滚,9213
kita_ikuyo,kita_ikuyo,0,孤独摇滚,8976
hirasawa_yui,hirasawa_yui,0,孤独摇滚,8856
kinomoto_sakura,kinomoto_sakura,0,孤独摇滚,8676
nishikino_maki,nishikino_maki,0,孤独摇滚,8296
kafuu_chino,kafuu_chino,0,孤独摇滚,7878
tainaka_ritsu,tainaka_ritsu,0,孤独摇滚,7482
ijichi_nijika,ijichi_nijika,0,孤独摇滚,7436
iseri_nina,iseri_nina,0,孤独摇滚,7402
shiina_taki,shiina_taki,0,孤独摇滚,7217
kawaragi_momoka,kawaragi_momoka,0,孤独摇滚,6938
wakaba_mutsumi,wakaba_mutsumi,0,孤独摇滚,6799
aqua_(konosuba),aqua_(konosuba),0,孤独摇滚,6446
yamada_ryo,yamada_ryo,0,孤独摇滚,6311
kuroki_tomoko,kuroki_tomoko,0,孤独摇滚,4794
runami_yachiyo,runami_yachiyo,0,孤独摇滚,4788
hiroi_kikuri,hiroi_kikuri,0,孤独摇滚,3989
yoshida_yuuko,yoshida_yuuko,0,孤独摇滚,3439
chando_(ado),chando_(ado),0,孤独摇滚,3105
kaname_raana,kaname_raana,0,孤独摇滚,2980
tennoji_rina,tennoji_rina,0,孤独摇滚,2478
katsuragi_misato,katsuragi_misato,0,孤独摇滚,2016
ijichi_seika,ijichi_seika,0,孤独摇滚,1127
pa-san,pa-san,0,孤独摇滚,1035
gotoh_hitori_(octopus),gotoh_hitori_(octopus),0,孤独摇滚,752
gotoh_hitori_(tsuchinoko),gotoh_hitori_(tsuchinoko),0,孤独摇滚,732
gotoh_futari,gotoh_futari,0,孤独摇滚,392
hitori_bocchi,hitori_bocchi,0,孤独摇滚,243
gotoh_michiyo,gotoh_michiyo,0,孤独摇滚,233
jimihen,jimihen,0,孤独摇滚,139
iwashita_shima,iwashita_shima,0,孤独摇滚,110
mash_kyrielight,mash_kyrielight,0,学园偶像大师,20201
pikachu,pikachu,0,学园偶像大师,16642
nanami_chiaki,nanami_chiaki,0,学园偶像大师,13259
hoshii_miki,hoshii_miki,0,学园偶像大师,6661
kisaragi_chihaya,kisaragi_chihaya,0,学园偶像大师,6438
shinosawa_hiro,shinosawa_hiro,0,学园偶像大师,6121
shijou_takane,shijou_takane,0,学园偶像大师,5484
akamatsu_kaede,akamatsu_kaede,0,学园偶像大师,4685
takarada_rikka,takarada_rikka,0,学园偶像大师,4554
takatsuki_yayoi,takatsuki_yayoi,0,学园偶像大师,4382
kirigiri_kyoko,kirigiri_kyoko,0,学园偶像大师,4246
alice_(alice_in_wonderland),alice_(alice_in_wonderland),0,学园偶像大师,3825
fujita_kotone,fujita_kotone,0,学园偶像大师,3798
p-head_producer,p-head_producer,0,学园偶像大师,3160
hanami_ume,hanami_ume,0,学园偶像大师,2790
hanami_saki,hanami_saki,0,学园偶像大师,2362
tsukimura_temari,tsukimura_temari,0,学园偶像大师,2344
suou_momoko,suou_momoko,0,学园偶像大师,2075
waddle_dee,waddle_dee,0,学园偶像大师,2029
himesaki_rinami,himesaki_rinami,0,学园偶像大师,2025
katsuragi_lilja,katsuragi_lilja,0,学园偶像大师,1949
hataya_misuzu,hataya_misuzu,0,学园偶像大师,1618
kuramoto_china,kuramoto_china,0,学园偶像大师,1547
juo_sena,juo_sena,0,学园偶像大师,1372
arimura_mao,arimura_mao,0,学园偶像大师,1235
shiun_sumika,shiun_sumika,0,学园偶像大师,1234
kaya_rinha,kaya_rinha,0,学园偶像大师,874
neo_asari,neo_asari,0,学园偶像大师,521
deux_murasame,deux_murasame,0,学园偶像大师,427
amaya_tsubame,amaya_tsubame,0,学园偶像大师,320
hiwatari_kanae,hiwatari_kanae,0,学园偶像大师,134
aoi_nadeshiko,aoi_nadeshiko,0,学园偶像大师,107
hk416_(girls'_frontline),hk416_(girls'_frontline),0,少女前线,6532
ump45_(girls'_frontline),ump45_(girls'_frontline),0,少女前线,4439
wa2000_(girls'_frontline),wa2000_(girls'_frontline),0,少女前线,3146
ump9_(girls'_frontline),ump9_(girls'_frontline),0,少女前线,2783
springfield_(girls'_frontline),springfield_(girls'_frontline),0,少女前线,2525
commander_(girls'_frontline),commander_(girls'_frontline),0,少女前线,2511
ak-12_(girls'_frontline),ak-12_(girls'_frontline),0,少女前线,2446
an-94_(girls'_frontline),an-94_(girls'_frontline),0,少女前线,2215
g11_(girls'_frontline),g11_(girls'_frontline),0,少女前线,2114
m4a1_(girls'_frontline),m4a1_(girls'_frontline),0,少女前线,1856
m16a1_(girls'_frontline),m16a1_(girls'_frontline),0,少女前线,1844
m200_(girls'_frontline),m200_(girls'_frontline),0,少女前线,1815
m4_sopmod_ii_(girls'_frontline),m4_sopmod_ii_(girls'_frontline),0,少女前线,1792
st_ar-15_(girls'_frontline),st_ar-15_(girls'_frontline),0,少女前线,1666
ro635_(girls'_frontline),ro635_(girls'_frontline),0,少女前线,1466
rpk-16_(girls'_frontline),rpk-16_(girls'_frontline),0,少女前线,1406
suomi_(girls'_frontline),suomi_(girls'_frontline),0,少女前线,1393
g36_(girls'_frontline),g36_(girls'_frontline),0,少女前线,1195
type_95_(girls'_frontline),type_95_(girls'_frontline),0,少女前线,1139
ak-15_(girls'_frontline),ak-15_(girls'_frontline),0,少女前线,1101
ots-14_(girls'_frontline),ots-14_(girls'_frontline),0,少女前线,1086
kalina_(girls'_frontline),kalina_(girls'_frontline),0,少女前线,1025
dinergate_(girls'_frontline),dinergate_(girls'_frontline),0,少女前线,1018
spas-12_(girls'_frontline),spas-12_(girls'_frontline),0,少女前线,970
vsk-94_(girls'_frontline),vsk-94_(girls'_frontline),0,少女前线,859
p90_(girls'_frontline),p90_(girls'_frontline),0,少女前线,855
female_commander_(girls'_frontline),female_commander_(girls'_frontline),0,少女前线,852
mdr_(girls'_frontline),mdr_(girls'_frontline),0,少女前线,811
pa-15_(girls'_frontline),pa-15_(girls'_frontline),0,少女前线,795
grizzly_mkv_(girls'_frontline),grizzly_mkv_(girls'_frontline),0,少女前线,788
negev_(girls'_frontline),negev_(girls'_frontline),0,少女前线,780
9a-91_(girls'_frontline),9a-91_(girls'_frontline),0,少女前线,775
g41_(girls'_frontline),g41_(girls'_frontline),0,少女前线,763
mp40_(girls'_frontline),mp40_(girls'_frontline),0,少女前线,729
aa-12_(girls'_frontline),aa-12_(girls'_frontline),0,少女前线,717
kar98k_(girls'_frontline),kar98k_(girls'_frontline),0,少女前线,701
dsr-50_(girls'_frontline),dsr-50_(girls'_frontline),0,少女前线,694
welrod_mkii_(girls'_frontline),welrod_mkii_(girls'_frontline),0,少女前线,690
vector_(girls'_frontline),vector_(girls'_frontline),0,少女前线,676
type_97_(girls'_frontline),type_97_(girls'_frontline),0,少女前线,674
nagant_revolver_(girls'_frontline),nagant_revolver_(girls'_frontline),0,少女前线,664
mp7_(girls'_frontline),mp7_(girls'_frontline),0,少女前线,643
tokarev_(girls'_frontline),tokarev_(girls'_frontline),0,少女前线,607
springfield_(cafe)_(girls'_frontline),springfield_(girls'_frontline),1,少女前线,544
idw_(girls'_frontline),idw_(girls'_frontline),0,少女前线,532
agent_(girls'_frontline),agent_(girls'_frontline),0,少女前线,522
five-seven_(girls'_frontline),five-seven_(girls'_frontline),0,少女前线,515
k2_(girls'_frontline),k2_(girls'_frontline),0,少女前线,513
ump40_(girls'_frontline),ump40_(girls'_frontline),0,少女前线,512
rfb_(girls'_frontline),rfb_(girls'_frontline),0,少女前线,511
m16a1_(boss)_(girls'_frontline),m16a1_(girls'_frontline),1,少女前线,508
s.a.t.8_(girls'_frontline),s.a.t.8_(girls'_frontline),0,少女前线,504
nyto_(girls'_frontline),nyto_(girls'_frontline),0,少女前线,493
svd_(girls'_frontline),svd_(girls'_frontline),0,少女前线,484
dp-12_(girls'_frontline),dp-12_(girls'_frontline),0,少女前线,481
angelia_(girls'_frontline),angelia_(girls'_frontline),0,少女前线,458
iws_2000_(girls'_frontline),iws_2000_(girls'_frontline),0,少女前线,458
architect_(girls'_frontline),architect_(girls'_frontline),0,少女前线,453
m4a1_(mod3)_(girls'_frontline),m4a1_(girls'_frontline),1,少女前线,452
m14_(girls'_frontline),m14_(girls'_frontline),0,少女前线,446
ntw-20_(girls'_frontline),ntw-20_(girls'_frontline),0,少女前线,431
lee-enfield_(girls'_frontline),lee-enfield_(girls'_frontline),0,少女前线,396
thunder_(girls'_frontline),thunder_(girls'_frontline),0,少女前线,393
hk416_(black_kitty's_gift)_(girls'_frontline),hk416_(girls'_frontline),1,少女前线,391
banana_(girls'_frontline),banana_(girls'_frontline),0,少女前线,380
m950a_(girls'_frontline),m950a_(girls'_frontline),0,少女前线,370
zas_m21_(girls'_frontline),zas_m21_(girls'_frontline),0,少女前线,367
ppk_(girls'_frontline),ppk_(girls'_frontline),0,少女前线,365
fal_(girls'_frontline),fal_(girls'_frontline),0,少女前线,358
mosin-nagant_(girls'_frontline),mosin-nagant_(girls'_frontline),0,少女前线,358
destroyer_(girls'_frontline),destroyer_(girls'_frontline),0,少女前线,355
tar-21_(girls'_frontline),tar-21_(girls'_frontline),0,少女前线,344
sv-98_(girls'_frontline),sv-98_(girls'_frontline),0,少女前线,334
tmp_(girls'_frontline),tmp_(girls'_frontline),0,少女前线,333
rpk-16_(renate)_(girls'_frontline),rpk-16_(girls'_frontline),1,少女前线,329
st_ar-15_(mod3)_(girls'_frontline),st_ar-15_(girls'_frontline),1,少女前线,326
ribeyrolles_(girls'_frontline),ribeyrolles_(girls'_frontline),0,少女前线,318
super_sass_(girls'_frontline),super_sass_(girls'_frontline),0,少女前线,314
helianthus_(girls'_frontline),helianthus_(girls'_frontline),0,少女前线,312
ump45_(mod3)_(girls'_frontline),ump45_(girls'_frontline),1,少女前线,312
thompson_(girls'_frontline),thompson_(girls'_frontline),0,少女前线,311
suomi_(midsummer_pixie)_(girls'_frontline),suomi_(girls'_frontline),1,少女前线,310
super-shorty_(girls'_frontline),super-shorty_(girls'_frontline),0,少女前线,306
ak-alfa_(girls'_frontline),ak-alfa_(girls'_frontline),0,少女前线,305
sig_mcx_(girls'_frontline),sig_mcx_(girls'_frontline),0,少女前线,303
type_100_(girls'_frontline),type_100_(girls'_frontline),0,少女前线,303
mp5_(girls'_frontline),mp5_(girls'_frontline),0,少女前线,300
ouroboros_(girls'_frontline),ouroboros_(girls'_frontline),0,少女前线,299
fnc_(girls'_frontline),fnc_(girls'_frontline),0,少女前线,298
ksvk_(girls'_frontline),ksvk_(girls'_frontline),0,少女前线,285
pkp_(girls'_frontline),pkp_(girls'_frontline),0,少女前线,284
springfield_(stirring_mermaid)_(girls'_frontline),springfield_(girls'_frontline),1,少女前线,279
hk416_(mod3)_(girls'_frontline),hk416_(girls'_frontline),1,少女前线,277
g36c_(girls'_frontline),g36c_(girls'_frontline),0,少女前线,272
dandelion_(girls'_frontline),dandelion_(girls'_frontline),0,少女前线,268
saiga-12_(girls'_frontline),saiga-12_(girls'_frontline),0,少女前线,268
hk416_(starry_cocoon)_(girls'_frontline),hk416_(girls'_frontline),1,少女前线,265
stg44_(girls'_frontline),stg44_(girls'_frontline),0,少女前线,261
mg5_(girls'_frontline),mg5_(girls'_frontline),0,少女前线,246
persica_(girls'_frontline),persica_(girls'_frontline),0,少女前线,244
c-ms_(girls'_frontline),c-ms_(girls'_frontline),0,少女前线,243
sr-3mp_(girls'_frontline),sr-3mp_(girls'_frontline),0,少女前线,239
alchemist_(girls'_frontline),alchemist_(girls'_frontline),0,少女前线,223
dreamer_(girls'_frontline),dreamer_(girls'_frontline),0,少女前线,219
mk23_(girls'_frontline),mk23_(girls'_frontline),0,少女前线,218
carcano_m1891_(girls'_frontline),carcano_m1891_(girls'_frontline),0,少女前线,217
aug_(girls'_frontline),aug_(girls'_frontline),0,少女前线,212
k11_(girls'_frontline),k11_(girls'_frontline),0,少女前线,210
g28_(girls'_frontline),g28_(girls'_frontline),0,少女前线,208
m37_(girls'_frontline),m37_(girls'_frontline),0,少女前线,208
m4_sopmod_ii_(mod3)_(girls'_frontline),m4_sopmod_ii_(girls'_frontline),1,少女前线,206
skorpion_(girls'_frontline),skorpion_(girls'_frontline),0,少女前线,204
ak-12_(quiet_azure)_(girls'_frontline),ak-12_(girls'_frontline),1,少女前线,204
contender_(girls'_frontline),contender_(girls'_frontline),0,少女前线,203
lwmmg_(girls'_frontline),lwmmg_(girls'_frontline),0,少女前线,200
ump45_(agent_lop_rabbit)_(girls'_frontline),ump45_(girls'_frontline),1,少女前线,198
dsr-50_(highest_bid)_(girls'_frontline),dsr-50_(girls'_frontline),1,少女前线,197
m590_(girls'_frontline),m590_(girls'_frontline),0,少女前线,196
ppsh-41_(girls'_frontline),ppsh-41_(girls'_frontline),0,少女前线,195
scarecrow_(girls'_frontline),scarecrow_(girls'_frontline),0,少女前线,195
m1_garand_(girls'_frontline),m1_garand_(girls'_frontline),0,少女前线,195
g3_(girls'_frontline),g3_(girls'_frontline),0,少女前线,193
dier_(girls'_frontline),dier_(girls'_frontline),0,少女前线,192
type_95_(narcissus)_(girls'_frontline),type_95_(girls'_frontline),1,少女前线,190
type_80_(girls'_frontline),type_80_(girls'_frontline),0,少女前线,187
m1918_(girls'_frontline),m1918_(girls'_frontline),0,少女前线,183
ro635_(mod3)_(girls'_frontline),ro635_(girls'_frontline),1,少女前线,180
cz75_(girls'_frontline),cz75_(girls'_frontline),0,少女前线,179
aek-999_(girls'_frontline),aek-999_(girls'_frontline),0,少女前线,178
p7_(girls'_frontline),p7_(girls'_frontline),0,少女前线,177
an-94_(silent_rouge)_(girls'_frontline),an-94_(girls'_frontline),1,少女前线,176
type_79_(girls'_frontline),type_79_(girls'_frontline),0,少女前线,170
micro_uzi_(girls'_frontline),micro_uzi_(girls'_frontline),0,少女前线,170
ak74m_(girls'_frontline),ak74m_(girls'_frontline),0,少女前线,167
carcano_m91/38_(girls'_frontline),carcano_m91/38_(girls'_frontline),0,少女前线,166
type_95_(summer_cicada)_(girls'_frontline),type_95_(girls'_frontline),1,少女前线,165
k5_(girls'_frontline),k5_(girls'_frontline),0,少女前线,163
ots-14_(sangria_succulent)_(girls'_frontline),ots-14_(girls'_frontline),1,少女前线,162
ak-12_(lucia)_(girls'_frontline),ak-12_(girls'_frontline),1,少女前线,158
m870_(girls'_frontline),m870_(girls'_frontline),0,少女前线,156
mk48_(girls'_frontline),mk48_(girls'_frontline),0,少女前线,156
wa2000_(date_in_the_snow)_(girls'_frontline),wa2000_(girls'_frontline),1,少女前线,156
ots-12_(girls'_frontline),ots-12_(girls'_frontline),0,少女前线,155
klin_(girls'_frontline),klin_(girls'_frontline),0,少女前线,154
ump9_(mod3)_(girls'_frontline),ump9_(girls'_frontline),1,少女前线,154
mg4_(girls'_frontline),mg4_(girls'_frontline),0,少女前线,149
dima_(girls'_frontline),dima_(girls'_frontline),0,少女前线,149
hk416_(herbal-flavored_hard_candy)_(girls'_frontline),hk416_(girls'_frontline),1,少女前线,149
gager_(girls'_frontline),gager_(girls'_frontline),0,少女前线,148
wa2000_(ballroom_interlude)_(girls'_frontline),wa2000_(girls'_frontline),1,少女前线,146
an-94_(antje)_(girls'_frontline),an-94_(girls'_frontline),1,少女前线,145
hs2000_(girls'_frontline),hs2000_(girls'_frontline),0,少女前线,140
ripper_(girls'_frontline),ripper_(girls'_frontline),0,少女前线,140
wa2000_(op._manta_ray)_(girls'_frontline),wa2000_(girls'_frontline),1,少女前线,140
qbz-191_(girls'_frontline),qbz-191_(girls'_frontline),0,少女前线,139
stechkin_(girls'_frontline),stechkin_(girls'_frontline),0,少女前线,137
nagant_revolver_(mod3)_(girls'_frontline),nagant_revolver_(girls'_frontline),1,少女前线,137
m1911_(girls'_frontline),m1911_(girls'_frontline),0,少女前线,136
ak-15_(erwin)_(girls'_frontline),ak-15_(girls'_frontline),1,少女前线,136
ar-57_(girls'_frontline),ar-57_(girls'_frontline),0,少女前线,133
m99_(girls'_frontline),m99_(girls'_frontline),0,少女前线,133
executioner_(girls'_frontline),executioner_(girls'_frontline),0,少女前线,131
lewis_(girls'_frontline),lewis_(girls'_frontline),0,少女前线,131
springfield_(queen_in_radiance)_(girls'_frontline),springfield_(girls'_frontline),1,少女前线,130
makarov_(girls'_frontline),makarov_(girls'_frontline),0,少女前线,129
m2hb_(girls'_frontline),m2hb_(girls'_frontline),0,少女前线,128
ump9_(shiba_investigator)_(girls'_frontline),ump9_(girls'_frontline),1,少女前线,128
p90_(the_girl_from_b.e.l)_(girls'_frontline),p90_(girls'_frontline),1,少女前线,127
pk_(girls'_frontline),pk_(girls'_frontline),0,少女前线,126
suomi_(korvatunturi_pixie)_(girls'_frontline),suomi_(girls'_frontline),1,少女前线,126
colt_revolver_(girls'_frontline),colt_revolver_(girls'_frontline),0,少女前线,121
sten_mkii_(girls'_frontline),sten_mkii_(girls'_frontline),0,少女前线,121
spas-12_(midsummer_fruit)_(girls'_frontline),spas-12_(girls'_frontline),1,少女前线,121
sv-98_(mod3)_(girls'_frontline),sv-98_(girls'_frontline),1,少女前线,120
scar-h_(girls'_frontline),scar-h_(girls'_frontline),0,少女前线,119
five-seven_(cruise_queen)_(girls'_frontline),five-seven_(girls'_frontline),1,少女前线,118
pa-15_(marvelous_yam_pastry)_(girls'_frontline),pa-15_(girls'_frontline),1,少女前线,118
hk416_(midnight_evangelion)_(girls'_frontline),hk416_(girls'_frontline),1,少女前线,116
ots-14_(ruler_of_the_banquet)_(girls'_frontline),ots-14_(girls'_frontline),1,少女前线,116
elisa_(girls'_frontline),elisa_(girls'_frontline),0,少女前线,115
ak-47_(girls'_frontline),ak-47_(girls'_frontline),0,少女前线,114
python_(girls'_frontline),python_(girls'_frontline),0,少女前线,112
morridow_(girls'_frontline),morridow_(girls'_frontline),0,少女前线,111
gentiane_(girls'_frontline),gentiane_(girls'_frontline),0,少女前线,111
type_97_(peony)_(girls'_frontline),type_97_(girls'_frontline),1,少女前线,110
intruder_(girls'_frontline),intruder_(girls'_frontline),0,少女前线,109
type_4_(girls'_frontline),type_4_(girls'_frontline),0,少女前线,109
sl8_(girls'_frontline),sl8_(girls'_frontline),0,少女前线,107
berezovich_kryuger_(girls'_frontline),berezovich_kryuger_(girls'_frontline),0,少女前线,107
ump45_(diamond_flower)_(girls'_frontline),ump45_(girls'_frontline),1,少女前线,106
mp41_(girls'_frontline),mp41_(girls'_frontline),0,少女前线,105
judge_(girls'_frontline),judge_(girls'_frontline),0,少女前线,105
hunter_(girls'_frontline),hunter_(girls'_frontline),0,少女前线,105
qbu-88_(girls'_frontline),qbu-88_(girls'_frontline),0,少女前线,105
adeline_(girls'_frontline),adeline_(girls'_frontline),0,少女前线,105
general_liu_(girls'_frontline),general_liu_(girls'_frontline),0,少女前线,104
tokarev_(griffin's_dancer)_(girls'_frontline),tokarev_(girls'_frontline),1,少女前线,103
g41_(beach_punk_2064)_(girls'_frontline),g41_(girls'_frontline),1,少女前线,103
g36_(mod3)_(girls'_frontline),g36_(girls'_frontline),1,少女前线,103
type_97_shotgun_(girls'_frontline),type_97_shotgun_(girls'_frontline),0,少女前线,102
dsr-50_(red_peony)_(girls'_frontline),dsr-50_(girls'_frontline),1,少女前线,102
hs.50_(girls'_frontline),hs.50_(girls'_frontline),0,少女前线,101
art556_(girls'_frontline),art556_(girls'_frontline),0,少女前线,100
grizzly_mkv_(weekend_cop)_(girls'_frontline),grizzly_mkv_(girls'_frontline),1,少女前线,98
negev_(little_drifter)_(girls'_frontline),negev_(girls'_frontline),1,少女前线,97
vsk-94_(dance_like_the_blazing_sun)_(girls'_frontline),vsk-94_(girls'_frontline),1,少女前线,96
mosin-nagant_(mod3)_(girls'_frontline),mosin-nagant_(girls'_frontline),1,少女前线,94
m37_(summer_parader)_(girls'_frontline),m37_(girls'_frontline),1,少女前线,89
aa-12_(the_sun_never_rises)_(girls'_frontline),aa-12_(girls'_frontline),1,少女前线,88
ak-12_(age_of_slushies)_(girls'_frontline),ak-12_(girls'_frontline),1,少女前线,86
vsk-94_(night_on_the_silver_bay)_(girls'_frontline),vsk-94_(girls'_frontline),1,少女前线,85
aa-12_(smokeless_lollipop)_(girls'_frontline),aa-12_(girls'_frontline),1,少女前线,84
p90_(scarlet_turbo)_(girls'_frontline),p90_(girls'_frontline),1,少女前线,83
tar-21_(night_at_the_bar)_(girls'_frontline),tar-21_(girls'_frontline),1,少女前线,81
pa-15_(alluring_larkspur)_(girls'_frontline),pa-15_(girls'_frontline),1,少女前线,80
pa-15_(high_school_thrills)_(girls'_frontline),pa-15_(girls'_frontline),1,少女前线,79
super_sass_(mod3)_(girls'_frontline),super_sass_(girls'_frontline),1,少女前线,78
mp7_(lollipop_ammo)_(girls'_frontline),mp7_(girls'_frontline),1,少女前线,77
nyto_(generic)_(girls'_frontline),nyto_(girls'_frontline),1,少女前线,76
g36_(50_days_with_g36)_(girls'_frontline),g36_(girls'_frontline),1,少女前线,76
springfield_(o_holy_night)_(girls'_frontline),springfield_(girls'_frontline),1,少女前线,76
wa2000_(haunted_castle)_(girls'_frontline),wa2000_(girls'_frontline),1,少女前线,75
architect_(nvw_model)_(girls'_frontline),architect_(girls'_frontline),1,少女前线,75
grizzly_mkv_(teddy_transform!)_(girls'_frontline),grizzly_mkv_(girls'_frontline),1,少女前线,74
ntw-20_(the_aristocrat_experience)_(girls'_frontline),ntw-20_(girls'_frontline),1,少女前线,74
m4_sopmod_ii_(devourer_of_the_feast)_(girls'_frontline),m4_sopmod_ii_(girls'_frontline),1,少女前线,71
g3_(mod3)_(girls'_frontline),g3_(girls'_frontline),1,少女前线,70
springfield_(classic_witch)_(girls'_frontline),springfield_(girls'_frontline),1,少女前线,68
9a-91_(bullets_cafe)_(girls'_frontline),9a-91_(girls'_frontline),1,少女前线,64
zas_m21_(white_queen)_(girls'_frontline),zas_m21_(girls'_frontline),1,少女前线,62
mdr_(cocktail_observer)_(girls'_frontline),mdr_(girls'_frontline),1,少女前线,62
spas-12_(goblin_huntress)_(girls'_frontline),spas-12_(girls'_frontline),1,少女前线,61
five-seven_(adventures_of_fenfen)_(girls'_frontline),five-seven_(girls'_frontline),1,少女前线,61
morridow_(boss)_(girls'_frontline),morridow_(girls'_frontline),1,少女前线,60
an-94_(mod3)_(girls'_frontline),an-94_(girls'_frontline),1,少女前线,60
rfb_(how_rfb_stole_xmas)_(girls'_frontline),rfb_(girls'_frontline),1,少女前线,59
ots-14_(flurry_of_petals)_(girls'_frontline),ots-14_(girls'_frontline),1,少女前线,58
vsk-94_(christmas_eve_detective)_(girls'_frontline),vsk-94_(girls'_frontline),1,少女前线,57
g36_(mini_maid)_(girls'_frontline),g36_(girls'_frontline),1,少女前线,56
m16a1_(blazer_of_the_trail)_(girls'_frontline),m16a1_(girls'_frontline),1,少女前线,55
ots-14_(destined_love)_(girls'_frontline),ots-14_(girls'_frontline),1,少女前线,54
hk416_(fang)_(girls'_frontline),hk416_(girls'_frontline),1,少女前线,53
m4a1_(suspender_of_time)_(girls'_frontline),m4a1_(girls'_frontline),1,少女前线,53
ntw-20_(op._blazing_sun)_(girls'_frontline),ntw-20_(girls'_frontline),1,少女前线,52
nagant_revolver_(astral_bond)_(girls'_frontline),nagant_revolver_(girls'_frontline),1,少女前线,51
mosin-nagant_(moonlit_ocean)_(girls'_frontline),mosin-nagant_(girls'_frontline),1,少女前线,50
contender_(flowerful_maid)_(girls'_frontline),contender_(girls'_frontline),1,少女前线,48
ump45_(lonely_traveler_of_eternity)_(girls'_frontline),ump45_(girls'_frontline),1,少女前线,48
g11_(mod3)_(girls'_frontline),g11_(girls'_frontline),1,少女前线,48
type_79_(nine-tail_fox)_(girls'_frontline),type_79_(girls'_frontline),1,少女前线,47
mp40_(champagne_of_spades)_(girls'_frontline),mp40_(girls'_frontline),1,少女前线,47
rpk-16_(boss)_(girls'_frontline),rpk-16_(girls'_frontline),1,少女前线,46
skorpion_(crimson_starlet)_(girls'_frontline),skorpion_(girls'_frontline),1,少女前线,45
aek-999_(babe_driver)_(girls'_frontline),aek-999_(girls'_frontline),1,少女前线,45
ppk_(foliage_romance)_(girls'_frontline),ppk_(girls'_frontline),1,少女前线,44
c-ms_(the_wonderful_adventures_of_goose)_(girls'_frontline),c-ms_(girls'_frontline),1,少女前线,42
iws_2000_(the_seventh_sealer)_(girls'_frontline),iws_2000_(girls'_frontline),1,少女前线,42
m14_(mod3)_(girls'_frontline),m14_(girls'_frontline),1,少女前线,41
"ump45_(""just_this_time."")_(girls'_frontline)",ump45_(girls'_frontline),1,少女前线,39
s.a.t.8_(pumpkin_skewers)_(girls'_frontline),s.a.t.8_(girls'_frontline),1,少女前线,39
ak-15_(mod3)_(girls'_frontline),ak-15_(girls'_frontline),1,少女前线,39
grizzly_mkv_(elite_on_patrol)_(girls'_frontline),grizzly_mkv_(girls'_frontline),1,少女前线,39
hk416_(percussive_bolero)_(girls'_frontline),hk416_(girls'_frontline),1,少女前线,38
an-94_(the_diving_bell_and_the_doll)_(girls'_frontline),an-94_(girls'_frontline),1,少女前线,38
g36_(pure_white_cornflower)_(girls'_frontline),g36_(girls'_frontline),1,少女前线,37
suomi_(blissful_mission)_(girls'_frontline),suomi_(girls'_frontline),1,少女前线,36
tokarev_(a_couple's_journey)_(girls'_frontline),tokarev_(girls'_frontline),1,少女前线,36
ppk_(mach_tempest)_(girls'_frontline),ppk_(girls'_frontline),1,少女前线,35
m200_(war_correspondent)_(girls'_frontline),m200_(girls'_frontline),1,少女前线,35
m950a_(concert_diva!)_(girls'_frontline),m950a_(girls'_frontline),1,少女前线,35
vector_(kitty_paws)_(girls'_frontline),vector_(girls'_frontline),1,少女前线,35
mk23_(new_term_begins_with_a_meow)_(girls'_frontline),mk23_(girls'_frontline),1,少女前线,35
kar98k_(purity_in_vermilion)_(girls'_frontline),kar98k_(girls'_frontline),1,少女前线,35
saiga-12_(crimson_navigator)_(girls'_frontline),saiga-12_(girls'_frontline),1,少女前线,35
ak-12_(faint_light_of_furthest_day)_(girls'_frontline),ak-12_(girls'_frontline),1,少女前线,35
idw_(mod3)_(girls'_frontline),idw_(girls'_frontline),1,少女前线,35
m1918_(bunny_girl)_(girls'_frontline),m1918_(girls'_frontline),1,少女前线,34
ump45_(the_wish-making_sorceress_of_fireworks)_(girls'_frontline),ump45_(girls'_frontline),1,少女前线,34
k11_(lil'_scientist)_(girls'_frontline),k11_(girls'_frontline),1,少女前线,34
svd_(winter_fairy)_(girls'_frontline),svd_(girls'_frontline),1,少女前线,33
ro635_(enforcer_of_the_law)_(girls'_frontline),ro635_(girls'_frontline),1,少女前线,32
fal_(fal's_summer)_(girls'_frontline),fal_(girls'_frontline),1,少女前线,32
ump9_(the_world's_melody)_(girls'_frontline),ump9_(girls'_frontline),1,少女前线,32
ump45_(winter_journey)_(girls'_frontline),ump45_(girls'_frontline),1,少女前线,32
carcano_m91/38_(miss_pinocchio)_(girls'_frontline),carcano_m91/38_(girls'_frontline),1,少女前线,32
mdr_(ghost_trap)_(girls'_frontline),mdr_(girls'_frontline),1,少女前线,31
stg44_(detective's_sidekick)_(girls'_frontline),stg44_(girls'_frontline),1,少女前线,31
g36c_(you_who_steps_up)_(girls'_frontline),g36c_(girls'_frontline),1,少女前线,30
lee-enfield_(onion_shooter)_(girls'_frontline),lee-enfield_(girls'_frontline),1,少女前线,30
m950a_(ace_on_duty)_(girls'_frontline),m950a_(girls'_frontline),1,少女前线,30
mg4_(survival_club)_(girls'_frontline),mg4_(girls'_frontline),1,少女前线,30
pkp_(l.a.d.y)_(girls'_frontline),pkp_(girls'_frontline),1,少女前线,30
carcano_m1891_(little_brave_cano)_(girls'_frontline),carcano_m1891_(girls'_frontline),1,少女前线,30
stechkin_(miss_camellia's_special_service)_(girls'_frontline),stechkin_(girls'_frontline),1,少女前线,30
dp-12_(morning_fable)_(girls'_frontline),dp-12_(girls'_frontline),1,少女前线,30
st_ar-15_(prisoner_of_the_dream)_(girls'_frontline),st_ar-15_(girls'_frontline),1,少女前线,29
st_ar-15_(literary_girl)_(girls'_frontline),st_ar-15_(girls'_frontline),1,少女前线,29
g11_(dragon_jr.)_(girls'_frontline),g11_(girls'_frontline),1,少女前线,29
g28_(beer_ranch)_(girls'_frontline),g28_(girls'_frontline),1,少女前线,29
k2_(before_dawn)_(girls'_frontline),k2_(girls'_frontline),1,少女前线,29
ump45_(corona_sunset)_(girls'_frontline),ump45_(girls'_frontline),1,少女前线,29
stg44_(mod3)_(girls'_frontline),stg44_(girls'_frontline),1,少女前线,29
ntw-20_(xmas_reindeer)_(girls'_frontline),ntw-20_(girls'_frontline),1,少女前线,28
m950a_(mod3)_(girls'_frontline),m950a_(girls'_frontline),1,少女前线,28
ksvk_(angel's_paint_brush)_(girls'_frontline),ksvk_(girls'_frontline),1,少女前线,27
mp40_(thumbelina)_(girls'_frontline),mp40_(girls'_frontline),1,少女前线,27
idw_(cat_in_the_box)_(girls'_frontline),idw_(girls'_frontline),1,少女前线,27
m1_garand_(beach_princess)_(girls'_frontline),m1_garand_(girls'_frontline),1,少女前线,26
type_100_(gunslinger_miko)_(girls'_frontline),type_100_(girls'_frontline),1,少女前线,26
p7_(sister_gunslinger)_(girls'_frontline),p7_(girls'_frontline),1,少女前线,26
pa-15_(lady_thief_of_champagne)_(girls'_frontline),pa-15_(girls'_frontline),1,少女前线,26
g11_(fluffy_dumptruck)_(girls'_frontline),g11_(girls'_frontline),1,少女前线,26
thunder_(black_swan's_dream)_(girls'_frontline),thunder_(girls'_frontline),1,少女前线,25
type_95_(pure_white_graduation)_(girls'_frontline),type_95_(girls'_frontline),1,少女前线,25
m590_(angel's_trumpet)_(girls'_frontline),m590_(girls'_frontline),1,少女前线,25
m99_(rabbit_squad)_(girls'_frontline),m99_(girls'_frontline),1,少女前线,25
ump9_(wayfarer_of_the_profound)_(girls'_frontline),ump9_(girls'_frontline),1,少女前线,25
g36c_(burning-eyed_g36c)_(girls'_frontline),g36c_(girls'_frontline),1,少女前线,24
pkp_(flower_and_water)_(girls'_frontline),pkp_(girls'_frontline),1,少女前线,24
sv-98_(waitress)_(girls'_frontline),sv-98_(girls'_frontline),1,少女前线,24
micro_uzi_(mod3)_(girls'_frontline),micro_uzi_(girls'_frontline),1,少女前线,24
vector_(ardent_devotion)_(girls'_frontline),vector_(girls'_frontline),1,少女前线,23
lee-enfield_(lifelong_protector)_(girls'_frontline),lee-enfield_(girls'_frontline),1,少女前线,23
m950a_(home_ec_training)_(girls'_frontline),m950a_(girls'_frontline),1,少女前线,23
tmp_(red-eared_cat)_(girls'_frontline),tmp_(girls'_frontline),1,少女前线,23
fnc_(candy_thief)_(girls'_frontline),fnc_(girls'_frontline),1,少女前线,23
grizzly_mkv_(starry_night_ball)_(girls'_frontline),grizzly_mkv_(girls'_frontline),1,少女前线,22
m2hb_(cheers_on_the_blazing_tarmac)_(girls'_frontline),m2hb_(girls'_frontline),1,少女前线,21
"g36_(""sommelier"")_(girls'_frontline)",g36_(girls'_frontline),1,少女前线,21
mg5_(call_of_the_hunter)_(girls'_frontline),mg5_(girls'_frontline),1,少女前线,21
ump9_(the_wish-granting_sorceress_of_fireworks)_(girls'_frontline),ump9_(girls'_frontline),1,少女前线,21
nagant_revolver_(cream_in_the_nebula)_(girls'_frontline),nagant_revolver_(girls'_frontline),1,少女前线,21
m4a1_(a_girl's_hot_air_balloon_adventure)_(girls'_frontline),m4a1_(girls'_frontline),1,少女前线,20
super_sass_(wolf_walker)_(girls'_frontline),super_sass_(girls'_frontline),1,少女前线,20
g11_(the_rex_rabbit_in_search_of_courage)_(girls'_frontline),g11_(girls'_frontline),1,少女前线,20
"ump9_(""am_i_late?"")_(girls'_frontline)",ump9_(girls'_frontline),1,少女前线,20
m1911_(mod3)_(girls'_frontline),m1911_(girls'_frontline),1,少女前线,20
colt_revolver_(mod3)_(girls'_frontline),colt_revolver_(girls'_frontline),1,少女前线,20
ppk_(mod3)_(girls'_frontline),ppk_(girls'_frontline),1,少女前线,20
dp-12_(misty_cross)_(girls'_frontline),dp-12_(girls'_frontline),1,少女前线,20
type_97_shotgun_(truth_serum_abuser)_(girls'_frontline),type_97_shotgun_(girls'_frontline),1,少女前线,20
g11_(lucky_rat's_lazy_spring)_(girls'_frontline),g11_(girls'_frontline),1,少女前线,19
zas_m21_(affections_behind_the_bouquet)_(girls'_frontline),zas_m21_(girls'_frontline),1,少女前线,19
fnc_(strawberry_cake_&_garden_cosmos)_(girls'_frontline),fnc_(girls'_frontline),1,少女前线,19
k2_(far_east_princess)_(girls'_frontline),k2_(girls'_frontline),1,少女前线,19
type_95_(prairie_gentian_and_her_season)_(girls'_frontline),type_95_(girls'_frontline),1,少女前线,19
type_100_(tale_of_the_butterflies)_(girls'_frontline),type_100_(girls'_frontline),1,少女前线,19
idw_(cloak_and_cat_ears)_(girls'_frontline),idw_(girls'_frontline),1,少女前线,18
g36c_(ode_to_summer)_(girls'_frontline),g36c_(girls'_frontline),1,少女前线,18
g36_(every_child's_x'mas_dream)_(girls'_frontline),g36_(girls'_frontline),1,少女前线,18
mg5_(knight_of_calamity)_(girls'_frontline),mg5_(girls'_frontline),1,少女前线,18
cz75_(winter_forager)_(girls'_frontline),cz75_(girls'_frontline),1,少女前线,18
tmp_(meow_prism_power)_(girls'_frontline),tmp_(girls'_frontline),1,少女前线,18
m590_(recreation_after_school)_(girls'_frontline),m590_(girls'_frontline),1,少女前线,18
welrod_mkii_(lord_of_shadow)_(girls'_frontline),welrod_mkii_(girls'_frontline),1,少女前线,18
lewis_(sunscreen_battle)_(girls'_frontline),lewis_(girls'_frontline),1,少女前线,18
rfb_(new_year's_mvp)_(girls'_frontline),rfb_(girls'_frontline),1,少女前线,18
micro_uzi_(dorky_sleepyhead)_(girls'_frontline),micro_uzi_(girls'_frontline),1,少女前线,18
m950a_(the_warbler_and_the_rose)_(girls'_frontline),m950a_(girls'_frontline),1,少女前线,18
ak-12_(mod3)_(girls'_frontline),ak-12_(girls'_frontline),1,少女前线,18
negev_(obsidian_princess)_(girls'_frontline),negev_(girls'_frontline),1,少女前线,17
sig_mcx_(crimson_meteor)_(girls'_frontline),sig_mcx_(girls'_frontline),1,少女前线,17
grizzly_mkv_(rain_on_a_starry_night)_(girls'_frontline),grizzly_mkv_(girls'_frontline),1,少女前线,17
9a-91_(purifying_arrow_flowers_and_dreams)_(girls'_frontline),9a-91_(girls'_frontline),1,少女前线,17
contender_(opera_ghost)_(girls'_frontline),contender_(girls'_frontline),1,少女前线,17
m4_sopmod_ii_(the_guarded_beloved)_(girls'_frontline),m4_sopmod_ii_(girls'_frontline),1,少女前线,17
m16a1_(the_one-eyed_rabbit_knight)_(girls'_frontline),m16a1_(girls'_frontline),1,少女前线,17
sr-3mp_(commando_bunny)_(girls'_frontline),sr-3mp_(girls'_frontline),1,少女前线,17
g28_(tropical_storm)_(girls'_frontline),g28_(girls'_frontline),1,少女前线,17
carcano_m91/38_(insegui_l'aquilone)_(girls'_frontline),carcano_m91/38_(girls'_frontline),1,少女前线,17
g41_(universal_express)_(girls'_frontline),g41_(girls'_frontline),1,少女前线,17
ak-alfa_(cat_snatcher_beneath_the_stars)_(girls'_frontline),ak-alfa_(girls'_frontline),1,少女前线,17
lwmmg_(mod3)_(girls'_frontline),lwmmg_(girls'_frontline),1,少女前线,17
makarov_(mod3)_(girls'_frontline),makarov_(girls'_frontline),1,少女前线,17
hk416_(white_negroni)_(girls'_frontline),hk416_(girls'_frontline),1,少女前线,17
m16a1_(fairy_kingdom_brew)_(girls'_frontline),m16a1_(girls'_frontline),1,少女前线,17
contender_(dragon's_son)_(girls'_frontline),contender_(girls'_frontline),1,少女前线,16
m200_(solemn_march)_(girls'_frontline),m200_(girls'_frontline),1,少女前线,16
g36c_(red_beret)_(girls'_frontline),g36c_(girls'_frontline),1,少女前线,16
mg5_(crimson_guardian)_(girls'_frontline),mg5_(girls'_frontline),1,少女前线,16
fal_(the_big_day)_(girls'_frontline),fal_(girls'_frontline),1,少女前线,16
mk23_(impish_sweetheart)_(girls'_frontline),mk23_(girls'_frontline),1,少女前线,16
st_ar-15_(top_hat_drifting_to_the_flowers)_(girls'_frontline),st_ar-15_(girls'_frontline),1,少女前线,16
type_80_(steel_butterfly)_(girls'_frontline),type_80_(girls'_frontline),1,少女前线,16
carcano_m1891_(bells_of_beginning)_(girls'_frontline),carcano_m1891_(girls'_frontline),1,少女前线,16
hs.50_(sigh_of_the_waterfront_pine)_(girls'_frontline),hs.50_(girls'_frontline),1,少女前线,16
g36c_(mod3)_(girls'_frontline),g36c_(girls'_frontline),1,少女前线,16
ntw-20_(mod3)_(girls'_frontline),ntw-20_(girls'_frontline),1,少女前线,16
mg4_(mod3)_(girls'_frontline),mg4_(girls'_frontline),1,少女前线,16
suomi_(mod3)_(girls'_frontline),suomi_(girls'_frontline),1,少女前线,16
general_liu_(beauty_in_the_east)_(girls'_frontline),general_liu_(girls'_frontline),1,少女前线,16
hk416_(transparent_blue)_(girls'_frontline),hk416_(girls'_frontline),1,少女前线,16
thompson_(infernal_hannya)_(girls'_frontline),thompson_(girls'_frontline),1,少女前线,15
vector_(hellfire)_(girls'_frontline),vector_(girls'_frontline),1,少女前线,15
lwmmg_(golden_starthistle)_(girls'_frontline),lwmmg_(girls'_frontline),1,少女前线,15
m1918_(tender_nocturne)_(girls'_frontline),m1918_(girls'_frontline),1,少女前线,15
welrod_mkii_(nightfall_crisis)_(girls'_frontline),welrod_mkii_(girls'_frontline),1,少女前线,15
thunder_(lenore's_raven)_(girls'_frontline),thunder_(girls'_frontline),1,少女前线,15
m870_(pumpkin_fortress)_(girls'_frontline),m870_(girls'_frontline),1,少女前线,15
type_100_(treasure_buried_deep_within)_(girls'_frontline),type_100_(girls'_frontline),1,少女前线,15
c-ms_(flying_fish_assault)_(girls'_frontline),c-ms_(girls'_frontline),1,少女前线,15
aug_(requiem_array)_(girls'_frontline),aug_(girls'_frontline),1,少女前线,15
k5_(destiny_waltz)_(girls'_frontline),k5_(girls'_frontline),1,少女前线,15
ar-57_(with_the_three_friends_of_winter)_(girls'_frontline),ar-57_(girls'_frontline),1,少女前线,15
cz75_(cz75_does_not_work_overtime)_(girls'_frontline),cz75_(girls'_frontline),1,少女前线,15
9a-91_(a_loyal_friend's_company)_(girls'_frontline),9a-91_(girls'_frontline),1,少女前线,15
st_ar-15_(breeze_in_a_summer_afternoon)_(girls'_frontline),st_ar-15_(girls'_frontline),1,少女前线,15
destroyer_(dashing_reindeer)_(girls'_frontline),destroyer_(girls'_frontline),1,少女前线,15
mp5_(mod3)_(girls'_frontline),mp5_(girls'_frontline),1,少女前线,15
ro635_(monochrome_jungle_bird)_(girls'_frontline),ro635_(girls'_frontline),1,少女前线,15
mdr_(ddos_attack_force)_(girls'_frontline),mdr_(girls'_frontline),1,少女前线,15
colt_revolver_(wish_upon_a_star)_(girls'_frontline),colt_revolver_(girls'_frontline),1,少女前线,14
m14_(xmas_parade)_(girls'_frontline),m14_(girls'_frontline),1,少女前线,14
tokarev_(thief_of_sweetness)_(girls'_frontline),tokarev_(girls'_frontline),1,少女前线,14
type_97_(late_for_school)_(girls'_frontline),type_97_(girls'_frontline),1,少女前线,14
welrod_mkii_(english_in_love)_(girls'_frontline),welrod_mkii_(girls'_frontline),1,少女前线,14
m1911_(breaker_of_the_sky)_(girls'_frontline),m1911_(girls'_frontline),1,少女前线,14
s.a.t.8_(wintersweet)_(girls'_frontline),s.a.t.8_(girls'_frontline),1,少女前线,14
type_4_(cape_no._4)_(girls'_frontline),type_4_(girls'_frontline),1,少女前线,14
klin_(the_three_crows)_(girls'_frontline),klin_(girls'_frontline),1,少女前线,14
m99_(cyclamen)_(girls'_frontline),m99_(girls'_frontline),1,少女前线,14
pk_(by_your_side)_(girls'_frontline),pk_(girls'_frontline),1,少女前线,14
sten_mkii_(mod3)_(girls'_frontline),sten_mkii_(girls'_frontline),1,少女前线,14
g11_(neet_zombie)_(girls'_frontline),g11_(girls'_frontline),1,少女前线,13
sr-3mp_(bunny_macchiato)_(girls'_frontline),sr-3mp_(girls'_frontline),1,少女前线,13
zas_m21_(gunshot_in_the_snow)_(girls'_frontline),zas_m21_(girls'_frontline),1,少女前线,13
mosin-nagant_(blade_of_white_steel)_(girls'_frontline),mosin-nagant_(girls'_frontline),1,少女前线,13
sten_mkii_(reciprocated_love)_(girls'_frontline),sten_mkii_(girls'_frontline),1,少女前线,13
p7_(pinky_swear)_(girls'_frontline),p7_(girls'_frontline),1,少女前线,13
dp-12_(echeveria_lantern)_(girls'_frontline),dp-12_(girls'_frontline),1,少女前线,13
svd_(camellia's_vigil)_(girls'_frontline),svd_(girls'_frontline),1,少女前线,13
sig_mcx_(trans-dimensional_sentinel)_(girls'_frontline),sig_mcx_(girls'_frontline),1,少女前线,13
pa-15_(dance_in_the_ice_sea)_(girls'_frontline),pa-15_(girls'_frontline),1,少女前线,13
intruder_(sorceress_of_the_end)_(girls'_frontline),intruder_(girls'_frontline),1,少女前线,13
kar98k_(mod3)_(girls'_frontline),kar98k_(girls'_frontline),1,少女前线,13
scarecrow_(demonic_abyss)_(girls'_frontline),scarecrow_(girls'_frontline),1,少女前线,13
m16a1_(special_agent_gets_no_day_off)_(girls'_frontline),m16a1_(girls'_frontline),1,少女前线,13
kar98k_(inari_at_hatsu-uma_festival)_(girls'_frontline),kar98k_(girls'_frontline),1,少女前线,13
lwmmg_(patchworker's_soliloquy)_(girls'_frontline),lwmmg_(girls'_frontline),1,少女前线,12
ump9_(bolero_dance_bird)_(girls'_frontline),ump9_(girls'_frontline),1,少女前线,12
g36_(moonlit_prayer)_(girls'_frontline),g36_(girls'_frontline),1,少女前线,12
ro635_(guardian_in_the_rye)_(girls'_frontline),ro635_(girls'_frontline),1,少女前线,12
ump40_(the_wish-preserving_witch_of_shadows)_(girls'_frontline),ump40_(girls'_frontline),1,少女前线,12
s.a.t.8_(maiden's_secret)_(girls'_frontline),s.a.t.8_(girls'_frontline),1,少女前线,12
general_liu_(musings_in_the_morn)_(girls'_frontline),general_liu_(girls'_frontline),1,少女前线,12
m16a1_(blazing_sun_on_the_ruins)_(girls'_frontline),m16a1_(girls'_frontline),1,少女前线,12
general_liu_(willow_foxfire)_(girls'_frontline),general_liu_(girls'_frontline),1,少女前线,12
spas-12_(mod3)_(girls'_frontline),spas-12_(girls'_frontline),1,少女前线,12
mk48_(catcher_in_the_banquet)_(girls'_frontline),mk48_(girls'_frontline),1,少女前线,12
hs.50_(intoxicating_crystal)_(girls'_frontline),hs.50_(girls'_frontline),1,少女前线,12
m1918_(war_is_over)_(girls'_frontline),m1918_(girls'_frontline),1,少女前线,11
five-seven_(smile_of_acceptance)_(girls'_frontline),five-seven_(girls'_frontline),1,少女前线,11
mp5_(sleepless_begonias)_(girls'_frontline),mp5_(girls'_frontline),1,少女前线,11
mk23_(conveyed_feelings)_(girls'_frontline),mk23_(girls'_frontline),1,少女前线,11
mk48_(gunsmoke_decree)_(girls'_frontline),mk48_(girls'_frontline),1,少女前线,11
lwmmg_(knight_and_protector)_(girls'_frontline),lwmmg_(girls'_frontline),1,少女前线,11
pkp_(after-rain_assault_squad)_(girls'_frontline),pkp_(girls'_frontline),1,少女前线,11
ump9_(bee's_knees)_(girls'_frontline),ump9_(girls'_frontline),1,少女前线,11
lee-enfield_(mod3)_(girls'_frontline),lee-enfield_(girls'_frontline),1,少女前线,11
dp-12_(mod3)_(girls'_frontline),dp-12_(girls'_frontline),1,少女前线,11
type_95_(kite_flyer_in_spring)_(girls'_frontline),type_95_(girls'_frontline),1,少女前线,11
g36_(mocha_partner)_(girls'_frontline),g36_(girls'_frontline),1,少女前线,11
nagant_revolver_(trumpeter_of_the_azure_waves)_(girls'_frontline),nagant_revolver_(girls'_frontline),1,少女前线,11
tar-21_(the_lost_march_hare)_(girls'_frontline),tar-21_(girls'_frontline),1,少女前线,11
mk48_(culprit_of_love-sickness)_(girls'_frontline),mk48_(girls'_frontline),1,少女前线,11
p90_(phantasmal_vanguard)_(girls'_frontline),p90_(girls'_frontline),1,少女前线,11
lwmmg_(my_lie_in_december)_(girls'_frontline),lwmmg_(girls'_frontline),1,少女前线,10
colt_revolver_(queen_of_miracles)_(girls'_frontline),colt_revolver_(girls'_frontline),1,少女前线,10
g3_(battlefield_baker)_(girls'_frontline),g3_(girls'_frontline),1,少女前线,10
mp5_(nocturnal_familiar)_(girls'_frontline),mp5_(girls'_frontline),1,少女前线,10
ntw-20_(heart_of_dark_iron)_(girls'_frontline),ntw-20_(girls'_frontline),1,少女前线,10
ots-12_(efflorescence)_(girls'_frontline),ots-12_(girls'_frontline),1,少女前线,10
sv-98_(pierce_your_heart!)_(girls'_frontline),sv-98_(girls'_frontline),1,少女前线,10
iws_2000_(edelweiss)_(girls'_frontline),iws_2000_(girls'_frontline),1,少女前线,10
m37_(a_long_vacation_with_ithaca)_(girls'_frontline),m37_(girls'_frontline),1,少女前线,10
python_(hunting_time)_(girls'_frontline),python_(girls'_frontline),1,少女前线,10
hk416_(moonlit_devotion)_(girls'_frontline),hk416_(girls'_frontline),1,少女前线,10
m1918_(mod3)_(girls'_frontline),m1918_(girls'_frontline),1,少女前线,10
sig_mcx_(kraken_huntress)_(girls'_frontline),sig_mcx_(girls'_frontline),1,少女前线,10
m4a1_(fluffy_fruit_tea)_(girls'_frontline),m4a1_(girls'_frontline),1,少女前线,10
sr-3mp_(a_gift_of_guns_n'_roses)_(girls'_frontline),sr-3mp_(girls'_frontline),1,少女前线,10
9a-91_(hidden_secret)_(girls'_frontline),9a-91_(girls'_frontline),1,少女前线,10
m14_(decisive_reinforcement)_(girls'_frontline),m14_(girls'_frontline),1,少女前线,10
c-ms_(to_matka_joanna)_(girls'_frontline),c-ms_(girls'_frontline),1,少女前线,9
g36_(watcher_of_the_light)_(girls'_frontline),g36_(girls'_frontline),1,少女前线,9
fal_(winter_supply)_(girls'_frontline),fal_(girls'_frontline),1,少女前线,9
makarov_(a_certain_unscientific_sunflower)_(girls'_frontline),makarov_(girls'_frontline),1,少女前线,9
mk23_(honey_flower)_(girls'_frontline),mk23_(girls'_frontline),1,少女前线,9
art556_(little_chimney_sweeper)_(girls'_frontline),art556_(girls'_frontline),1,少女前线,9
type_4_(hanetsuki_paddle)_(girls'_frontline),type_4_(girls'_frontline),1,少女前线,9
thompson_(demon_hunter)_(girls'_frontline),thompson_(girls'_frontline),1,少女前线,9
k5_(dome_moonlight)_(girls'_frontline),k5_(girls'_frontline),1,少女前线,9
vector_(sprig_in_the_snow)_(girls'_frontline),vector_(girls'_frontline),1,少女前线,9
m99_(white_rabbit_summer_banquet)_(girls'_frontline),m99_(girls'_frontline),1,少女前线,9
mp7_(fall_of_the_stars)_(girls'_frontline),mp7_(girls'_frontline),1,少女前线,9
m4_sopmod_ii_(birdsong_in_the_woods)_(girls'_frontline),m4_sopmod_ii_(girls'_frontline),1,少女前线,9
m4a1_(sunshine_through_the_pines)_(girls'_frontline),m4a1_(girls'_frontline),1,少女前线,9
ro635_(molten_moon_in_the_water)_(girls'_frontline),ro635_(girls'_frontline),1,少女前线,9
dsr-50_(daybreak's_whisper)_(girls'_frontline),dsr-50_(girls'_frontline),1,少女前线,9
ump40_(moon_river)_(girls'_frontline),ump40_(girls'_frontline),1,少女前线,9
type_80_(mod3)_(girls'_frontline),type_80_(girls'_frontline),1,少女前线,9
hs.50_(honey-colored_ocean_heart)_(girls'_frontline),hs.50_(girls'_frontline),1,少女前线,9
saiga-12_(cleansing_waves_in_shallow_pool)_(girls'_frontline),saiga-12_(girls'_frontline),1,少女前线,9
kar98k_(foxtrot_round_the_corner)_(girls'_frontline),kar98k_(girls'_frontline),1,少女前线,9
sig_mcx_(seal_of_darkness)_(girls'_frontline),sig_mcx_(girls'_frontline),1,少女前线,9
g11_(schoenstes_geschenk)_(girls'_frontline),g11_(girls'_frontline),1,少女前线,8
ump45_(penrose_spiral)_(girls'_frontline),ump45_(girls'_frontline),1,少女前线,8
cz75_(monks_cress)_(girls'_frontline),cz75_(girls'_frontline),1,少女前线,8
sl8_(wave_crest)_(girls'_frontline),sl8_(girls'_frontline),1,少女前线,8
sl8_(improvised_rhapsody)_(girls'_frontline),sl8_(girls'_frontline),1,少女前线,8
mg5_(dark_blossom_of_the_end)_(girls'_frontline),mg5_(girls'_frontline),1,少女前线,8
lee-enfield_(huntress'_frock)_(girls'_frontline),lee-enfield_(girls'_frontline),1,少女前线,8
mp5_(vietnamese_balm)_(girls'_frontline),mp5_(girls'_frontline),1,少女前线,8
pkp_(silver_star)_(girls'_frontline),pkp_(girls'_frontline),1,少女前线,8
idw_(roly-poly_ninja_cat)_(girls'_frontline),idw_(girls'_frontline),1,少女前线,8
g28_(moonlight_and_emerald)_(girls'_frontline),g28_(girls'_frontline),1,少女前线,8
lewis_(holy_night_promise)_(girls'_frontline),lewis_(girls'_frontline),1,少女前线,8
klin_(waning_winter)_(girls'_frontline),klin_(girls'_frontline),1,少女前线,8
qbu-88_(morning_au_lait)_(girls'_frontline),qbu-88_(girls'_frontline),1,少女前线,8
m14_(tiger_cubs_of_prosperity)_(girls'_frontline),m14_(girls'_frontline),1,少女前线,8
ak-47_(lord_of_war)_(girls'_frontline),ak-47_(girls'_frontline),1,少女前线,8
hunter_(nightfall_moth)_(girls'_frontline),hunter_(girls'_frontline),1,少女前线,8
tokarev_(snowfall_in_the_alley)_(girls'_frontline),tokarev_(girls'_frontline),1,少女前线,8
type_97_(prayers_in_the_wind)_(girls'_frontline),type_97_(girls'_frontline),1,少女前线,8
stechkin_(mod3)_(girls'_frontline),stechkin_(girls'_frontline),1,少女前线,8
ksvk_(mod3)_(girls'_frontline),ksvk_(girls'_frontline),1,少女前线,8
ppsh-41_(mod3)_(girls'_frontline),ppsh-41_(girls'_frontline),1,少女前线,8
m950a_(headbanger_syndrome)_(girls'_frontline),m950a_(girls'_frontline),1,少女前线,8
aug_(blue_meditation)_(girls'_frontline),aug_(girls'_frontline),1,少女前线,8
pa-15_(light-treading_night)_(girls'_frontline),pa-15_(girls'_frontline),1,少女前线,8
nagant_revolver_(historian_of_thievery)_(girls'_frontline),nagant_revolver_(girls'_frontline),1,少女前线,8
python_(beauty_in_the_graveyard)_(girls'_frontline),python_(girls'_frontline),1,少女前线,8
st_ar-15_(i_am_chaos)_(girls'_frontline),st_ar-15_(girls'_frontline),1,少女前线,8
type_95_(white_lotus_in_limpid_waters)_(girls'_frontline),type_95_(girls'_frontline),1,少女前线,7
ump40_(kleines_ritornello)_(girls'_frontline),ump40_(girls'_frontline),1,少女前线,7
ksvk_(darkside_moonwalk)_(girls'_frontline),ksvk_(girls'_frontline),1,少女前线,7
nagant_revolver_(rouge_snow_princess)_(girls'_frontline),nagant_revolver_(girls'_frontline),1,少女前线,7
type_79_(fox_steps_under_star_night)_(girls'_frontline),type_79_(girls'_frontline),1,少女前线,7
art556_(white_cabbage)_(girls'_frontline),art556_(girls'_frontline),1,少女前线,7
saiga-12_(visitor_of_bountiful_blossoms)_(girls'_frontline),saiga-12_(girls'_frontline),1,少女前线,7
type_97_shotgun_(ingenious_stratagem_no.97)_(girls'_frontline),type_97_shotgun_(girls'_frontline),1,少女前线,7
st_ar-15_(breeze_on_a_spring_day)_(girls'_frontline),st_ar-15_(girls'_frontline),1,少女前线,7
type_97_shotgun_(drunken_petals)_(girls'_frontline),type_97_shotgun_(girls'_frontline),1,少女前线,7
tmp_(black_cat_nursery)_(girls'_frontline),tmp_(girls'_frontline),1,少女前线,7
g11_(mind_eraser)_(girls'_frontline),g11_(girls'_frontline),1,少女前线,7
ro635_(sakura_milkshake)_(girls'_frontline),ro635_(girls'_frontline),1,少女前线,7
st_ar-15_(owl_latte)_(girls'_frontline),st_ar-15_(girls'_frontline),1,少女前线,7
type_79_(mod3)_(girls'_frontline),type_79_(girls'_frontline),1,少女前线,7
aa-12_(candy_wrapper_story)_(girls'_frontline),aa-12_(girls'_frontline),1,少女前线,7
lwmmg_(cozy_root_note)_(girls'_frontline),lwmmg_(girls'_frontline),1,少女前线,7
tokarev_(mod3)_(girls'_frontline),tokarev_(girls'_frontline),1,少女前线,7
g11_(chaotic_symphony)_(girls'_frontline),g11_(girls'_frontline),1,少女前线,6
super-shorty_(bad_cop_for_life)_(girls'_frontline),super-shorty_(girls'_frontline),1,少女前线,6
super-shorty_(crossing_in_labyrinth)_(girls'_frontline),super-shorty_(girls'_frontline),1,少女前线,6
five-seven_(blue_christmas)_(girls'_frontline),five-seven_(girls'_frontline),1,少女前线,6
type_100_(kagura_in_black)_(girls'_frontline),type_100_(girls'_frontline),1,少女前线,6
hs2000_(warm-hearted_tin_man)_(girls'_frontline),hs2000_(girls'_frontline),1,少女前线,6
sr-3mp_(shrine_maiden's_blessed_draw)_(girls'_frontline),sr-3mp_(girls'_frontline),1,少女前线,6
qbu-88_(candy_mugger!)_(girls'_frontline),qbu-88_(girls'_frontline),1,少女前线,6
g36_(poise_of_the_jade_vase)_(girls'_frontline),g36_(girls'_frontline),1,少女前线,6
stechkin_(brilliance_of_the_peach_blossoms)_(girls'_frontline),stechkin_(girls'_frontline),1,少女前线,6
spas-12_(marching_band)_(girls'_frontline),spas-12_(girls'_frontline),1,少女前线,6
ribeyrolles_(mod3)_(girls'_frontline),ribeyrolles_(girls'_frontline),1,少女前线,6
welrod_mkii_(mod3)_(girls'_frontline),welrod_mkii_(girls'_frontline),1,少女前线,6
type_100_(mod3)_(girls'_frontline),type_100_(girls'_frontline),1,少女前线,6
ksvk_(beneath_layers_of_snow)_(girls'_frontline),ksvk_(girls'_frontline),1,少女前线,6
k5_(mod3)_(girls'_frontline),k5_(girls'_frontline),1,少女前线,6
m4_sopmod_ii_(racing_parfait)_(girls'_frontline),m4_sopmod_ii_(girls'_frontline),1,少女前线,6
m1911_(tin_soldier's_marvelous_day)_(girls'_frontline),m1911_(girls'_frontline),1,少女前线,6
super-shorty_(little_midnight_angelfish)_(girls'_frontline),super-shorty_(girls'_frontline),1,少女前线,6
hs.50_(how_to_train_a_gamer)_(girls'_frontline),hs.50_(girls'_frontline),1,少女前线,6
scar-h_(samo_is_not_a_spy)_(girls'_frontline),scar-h_(girls'_frontline),1,少女前线,6
mk23_(coroner_nyandyke)_(girls'_frontline),mk23_(girls'_frontline),1,少女前线,6
stechkin_(witch's_potions_selling_like_hotcakes)_(girls'_frontline),stechkin_(girls'_frontline),1,少女前线,6
dreamer_(moonlit_sentinel)_(girls'_frontline),dreamer_(girls'_frontline),1,少女前线,6
sl8_(red_moon_stalker)_(girls'_frontline),sl8_(girls'_frontline),1,少女前线,5
ksvk_(truman_traveler)_(girls'_frontline),ksvk_(girls'_frontline),1,少女前线,5
dp-12_(keeper_of_the_sanzu_river)_(girls'_frontline),dp-12_(girls'_frontline),1,少女前线,5
lewis_(warmth_of_the_wintersweet)_(girls'_frontline),lewis_(girls'_frontline),1,少女前线,5
m950a_(the_elegance_of_tea_is_undefeated_by_the_snow)_(girls'_frontline),m950a_(girls'_frontline),1,少女前线,5
type_97_(gretel_the_witch)_(girls'_frontline),type_97_(girls'_frontline),1,少女前线,5
pkp_(dignified_bamboo)_(girls'_frontline),pkp_(girls'_frontline),1,少女前线,5
ak74m_(trident_and_fish_slicer)_(girls'_frontline),ak74m_(girls'_frontline),1,少女前线,5
executioner_(blood_fiend_huntress)_(girls'_frontline),executioner_(girls'_frontline),1,少女前线,5
sl8_(blue_snow_under_you)_(girls'_frontline),sl8_(girls'_frontline),1,少女前线,5
micro_uzi_(new_maple_silhouette)_(girls'_frontline),micro_uzi_(girls'_frontline),1,少女前线,5
m14_(swirling_with_the_clouds)_(girls'_frontline),m14_(girls'_frontline),1,少女前线,5
g28_(ode_to_flowers_and_winds)_(girls'_frontline),g28_(girls'_frontline),1,少女前线,5
dsr-50_(swan's-down_phantom)_(girls'_frontline),dsr-50_(girls'_frontline),1,少女前线,5
type_4_(sorcerer's_imaginarium)_(girls'_frontline),type_4_(girls'_frontline),1,少女前线,5
type_100_(operation_candy_bonanza!)_(girls'_frontline),type_100_(girls'_frontline),1,少女前线,5
saiga-12_(graceful_figure_in_the_water)_(girls'_frontline),saiga-12_(girls'_frontline),1,少女前线,5
mp5_(a_small_step)_(girls'_frontline),mp5_(girls'_frontline),1,少女前线,4
ppsh-41_(moment_of_vows)_(girls'_frontline),ppsh-41_(girls'_frontline),1,少女前线,4
k5_(wishmaker_k-derella)_(girls'_frontline),k5_(girls'_frontline),1,少女前线,4
saiga-12_(arbiter_of_twilight)_(girls'_frontline),saiga-12_(girls'_frontline),1,少女前线,4
type_4_(twilight_fairy)_(girls'_frontline),type_4_(girls'_frontline),1,少女前线,4
fnc_(raise_the_christmas_elf)_(girls'_frontline),fnc_(girls'_frontline),1,少女前线,4
lewis_(purple_iris_drunken_butterfly)_(girls'_frontline),lewis_(girls'_frontline),1,少女前线,4
sl8_(spectral_fizz)_(girls'_frontline),sl8_(girls'_frontline),1,少女前线,4
mp41_(last_plunderer)_(girls'_frontline),mp41_(girls'_frontline),1,少女前线,4
type_4_(crane's_poise)_(girls'_frontline),type_4_(girls'_frontline),1,少女前线,4
qbz-191_(lone_pine_walker)_(girls'_frontline),qbz-191_(girls'_frontline),1,少女前线,4
general_liu_(wandering_dragon_fist)_(girls'_frontline),general_liu_(girls'_frontline),1,少女前线,4
qbz-191_(haze_in_the_mountains)_(girls'_frontline),qbz-191_(girls'_frontline),1,少女前线,4
m1_garand_(bathed_in_starlight)_(girls'_frontline),m1_garand_(girls'_frontline),1,少女前线,4
zas_m21_(mod3)_(girls'_frontline),zas_m21_(girls'_frontline),1,少女前线,4
m99_(drumrolls_when_the_curtain_rises)_(girls'_frontline),m99_(girls'_frontline),1,少女前线,4
m1_garand_(deer_calls_in_winter)_(girls'_frontline),m1_garand_(girls'_frontline),1,少女前线,4
micro_uzi_(when_the_ravens_cry)_(girls'_frontline),micro_uzi_(girls'_frontline),1,少女前线,4
s.a.t.8_(ballad_of_twilight_blossoms)_(girls'_frontline),s.a.t.8_(girls'_frontline),1,少女前线,4
ppsh-41_(wreath_of_purity)_(girls'_frontline),ppsh-41_(girls'_frontline),1,少女前线,4
9a-91_(lingering_gaze)_(girls'_frontline),9a-91_(girls'_frontline),1,少女前线,4
mg5_(snowmelt_blossom)_(girls'_frontline),mg5_(girls'_frontline),1,少女前线,4
makarov_(pumpkin_mishka)_(girls'_frontline),makarov_(girls'_frontline),1,少女前线,3
m1_garand_(letter_from_the_winter_cypress)_(girls'_frontline),m1_garand_(girls'_frontline),1,少女前线,3
ppsh-41_(beyond_the_balloon)_(girls'_frontline),ppsh-41_(girls'_frontline),1,少女前线,3
qbu-88_(panda's_miraculous_voyage)_(girls'_frontline),qbu-88_(girls'_frontline),1,少女前线,3
k5_(array_of_venus)_(girls'_frontline),k5_(girls'_frontline),1,少女前线,3
type_97_shotgun_(mod3)_(girls'_frontline),type_97_shotgun_(girls'_frontline),1,少女前线,3
iws_2000_(sand_castle_terminator)_(girls'_frontline),iws_2000_(girls'_frontline),1,少女前线,3
dp-12_(dangerous_mission)_(girls'_frontline),dp-12_(girls'_frontline),1,少女前线,3
sten_mkii_(who_moved_my_candy)_(girls'_frontline),sten_mkii_(girls'_frontline),1,少女前线,3
lwmmg_(salary_wizard)_(girls'_frontline),lwmmg_(girls'_frontline),1,少女前线,3
welrod_mkii_(ballad_of_the_marionette)_(girls'_frontline),welrod_mkii_(girls'_frontline),1,少女前线,3
mp41_(mod3)_(girls'_frontline),mp41_(girls'_frontline),1,少女前线,3
general_liu_(materialistic_fad)_(girls'_frontline),general_liu_(girls'_frontline),1,少女前线,2
ksvk_(grasp_of_the_mimosa)_(girls'_frontline),ksvk_(girls'_frontline),1,少女前线,2
type_79_(gazing_from_the_dust)_(girls'_frontline),type_79_(girls'_frontline),1,少女前线,2
qbu-88_(explorer_of_the_wild)_(girls'_frontline),qbu-88_(girls'_frontline),1,少女前线,2
qbu-88_(dance_of_the_trumpet_vine)_(girls'_frontline),qbu-88_(girls'_frontline),1,少女前线,2
lewis_(gallop_of_gingko_leaves_and_autumn_winds)_(girls'_frontline),lewis_(girls'_frontline),1,少女前线,2
sl8_(a_doll_sat_still)_(girls'_frontline),sl8_(girls'_frontline),1,少女前线,2
mk23_(gift_in_red_velvet)_(girls'_frontline),mk23_(girls'_frontline),1,少女前线,2
m2hb_(break_from_the_banquet)_(girls'_frontline),m2hb_(girls'_frontline),1,少女前线,2
m1911_(sweetheart_bunny_chef)_(girls'_frontline),m1911_(girls'_frontline),1,少女前线,2
9a-91_(an_empty_seat_a_hint_of_champagne)_(girls'_frontline),9a-91_(girls'_frontline),1,少女前线,2
hk416_(blushing_sakura)_(girls'_frontline),hk416_(girls'_frontline),1,少女前线,2
g11_(autumn_nap_as_you_will_xi)_(girls'_frontline),g11_(girls'_frontline),1,少女前线,1
spas-12_(golden_fortune)_(girls'_frontline),spas-12_(girls'_frontline),1,少女前线,1
idw_(feline_smasher)_(girls'_frontline),idw_(girls'_frontline),1,少女前线,1
g3_(exquisite_carmine)_(girls'_frontline),g3_(girls'_frontline),1,少女前线,1
g41_(floral_confession)_(girls'_frontline),g41_(girls'_frontline),1,少女前线,1
sl8_(waiting_for_you_in_the_corner_of_the_world)_(girls'_frontline),sl8_(girls'_frontline),1,少女前线,0
ntw-20_(the_aristocrat_xperience)_(girls'_frontline),ntw-20_(girls'_frontline),1,少女前线,0
g3_(dark_red_yanrou)_(girls'_frontline),g3_(girls'_frontline),1,少女前线,0
lwmmg_(yellow_star-thistle)_(girls'_frontline),lwmmg_(girls'_frontline),1,少女前线,0
m950a_(concert_diva)_(girls'_frontline),m950a_(girls'_frontline),1,少女前线,0
hk416_(percussion_bolero)_(girls'_frontline),hk416_(girls'_frontline),1,少女前线,0
colt_revolver_(queen_of_miraclesy)_(girls'_frontline),colt_revolver_(girls'_frontline),1,少女前线,0
"ump45_(""just_this_time"")_(girls'_frontline)",ump45_(girls'_frontline),1,少女前线,0
spas-12_(strawberry_zabaglione)_(girls'_frontline),spas-12_(girls'_frontline),1,少女前线,0
ump40_(moon_in_water)_(girls'_frontline),ump40_(girls'_frontline),1,少女前线,0
mk48_(culprit_of_love)_(girls'_frontline),mk48_(girls'_frontline),1,少女前线,0
m4_sopmod_ii_(resurrection_repairer_jr.)_(girls'_frontline),m4_sopmod_ii_(girls'_frontline),1,少女前线,0
architect_(type_nvw)_(girls'_frontline),architect_(girls'_frontline),1,少女前线,0
g36_(every_child's_xmas_dream)_(girls'_frontline),g36_(girls'_frontline),1,少女前线,0
g36_(sommelier)_(girls'_frontline),g36_(girls'_frontline),1,少女前线,0
m1_garand_(deer_calls_in_winter_)_(girls'_frontline),m1_garand_(girls'_frontline),1,少女前线,0
pa-15_(phantom_thief_of_champagne)_(girls'_frontline),pa-15_(girls'_frontline),1,少女前线,0
vsk-94_(flowing_night_on_the_silver_bay)_(girls'_frontline),vsk-94_(girls'_frontline),1,少女前线,0
tokarev_(falling_snow_in_the_deep_lane)_(girls'_frontline),tokarev_(girls'_frontline),1,少女前线,0
9a-91_(travelling_with_a_loyal_friend)_(girls'_frontline),9a-91_(girls'_frontline),1,少女前线,0
st_ar-15_(summer_afternoon_leisure)_(girls'_frontline),st_ar-15_(girls'_frontline),1,少女前线,0
g11_(velvety_cart)_(girls'_frontline),g11_(girls'_frontline),1,少女前线,0
destroyer_(a_runaway_deer)_(girls'_frontline),destroyer_(girls'_frontline),1,少女前线,0
mp40_(champagne_in_spades)_(girls'_frontline),mp40_(girls'_frontline),1,少女前线,0
general_liu_(fox's_shadow_of_drooping_branches)_(girls'_frontline),general_liu_(girls'_frontline),1,少女前线,0
intruder_(the_witch_of_the_apocalypse)_(girls'_frontline),intruder_(girls'_frontline),1,少女前线,0
m14_(dance_of_the_clouds)_(girls'_frontline),m14_(girls'_frontline),1,少女前线,0
iws_2000_(mod3)_(girls'_frontline),iws_2000_(girls'_frontline),1,少女前线,0
idw_(pawn_of_victory)_(girls'_frontline),idw_(girls'_frontline),1,少女前线,0
klukai_(girls'_frontline_2),klukai_(girls'_frontline_2),0,少女前线2,988
leva_(girls'_frontline_2),leva_(girls'_frontline_2),0,少女前线2,692
groza_(girls'_frontline_2),groza_(girls'_frontline_2),0,少女前线2,452
colphne_(girls'_frontline_2),colphne_(girls'_frontline_2),0,少女前线2,432
makiatto_(girls'_frontline_2),makiatto_(girls'_frontline_2),0,少女前线2,402
suomi_(girls'_frontline_2),suomi_(girls'_frontline_2),0,少女前线2,362
mechty_(girls'_frontline_2),mechty_(girls'_frontline_2),0,少女前线2,359
nikketa_(girls'_frontline_2),nikketa_(girls'_frontline_2),0,少女前线2,338
lenna_(girls'_frontline_2),lenna_(girls'_frontline_2),0,少女前线2,308
vepley_(girls'_frontline_2),vepley_(girls'_frontline_2),0,少女前线2,282
sharkry_(girls'_frontline_2),sharkry_(girls'_frontline_2),0,少女前线2,276
krolik_(girls'_frontline_2),krolik_(girls'_frontline_2),0,少女前线2,271
nemesis_(girls'_frontline_2),nemesis_(girls'_frontline_2),0,少女前线2,270
springfield_(girls'_frontline_2),springfield_(girls'_frontline_2),0,少女前线2,240
vector_(girls'_frontline_2),vector_(girls'_frontline_2),0,少女前线2,235
centaureissi_(girls'_frontline_2),centaureissi_(girls'_frontline_2),0,少女前线2,229
florence_(girls'_frontline_2),florence_(girls'_frontline_2),0,少女前线2,218
sabrina_(girls'_frontline_2),sabrina_(girls'_frontline_2),0,少女前线2,211
helen_(girls'_frontline_2),helen_(girls'_frontline_2),0,少女前线2,206
cheeta_(girls'_frontline_2),cheeta_(girls'_frontline_2),0,少女前线2,195
yoohee_(girls'_frontline_2),yoohee_(girls'_frontline_2),0,少女前线2,194
tololo_(girls'_frontline_2),tololo_(girls'_frontline_2),0,少女前线2,189
klukai_(speed_star)_(girls'_frontline_2),klukai_(girls'_frontline_2),1,少女前线2,186
robella_(girls'_frontline_2),robella_(girls'_frontline_2),0,少女前线2,184
voymastina_(girls'_frontline_2),voymastina_(girls'_frontline_2),0,少女前线2,180
klukai_(cerulean_breaker)_(girls'_frontline_2),klukai_(girls'_frontline_2),1,少女前线2,180
alva_(girls'_frontline_2),alva_(girls'_frontline_2),0,少女前线2,150
mayling_shen_(girls'_frontline_2),mayling_shen_(girls'_frontline_2),0,少女前线2,144
daiyan_(girls'_frontline_2),daiyan_(girls'_frontline_2),0,少女前线2,141
mr._pizza_(girls'_frontline_2),mr._pizza_(girls'_frontline_2),0,少女前线2,131
nagant_(girls'_frontline_2),nagant_(girls'_frontline_2),0,少女前线2,124
helen_(starlit_waltz)_(girls'_frontline_2),helen_(girls'_frontline_2),1,少女前线2,123
lind_(girls'_frontline_2),lind_(girls'_frontline_2),0,少女前线2,121
cheyanne_(girls'_frontline_2),cheyanne_(girls'_frontline_2),0,少女前线2,119
andoris_(girls'_frontline_2),andoris_(girls'_frontline_2),0,少女前线2,117
jiangyu_(girls'_frontline_2),jiangyu_(girls'_frontline_2),0,少女前线2,113
soppo_(girls'_frontline_2),soppo_(girls'_frontline_2),0,少女前线2,112
dushevnaya_(girls'_frontline_2),dushevnaya_(girls'_frontline_2),0,少女前线2,108
colphne_(silent_heart)_(girls'_frontline_2),colphne_(girls'_frontline_2),1,少女前线2,98
sabrina_(strawberry_zabaione)_(girls'_frontline_2),sabrina_(girls'_frontline_2),1,少女前线2,96
yoohee_(miracle_sweetheart)_(girls'_frontline_2),yoohee_(girls'_frontline_2),1,少女前线2,78
leva_(sultry_tempo)_(girls'_frontline_2),leva_(girls'_frontline_2),1,少女前线2,70
sharkry_(swimsuit_idol)_(girls'_frontline_2),sharkry_(girls'_frontline_2),1,少女前线2,68
vector_(molotov_bunny)_(girls'_frontline_2),vector_(girls'_frontline_2),1,少女前线2,45
vector_(vivi_sometimes_hides_her_molotovs)_(girls'_frontline_2),vector_(girls'_frontline_2),1,少女前线2,35
tololo_(celestial_river_at_dusk)_(girls'_frontline_2),tololo_(girls'_frontline_2),1,少女前线2,32
tololo_(horizon_cruise)_(girls'_frontline_2),tololo_(girls'_frontline_2),1,少女前线2,31
robella_(future_navigator)_(girls'_frontline_2),robella_(girls'_frontline_2),1,少女前线2,30
klukai_(indigo_oath)_(girls'_frontline_2),klukai_(girls'_frontline_2),1,少女前线2,29
makiatto_(embroidered_bamboo_blooming_shadows)_(girls'_frontline_2),makiatto_(girls'_frontline_2),1,少女前线2,28
cheeta_(sparks_on_the_circuit)_(girls'_frontline_2),cheeta_(girls'_frontline_2),1,少女前线2,26
cheyanne_(maiden_debut)_(girls'_frontline_2),cheyanne_(girls'_frontline_2),1,少女前线2,20
dushevnaya_(tomorrow's_savior)_(girls'_frontline_2),dushevnaya_(girls'_frontline_2),1,少女前线2,20
andoris_(midnight_whisper)_(girls'_frontline_2),andoris_(girls'_frontline_2),1,少女前线2,20
suomi_(fluffy_korvatunturi)_(girls'_frontline_2),suomi_(girls'_frontline_2),1,少女前线2,17
vepley_(summer_echoes)_(girls'_frontline_2),vepley_(girls'_frontline_2),1,少女前线2,16
lenna_(flying_phantom)_(girls'_frontline_2),lenna_(girls'_frontline_2),1,少女前线2,13
krolik_(prancing_bunny)_(girls'_frontline_2),krolik_(girls'_frontline_2),1,少女前线2,12
nagant_(summer_pitcher)_(girls'_frontline_2),nagant_(girls'_frontline_2),1,少女前线2,9
klukai_(astral_luminous)_(girls'_frontline_2),klukai_(girls'_frontline_2),1,少女前线2,9
soppo_(redline_racer)_(girls'_frontline_2),soppo_(girls'_frontline_2),1,少女前线2,8
makiatto_(steamy_vacance)_(girls'_frontline_2),makiatto_(girls'_frontline_2),1,少女前线2,8
alva_(wisteria_tidings)_(girls'_frontline_2),alva_(girls'_frontline_2),1,少女前线2,7
jiangyu_(raindrop_cleaving_blades)_(girls'_frontline_2),jiangyu_(girls'_frontline_2),1,少女前线2,7
nemesis_(wandering_star_trail)_(girls'_frontline_2),nemesis_(girls'_frontline_2),1,少女前线2,4
vepley_(sparkling_wish)_(girls'_frontline_2),vepley_(girls'_frontline_2),1,少女前线2,4
lenna_(vitality_magic)_(girls'_frontline_2),lenna_(girls'_frontline_2),1,少女前线2,4
groza_(dawn_of_battle)_(girls'_frontline_2),groza_(girls'_frontline_2),1,少女前线2,1
nemesis_(galaxy_interpretation)_(girls'_frontline_2),nemesis_(girls'_frontline_2),1,少女前线2,0
springfield_(enjoy_the_fragrance)_(girls'_frontline_2),springfield_(girls'_frontline_2),1,少女前线2,0
suomi_(sparkling_ocean)_(girls'_frontline_2),suomi_(girls'_frontline_2),1,少女前线2,0
nemesis_(serene_dark_river)_(girls'_frontline_2),nemesis_(girls'_frontline_2),1,少女前线2,0
nikketa_(dance_like_the_blazing_sun)_(girls'_frontline_2),nikketa_(girls'_frontline_2),1,少女前线2,0
doctor_(arknights),doctor_(arknights),0,明日方舟,12113
amiya_(arknights),amiya_(arknights),0,明日方舟,11236
texas_(arknights),texas_(arknights),0,明日方舟,8202
lappland_(arknights),lappland_(arknights),0,明日方舟,6700
skadi_(arknights),skadi_(arknights),0,明日方舟,6680
suzuran_(arknights),suzuran_(arknights),0,明日方舟,6557
kal'tsit_(arknights),kal'tsit_(arknights),0,明日方舟,5962
exusiai_(arknights),exusiai_(arknights),0,明日方舟,5309
surtr_(arknights),surtr_(arknights),0,明日方舟,5030
angelina_(arknights),angelina_(arknights),0,明日方舟,4551
shu_(arknights),shu_(arknights),0,明日方舟,4521
w_(arknights),w_(arknights),0,明日方舟,4505
ch'en_(arknights),ch'en_(arknights),0,明日方舟,4322
mudrock_(arknights),mudrock_(arknights),0,明日方舟,4098
dusk_(arknights),dusk_(arknights),0,明日方舟,3906
mostima_(arknights),mostima_(arknights),0,明日方舟,3396
nian_(arknights),nian_(arknights),0,明日方舟,3327
specter_(arknights),specter_(arknights),0,明日方舟,2880
skadi_the_corrupting_heart_(arknights),skadi_the_corrupting_heart_(arknights),0,明日方舟,2738
endministrator_(arknights),endministrator_(arknights),0,明日方舟,2635
goldenglow_(arknights),goldenglow_(arknights),0,明日方舟,2504
irene_(arknights),irene_(arknights),0,明日方舟,2404
sussurro_(arknights),sussurro_(arknights),0,明日方舟,2389
saria_(arknights),saria_(arknights),0,明日方舟,2294
hoshiguma_(arknights),hoshiguma_(arknights),0,明日方舟,2209
ho'olheyak_(arknights),ho'olheyak_(arknights),0,明日方舟,2167
eyjafjalla_(arknights),eyjafjalla_(arknights),0,明日方舟,2133
perlica_(arknights),perlica_(arknights),0,明日方舟,2054
rosmontis_(arknights),rosmontis_(arknights),0,明日方舟,2023
ling_(arknights),ling_(arknights),0,明日方舟,1973
muelsyse_(arknights),muelsyse_(arknights),0,明日方舟,1959
female_endministrator_(arknights),female_endministrator_(arknights),0,明日方舟,1930
mountain_(arknights),mountain_(arknights),0,明日方舟,1922
male_doctor_(arknights),male_doctor_(arknights),0,明日方舟,1916
mon3tr_(arknights),mon3tr_(arknights),0,明日方舟,1912
virtuosa_(arknights),virtuosa_(arknights),0,明日方舟,1904
chongyue_(arknights),chongyue_(arknights),0,明日方舟,1871
blue_poison_(arknights),blue_poison_(arknights),0,明日方舟,1856
yvonne_(arknights),yvonne_(arknights),0,明日方舟,1834
siege_(arknights),siege_(arknights),0,明日方舟,1739
schwarz_(arknights),schwarz_(arknights),0,明日方舟,1718
la_pluma_(arknights),la_pluma_(arknights),0,明日方舟,1685
rossi_(arknights),rossi_(arknights),0,明日方舟,1658
blaze_(arknights),blaze_(arknights),0,明日方舟,1642
utage_(arknights),utage_(arknights),0,明日方舟,1638
reed_(arknights),reed_(arknights),0,明日方舟,1620
theresa_(arknights),theresa_(arknights),0,明日方舟,1612
vulpisfoglia_(arknights),vulpisfoglia_(arknights),0,明日方舟,1609
texas_the_omertosa_(arknights),texas_the_omertosa_(arknights),0,明日方舟,1583
pramanix_(arknights),pramanix_(arknights),0,明日方舟,1559
ceobe_(arknights),ceobe_(arknights),0,明日方舟,1530
silence_(arknights),silence_(arknights),0,明日方舟,1505
priestess_(arknights),priestess_(arknights),0,明日方舟,1431
platinum_(arknights),platinum_(arknights),0,明日方舟,1394
fiammetta_(arknights),fiammetta_(arknights),0,明日方舟,1393
mizuki_(arknights),mizuki_(arknights),0,明日方舟,1391
swire_(arknights),swire_(arknights),0,明日方舟,1378
nearl_(arknights),nearl_(arknights),0,明日方舟,1367
lemuen_(arknights),lemuen_(arknights),0,明日方舟,1362
gilberta_(arknights),gilberta_(arknights),0,明日方舟,1342
ifrit_(arknights),ifrit_(arknights),0,明日方舟,1327
chen_qianyu_(arknights),chen_qianyu_(arknights),0,明日方舟,1323
specter_the_unchained_(arknights),specter_the_unchained_(arknights),0,明日方舟,1277
jessica_(arknights),jessica_(arknights),0,明日方舟,1254
silverash_(arknights),silverash_(arknights),0,明日方舟,1223
suzuran_(spring_praise)_(arknights),suzuran_(arknights),1,明日方舟,1216
frostnova_(arknights),frostnova_(arknights),0,明日方舟,1210
penance_(arknights),penance_(arknights),0,明日方舟,1180
mudrock_(elite_ii)_(arknights),mudrock_(arknights),1,明日方舟,1177
myrtle_(arknights),myrtle_(arknights),0,明日方舟,1146
hung_(arknights),hung_(arknights),0,明日方舟,1142
saga_(arknights),saga_(arknights),0,明日方舟,1137
tomimi_(arknights),tomimi_(arknights),0,明日方舟,1136
lappland_the_decadenza_(arknights),lappland_the_decadenza_(arknights),0,明日方舟,1123
whislash_(arknights),whislash_(arknights),0,明日方舟,1109
eunectes_(arknights),eunectes_(arknights),0,明日方舟,1105
necrass_(arknights),necrass_(arknights),0,明日方舟,1105
bagpipe_(arknights),bagpipe_(arknights),0,明日方舟,1072
projekt_red_(arknights),projekt_red_(arknights),0,明日方舟,1071
feater_(arknights),feater_(arknights),0,明日方舟,1061
blemishine_(arknights),blemishine_(arknights),0,明日方舟,1059
gladiia_(arknights),gladiia_(arknights),0,明日方舟,1039
aurora_(arknights),aurora_(arknights),0,明日方舟,1034
tequila_(arknights),tequila_(arknights),0,明日方舟,1022
texas_(willpower)_(arknights),texas_(arknights),1,明日方舟,1010
thorns_(arknights),thorns_(arknights),0,明日方舟,998
frostleaf_(arknights),frostleaf_(arknights),0,明日方舟,989
talulah_(arknights),talulah_(arknights),0,明日方舟,983
ptilopsis_(arknights),ptilopsis_(arknights),0,明日方舟,979
magallan_(arknights),magallan_(arknights),0,明日方舟,972
gavial_(arknights),gavial_(arknights),0,明日方舟,965
franka_(arknights),franka_(arknights),0,明日方舟,949
reed_the_flame_shadow_(arknights),reed_the_flame_shadow_(arknights),0,明日方舟,943
liskarm_(arknights),liskarm_(arknights),0,明日方舟,941
warfarin_(arknights),warfarin_(arknights),0,明日方舟,922
exusiai_the_new_covenant_(arknights),exusiai_the_new_covenant_(arknights),0,明日方舟,914
lappland_(refined_horrormare)_(arknights),lappland_(arknights),1,明日方舟,909
lin_(arknights),lin_(arknights),0,明日方舟,907
pozyomka_(arknights),pozyomka_(arknights),0,明日方舟,894
sora_(arknights),sora_(arknights),0,明日方舟,891
typhon_(arknights),typhon_(arknights),0,明日方舟,886
gravel_(arknights),gravel_(arknights),0,明日方舟,868
rosa_(arknights),rosa_(arknights),0,明日方舟,859
shining_(arknights),shining_(arknights),0,明日方舟,851
zima_(arknights),zima_(arknights),0,明日方舟,847
blue_poison_(shoal_beat)_(arknights),blue_poison_(arknights),1,明日方舟,844
astesia_(arknights),astesia_(arknights),0,明日方舟,843
laevatain_(arknights),laevatain_(arknights),0,明日方舟,838
zhuang_fangyi_(arknights),zhuang_fangyi_(arknights),0,明日方舟,811
degenbrecher_(arknights),degenbrecher_(arknights),0,明日方舟,793
shamare_(arknights),shamare_(arknights),0,明日方舟,791
raidian_(arknights),raidian_(arknights),0,明日方舟,775
surtr_(colorful_wonderland)_(arknights),surtr_(arknights),1,明日方舟,772
skadi_(waverider)_(arknights),skadi_(arknights),1,明日方舟,771
kroos_(arknights),kroos_(arknights),0,明日方舟,758
amiya_(medic)_(arknights),amiya_(arknights),1,明日方舟,730
skadi_(elite_ii)_(arknights),skadi_(arknights),1,明日方舟,722
female_doctor_(arknights),female_doctor_(arknights),0,明日方舟,719
executor_(arknights),executor_(arknights),0,明日方舟,704
gummy_(arknights),gummy_(arknights),0,明日方舟,702
viviana_(arknights),viviana_(arknights),0,明日方舟,699
male_endministrator_(arknights),male_endministrator_(arknights),0,明日方舟,695
mudrock_(silent_night)_(arknights),mudrock_(arknights),1,明日方舟,686
texas_(winter_messenger)_(arknights),texas_(arknights),1,明日方舟,683
crownslayer_(arknights),crownslayer_(arknights),0,明日方舟,671
dorothy_(arknights),dorothy_(arknights),0,明日方舟,664
logos_(arknights),logos_(arknights),0,明日方舟,655
vigna_(arknights),vigna_(arknights),0,明日方舟,654
nian_(unfettered_freedom)_(arknights),nian_(arknights),1,明日方舟,654
ines_(arknights),ines_(arknights),0,明日方舟,653
weedy_(arknights),weedy_(arknights),0,明日方舟,634
robin_(arknights),robin_(arknights),0,明日方舟,633
waai_fu_(arknights),waai_fu_(arknights),0,明日方舟,626
mlynar_(arknights),mlynar_(arknights),0,明日方舟,624
spot_(arknights),spot_(arknights),0,明日方舟,621
fluorite_(arknights),fluorite_(arknights),0,明日方舟,617
ch'en_the_holungday_(arknights),ch'en_the_holungday_(arknights),0,明日方舟,615
harmonie_(arknights),harmonie_(arknights),0,明日方舟,604
la_pluma_(summer_flowers)_(arknights),la_pluma_(arknights),1,明日方舟,604
tangtang_(arknights),tangtang_(arknights),0,明日方舟,597
wis'adel_(arknights),wis'adel_(arknights),0,明日方舟,596
saileach_(arknights),saileach_(arknights),0,明日方舟,595
utage_(summer_flowers)_(arknights),utage_(arknights),1,明日方舟,589
croissant_(arknights),croissant_(arknights),0,明日方舟,582
horn_(arknights),horn_(arknights),0,明日方舟,582
carnelian_(arknights),carnelian_(arknights),0,明日方舟,573
istina_(arknights),istina_(arknights),0,明日方舟,572
grani_(arknights),grani_(arknights),0,明日方舟,571
whisperain_(arknights),whisperain_(arknights),0,明日方舟,570
lava_(arknights),lava_(arknights),0,明日方舟,566
lee_(arknights),lee_(arknights),0,明日方舟,561
lumen_(arknights),lumen_(arknights),0,明日方舟,549
closure_(arknights),closure_(arknights),0,明日方舟,548
ray_(arknights),ray_(arknights),0,明日方舟,547
archetto_(arknights),archetto_(arknights),0,明日方舟,545
ebenholz_(arknights),ebenholz_(arknights),0,明日方舟,542
beeswax_(arknights),beeswax_(arknights),0,明日方舟,540
dusk_(everything_is_a_miracle)_(arknights),dusk_(arknights),1,明日方舟,540
aak_(arknights),aak_(arknights),0,明日方舟,533
phantom_(arknights),phantom_(arknights),0,明日方舟,533
yu_(arknights),yu_(arknights),0,明日方舟,529
pepe_(arknights),pepe_(arknights),0,明日方舟,527
surtr_(liberte_echec)_(arknights),surtr_(arknights),1,明日方舟,507
suzuran_(yukibare)_(arknights),suzuran_(arknights),1,明日方舟,505
shu_(spring_feast)_(arknights),shu_(arknights),1,明日方舟,499
amiya_(guard)_(arknights),amiya_(arknights),1,明日方舟,498
cliffheart_(arknights),cliffheart_(arknights),0,明日方舟,497
emperor_(arknights),emperor_(arknights),0,明日方舟,490
provence_(arknights),provence_(arknights),0,明日方舟,488
sideroca_(arknights),sideroca_(arknights),0,明日方舟,486
ansel_(arknights),ansel_(arknights),0,明日方舟,485
skyfire_(arknights),skyfire_(arknights),0,明日方舟,477
ch'en_(ageless_afterglow)_(arknights),ch'en_(arknights),1,明日方舟,476
nightingale_(arknights),nightingale_(arknights),0,明日方舟,473
pallas_(arknights),pallas_(arknights),0,明日方舟,472
manticore_(arknights),manticore_(arknights),0,明日方舟,470
pinecone_(arknights),pinecone_(arknights),0,明日方舟,457
nearl_the_radiant_knight_(arknights),nearl_the_radiant_knight_(arknights),0,明日方舟,457
flametail_(arknights),flametail_(arknights),0,明日方舟,452
eyjafjalla_(summer_flower)_(arknights),eyjafjalla_(arknights),1,明日方舟,452
vermeil_(arknights),vermeil_(arknights),0,明日方舟,448
beanstalk_(arknights),beanstalk_(arknights),0,明日方舟,446
eyjafjalla_the_hvit_aska_(arknights),eyjafjalla_the_hvit_aska_(arknights),0,明日方舟,445
nymph_(arknights),nymph_(arknights),0,明日方舟,444
mon3tr_(summon)_(arknights),mon3tr_(arknights),1,明日方舟,443
shaw_(arknights),shaw_(arknights),0,明日方舟,441
perfumer_(arknights),perfumer_(arknights),0,明日方舟,433
hibiscus_(arknights),hibiscus_(arknights),0,明日方舟,430
jessica_the_liberated_(arknights),jessica_the_liberated_(arknights),0,明日方舟,429
angelina_(summer_flower)_(arknights),angelina_(arknights),1,明日方舟,422
flamebringer_(arknights),flamebringer_(arknights),0,明日方舟,421
hellagur_(arknights),hellagur_(arknights),0,明日方舟,419
ceylon_(arknights),ceylon_(arknights),0,明日方舟,413
elysium_(arknights),elysium_(arknights),0,明日方舟,411
sussurro_(summer_flower)_(arknights),sussurro_(arknights),1,明日方舟,403
mulberry_(arknights),mulberry_(arknights),0,明日方舟,402
plume_(arknights),plume_(arknights),0,明日方舟,394
glaucus_(arknights),glaucus_(arknights),0,明日方舟,390
zuo_le_(arknights),zuo_le_(arknights),0,明日方舟,384
dobermann_(arknights),dobermann_(arknights),0,明日方舟,383
mudrock_(obsidian)_(arknights),mudrock_(arknights),1,明日方舟,383
cardigan_(arknights),cardigan_(arknights),0,明日方舟,381
kroos_the_keen_glint_(arknights),kroos_the_keen_glint_(arknights),0,明日方舟,380
angelina_(distinguished_visitor)_(arknights),angelina_(arknights),1,明日方舟,377
amiya_(medic)_(solo_around_the_world)_(arknights),amiya_(arknights),1,明日方舟,371
entelechia_(arknights),entelechia_(arknights),0,明日方舟,363
fartooth_(arknights),fartooth_(arknights),0,明日方舟,362
haruka_(arknights),haruka_(arknights),0,明日方舟,357
skadi_the_corrupting_heart_(sublimation)_(arknights),skadi_the_corrupting_heart_(arknights),1,明日方舟,356
ch'en_(summer)_(arknights),ch'en_(arknights),1,明日方舟,356
morte_(arknights),morte_(arknights),0,明日方舟,354
wang_(arknights),wang_(arknights),0,明日方舟,352
kristen_(arknights),kristen_(arknights),0,明日方舟,351
kjera_(arknights),kjera_(arknights),0,明日方舟,347
gavial_the_invincible_(arknights),gavial_the_invincible_(arknights),0,明日方舟,343
absinthe_(arknights),absinthe_(arknights),0,明日方舟,339
irene_(voyage_of_feathers)_(arknights),irene_(arknights),1,明日方舟,338
irene_(the_adjudicatrix_and_her_resolve)_(arknights),irene_(arknights),1,明日方舟,338
estella_(arknights),estella_(arknights),0,明日方舟,335
ascalon_(arknights),ascalon_(arknights),0,明日方舟,334
ulpianus_(arknights),ulpianus_(arknights),0,明日方舟,334
podenco_(arknights),podenco_(arknights),0,明日方舟,331
savage_(arknights),savage_(arknights),0,明日方舟,330
ambriel_(arknights),ambriel_(arknights),0,明日方舟,329
alina_(arknights),alina_(arknights),0,明日方舟,329
leizi_(arknights),leizi_(arknights),0,明日方舟,322
popukar_(arknights),popukar_(arknights),0,明日方舟,320
ethan_(arknights),ethan_(arknights),0,明日方舟,319
surtr's_golem_(arknights),surtr's_golem_(arknights),0,明日方舟,317
scene_(arknights),scene_(arknights),0,明日方舟,314
matterhorn_(arknights),matterhorn_(arknights),0,明日方舟,313
meteor_(arknights),meteor_(arknights),0,明日方舟,313
mint_(arknights),mint_(arknights),0,明日方舟,313
ji_(arknights),ji_(arknights),0,明日方舟,313
rope_(arknights),rope_(arknights),0,明日方舟,309
originium_slug_(arknights),originium_slug_(arknights),0,明日方舟,304
passenger_(arknights),passenger_(arknights),0,明日方舟,304
jaye_(arknights),jaye_(arknights),0,明日方舟,300
swire_the_elegant_wit_(arknights),swire_the_elegant_wit_(arknights),0,明日方舟,296
astgenne_(arknights),astgenne_(arknights),0,明日方舟,294
mayer_(arknights),mayer_(arknights),0,明日方舟,293
vigil_(arknights),vigil_(arknights),0,明日方舟,290
eunectes_(forgemaster)_(arknights),eunectes_(arknights),1,明日方舟,288
tenzin_(arknights),tenzin_(arknights),0,明日方舟,287
executor_the_ex_foedere_(arknights),executor_the_ex_foedere_(arknights),0,明日方舟,287
saria_(the_law)_(arknights),saria_(arknights),1,明日方舟,282
yato_(arknights),yato_(arknights),0,明日方舟,281
melantha_(arknights),melantha_(arknights),0,明日方舟,280
bison_(arknights),bison_(arknights),0,明日方舟,278
sideroca_(light_breeze)_(arknights),sideroca_(arknights),1,明日方舟,278
folinic_(arknights),folinic_(arknights),0,明日方舟,277
jie_(arknights),jie_(arknights),0,明日方舟,277
faust_(arknights),faust_(arknights),0,明日方舟,275
mousse_(arknights),mousse_(arknights),0,明日方舟,274
mephisto_(arknights),mephisto_(arknights),0,明日方舟,274
kal'tsit_esperanta_(arknights),kal'tsit_esperanta_(arknights),0,明日方舟,270
miss_christine_(arknights),miss_christine_(arknights),0,明日方舟,268
kreide_(arknights),kreide_(arknights),0,明日方舟,267
metal_crab_(arknights),metal_crab_(arknights),0,明日方舟,264
bagpipe_(queen_no._1)_(arknights),bagpipe_(arknights),1,明日方舟,262
mio_(arknights),mio_(arknights),0,明日方舟,262
suzuran's_father_(arknights),suzuran's_father_(arknights),0,明日方舟,261
myrtle_(summer_flowers)_(arknights),myrtle_(arknights),1,明日方舟,258
indigo_(arknights),indigo_(arknights),0,明日方舟,257
platinum_(shimmering_dew)_(arknights),platinum_(arknights),1,明日方舟,254
snowsant_(arknights),snowsant_(arknights),0,明日方舟,253
papyrus_(arknights),papyrus_(arknights),0,明日方舟,253
last_rite_(arknights),last_rite_(arknights),0,明日方舟,249
shining_(silent_night)_(arknights),shining_(arknights),1,明日方舟,244
w_(wanted)_(arknights),w_(arknights),1,明日方舟,244
hoederer_(arknights),hoederer_(arknights),0,明日方舟,242
heavyrain_(arknights),heavyrain_(arknights),0,明日方舟,239
ceobe_(unfettered)_(arknights),ceobe_(arknights),1,明日方舟,238
andreana_(arknights),andreana_(arknights),0,明日方舟,237
fang_(arknights),fang_(arknights),0,明日方舟,236
indra_(arknights),indra_(arknights),0,明日方舟,236
lava_the_purgatory_(arknights),lava_the_purgatory_(arknights),0,明日方舟,236
projekt_red_(light_breeze)_(arknights),projekt_red_(arknights),1,明日方舟,236
utage_(disguise)_(arknights),utage_(arknights),1,明日方舟,235
hoshiguma_(ronin_huntress)_(arknights),hoshiguma_(arknights),1,明日方舟,234
pramanix_the_prerita_(arknights),pramanix_the_prerita_(arknights),0,明日方舟,229
kal'tsit_(maid)_(arknights),kal'tsit_(arknights),1,明日方舟,228
wulfgard_(arknights),wulfgard_(arknights),0,明日方舟,227
cuora_(arknights),cuora_(arknights),0,明日方舟,226
roberta_(arknights),roberta_(arknights),0,明日方舟,226
penance_(occasionally_flushed)_(arknights),penance_(arknights),1,明日方舟,226
durin_(arknights),durin_(arknights),0,明日方舟,225
firewatch_(arknights),firewatch_(arknights),0,明日方舟,221
narantuya_(arknights),narantuya_(arknights),0,明日方舟,221
domesticated_metal_crab_(arknights),domesticated_metal_crab_(arknights),0,明日方舟,220
asbestos_(arknights),asbestos_(arknights),0,明日方舟,217
ardelia_(arknights),ardelia_(arknights),0,明日方舟,217
shirayuki_(arknights),shirayuki_(arknights),0,明日方舟,216
reunion_soldier_(arknights),reunion_soldier_(arknights),0,明日方舟,216
patriot_(arknights),patriot_(arknights),0,明日方舟,216
w_(act_ii)_(arknights),w_(arknights),1,明日方舟,214
mi_fu_(arknights),mi_fu_(arknights),0,明日方舟,214
yi_(arknights),yi_(arknights),0,明日方舟,212
amiya_(newsgirl)_(arknights),amiya_(arknights),1,明日方舟,211
lin_(summer)_(arknights),lin_(arknights),1,明日方舟,210
courier_(arknights),courier_(arknights),0,明日方舟,209
arene_(arknights),arene_(arknights),0,明日方舟,208
leonhardt_(arknights),leonhardt_(arknights),0,明日方舟,206
april_(arknights),april_(arknights),0,明日方舟,204
u-official_(arknights),u-official_(arknights),0,明日方舟,204
xaihi_(arknights),xaihi_(arknights),0,明日方舟,204
goldenglow_(maiden_for_the_bright_night)_(arknights),goldenglow_(arknights),1,明日方舟,203
flint_(arknights),flint_(arknights),0,明日方舟,202
tuye_(arknights),tuye_(arknights),0,明日方舟,200
enforcer_(arknights),enforcer_(arknights),0,明日方舟,199
avywenna_(arknights),avywenna_(arknights),0,明日方舟,198
ashlock_(arknights),ashlock_(arknights),0,明日方舟,196
kirin_r_yato_(arknights),kirin_r_yato_(arknights),0,明日方舟,195
goldenglow_(summer_flowers)_(arknights),goldenglow_(arknights),1,明日方舟,194
kirara_(arknights),kirara_(arknights),0,明日方舟,190
ch'en_the_holungday_(elite_ii)_(arknights),ch'en_the_holungday_(arknights),1,明日方舟,190
poncirus_(arknights),poncirus_(arknights),0,明日方舟,190
shu_(bingwenyuyou)_(arknights),shu_(arknights),1,明日方舟,190
amiya_(young)_(arknights),amiya_(arknights),1,明日方舟,189
suzuran_(lostlands_flowering)_(arknights),suzuran_(arknights),1,明日方舟,188
hibiscus_the_purifier_(arknights),hibiscus_the_purifier_(arknights),0,明日方舟,188
lambda_(arknights),lambda_(arknights),0,明日方舟,188
caper_(arknights),caper_(arknights),0,明日方舟,187
lemuen_(requiem_vesperis)_(arknights),lemuen_(arknights),1,明日方舟,187
doctor_(anime)_(arknights),doctor_(arknights),1,明日方舟,187
bitey_(arknights),bitey_(arknights),0,明日方舟,185
talulah_the_fighter_(arknights),talulah_the_fighter_(arknights),0,明日方舟,185
cutter_(arknights),cutter_(arknights),0,明日方舟,183
mandragora_(arknights),mandragora_(arknights),0,明日方舟,181
click_(arknights),click_(arknights),0,明日方舟,179
theresis_(arknights),theresis_(arknights),0,明日方舟,179
tequila_(cardwinner)_(arknights),tequila_(arknights),1,明日方舟,178
nightmare_(arknights),nightmare_(arknights),0,明日方舟,177
scavenger_(arknights),scavenger_(arknights),0,明日方舟,177
aciddrop_(arknights),aciddrop_(arknights),0,明日方舟,177
vulcan_(arknights),vulcan_(arknights),0,明日方舟,175
adnachiel_(arknights),adnachiel_(arknights),0,明日方舟,175
tomimi_(silent_night)_(arknights),tomimi_(arknights),1,明日方舟,174
heidi_(arknights),heidi_(arknights),0,明日方舟,173
beanstalk_(gift_uncompleted)_(arknights),beanstalk_(arknights),1,明日方舟,173
skadi_(the_next_afternoon_tea)_(arknights),skadi_(arknights),1,明日方舟,173
greythroat_(arknights),greythroat_(arknights),0,明日方舟,170
ayerscarpe_(arknights),ayerscarpe_(arknights),0,明日方舟,169
meteorite_(arknights),meteorite_(arknights),0,明日方舟,167
warmy_(arknights),warmy_(arknights),0,明日方舟,167
sussurro_(travel_freely)_(arknights),sussurro_(arknights),1,明日方舟,165
swire_(summer)_(arknights),swire_(arknights),1,明日方舟,165
quercus_(arknights),quercus_(arknights),0,明日方舟,164
silence_the_paradigmatic_(arknights),silence_the_paradigmatic_(arknights),0,明日方舟,162
mr._nothing_(arknights),mr._nothing_(arknights),0,明日方舟,161
stainless_(arknights),stainless_(arknights),0,明日方舟,159
rockrock_(arknights),rockrock_(arknights),0,明日方舟,155
lunacub_(arknights),lunacub_(arknights),0,明日方舟,155
carnelian_(shimmering_dew)_(arknights),carnelian_(arknights),1,明日方舟,154
reed_the_flame_shadow_(summer_flower)_(arknights),reed_the_flame_shadow_(arknights),1,明日方舟,154
orchid_(arknights),orchid_(arknights),0,明日方舟,152
ho'olheyak_(carriage_of_the_winds_of_time)_(arknights),ho'olheyak_(arknights),1,明日方舟,152
gavial_(summer)_(arknights),gavial_(arknights),1,明日方舟,152
haze_(arknights),haze_(arknights),0,明日方舟,151
estelle_(arknights),estelle_(arknights),0,明日方舟,151
hoshiguma_the_breacher_(arknights),hoshiguma_the_breacher_(arknights),0,明日方舟,150
beagle_(arknights),beagle_(arknights),0,明日方舟,148
high_priest_(arknights),high_priest_(arknights),0,明日方舟,148
kafka_(arknights),kafka_(arknights),0,明日方舟,148
seaborn_(arknights),seaborn_(arknights),0,明日方舟,146
vigna_(casual_vacation)_(arknights),vigna_(arknights),1,明日方舟,145
vanilla_(arknights),vanilla_(arknights),0,明日方舟,143
dorothy_(hand_of_destiny)_(arknights),dorothy_(arknights),1,明日方舟,143
amiya_(summer)_(arknights),amiya_(arknights),1,明日方舟,143
goldenglow_(party_in_the_garden)_(arknights),goldenglow_(arknights),1,明日方舟,142
deepcolor_(arknights),deepcolor_(arknights),0,明日方舟,141
manticore_(under_a_veil)_(arknights),manticore_(arknights),1,明日方舟,141
amiya_(guard)_(in_a_myriad_of_universes)_(arknights),amiya_(arknights),1,明日方舟,141
rosa_(masterpiece)_(arknights),rosa_(arknights),1,明日方舟,140
highmore_(arknights),highmore_(arknights),0,明日方舟,140
schwarz_(skyline)_(arknights),schwarz_(arknights),1,明日方舟,139
huai_tianpei_(arknights),huai_tianpei_(arknights),0,明日方舟,139
gnosis_(arknights),gnosis_(arknights),0,明日方舟,138
ardashir_(arknights),ardashir_(arknights),0,明日方舟,138
matoimaru_(arknights),matoimaru_(arknights),0,明日方舟,137
steward_(arknights),steward_(arknights),0,明日方舟,137
typhon_(temperature_difference)_(arknights),typhon_(arknights),1,明日方舟,137
blaze_the_igniting_spark_(arknights),blaze_the_igniting_spark_(arknights),0,明日方舟,135
wan_qing_(arknights),wan_qing_(arknights),0,明日方舟,134
bellone_(arknights),bellone_(arknights),0,明日方舟,134
kazemaru_(arknights),kazemaru_(arknights),0,明日方舟,133
tragodia_(arknights),tragodia_(arknights),0,明日方舟,133
lancet-2_(arknights),lancet-2_(arknights),0,明日方舟,132
mostima_(spellbreaker)_(arknights),mostima_(arknights),1,明日方舟,132
astesia_(starseeker)_(arknights),astesia_(arknights),1,明日方舟,131
honeyberry_(arknights),honeyberry_(arknights),0,明日方舟,130
blue_poison_(elite_ii)_(arknights),blue_poison_(arknights),1,明日方舟,129
amiya_(guard)_(touch_the_stars)_(arknights),amiya_(arknights),1,明日方舟,129
vina_victoria_(arknights),vina_victoria_(arknights),0,明日方舟,129
amiya_(demon_king)_(arknights),amiya_(arknights),1,明日方舟,129
leto_(arknights),leto_(arknights),0,明日方舟,128
ifrit_(sunburn)_(arknights),ifrit_(arknights),1,明日方舟,128
dagda_(arknights),dagda_(arknights),0,明日方舟,128
reed_the_flame_shadow_(curator)_(arknights),reed_the_flame_shadow_(arknights),1,明日方舟,128
aurora_(elite_ii)_(arknights),aurora_(arknights),1,明日方舟,127
gravel_(modeling_night)_(arknights),gravel_(arknights),1,明日方舟,125
snowshine_(arknights),snowshine_(arknights),0,明日方舟,123
tomimi_(summer)_(arknights),tomimi_(arknights),1,明日方舟,122
broca_(arknights),broca_(arknights),0,明日方舟,121
logos_(npc)_(arknights),logos_(arknights),1,明日方舟,121
myrrh_(arknights),myrrh_(arknights),0,明日方舟,120
kal'tsit_(the_remains_of_time)_(arknights),kal'tsit_(arknights),1,明日方舟,120
titi_(arknights),titi_(arknights),0,明日方舟,119
archetto_(publicity_strategy)_(arknights),archetto_(arknights),1,明日方舟,118
magallan_(elite_ii)_(arknights),magallan_(arknights),1,明日方舟,118
ptilopsis_(elite_ii)_(arknights),ptilopsis_(arknights),1,明日方舟,117
necrass_(summer_flowers)_(arknights),necrass_(arknights),1,明日方舟,114
leizi_the_thunderbringer_(arknights),leizi_the_thunderbringer_(arknights),0,明日方舟,113
texas_(ambience_synesthesia_2022)_(arknights),texas_(arknights),1,明日方舟,113
akekuri_(arknights),akekuri_(arknights),0,明日方舟,112
flametail_(sport_for_all)_(arknights),flametail_(arknights),1,明日方舟,111
andoain_(arknights),andoain_(arknights),0,明日方舟,111
ceobe_(summer_flowers)_(arknights),ceobe_(arknights),1,明日方舟,110
pozyomka_(snowy_plains_in_words)_(arknights),pozyomka_(arknights),1,明日方舟,110
sora_(summer_flowers)_(arknights),sora_(arknights),1,明日方舟,109
lens_(arknights),lens_(arknights),0,明日方舟,108
beeswax_(weisser_sand)_(arknights),beeswax_(arknights),1,明日方舟,108
skadi's_seaborn_(arknights),skadi's_seaborn_(arknights),0,明日方舟,108
kjera_(ingenious_servant)_(arknights),kjera_(arknights),1,明日方舟,108
qiubai_(arknights),qiubai_(arknights),0,明日方舟,108
spuria_(arknights),spuria_(arknights),0,明日方舟,108
texas_(ambience_synesthesia)_(arknights),texas_(arknights),1,明日方舟,107
pogranichnik_(arknights),pogranichnik_(arknights),0,明日方舟,107
dur-nar_(arknights),dur-nar_(arknights),0,明日方舟,106
provence_(casual_vacation)_(arknights),provence_(arknights),1,明日方舟,106
hoshiguma_(summer)_(arknights),hoshiguma_(arknights),1,明日方舟,106
specter_(undercurrent)_(arknights),specter_(arknights),1,明日方舟,105
dolly_(arknights),dolly_(arknights),0,明日方舟,105
lappland_(ambience_synesthesia_2021)_(arknights),lappland_(arknights),1,明日方舟,105
mantra_(arknights),mantra_(arknights),0,明日方舟,104
laqeramaline_(arknights),laqeramaline_(arknights),0,明日方舟,104
noir_corne_(arknights),noir_corne_(arknights),0,明日方舟,103
cantabile_(arknights),cantabile_(arknights),0,明日方舟,103
astesia_(frlibe_on_the_palace)_(arknights),astesia_(arknights),1,明日方舟,103
earthspirit_(arknights),earthspirit_(arknights),0,明日方舟,102
gummy_(summer_flowers)_(arknights),gummy_(arknights),1,明日方舟,102
w_(fugue)_(arknights),w_(arknights),1,明日方舟,102
blacknight_(arknights),blacknight_(arknights),0,明日方舟,102
thorns_the_lodestar_(arknights),thorns_the_lodestar_(arknights),0,明日方舟,102
qalaisa_(arknights),qalaisa_(arknights),0,明日方舟,101
lappland_(ambience_synesthesia)_(arknights),lappland_(arknights),1,明日方舟,101
whisperain_(tremble_cold)_(arknights),whisperain_(arknights),1,明日方舟,100
myrtle_(light_gold_celebration)_(arknights),myrtle_(arknights),1,明日方舟,100
rosmontis_(become_anew)_(arknights),rosmontis_(arknights),1,明日方舟,100
kal'tsit_(formal)_(arknights),kal'tsit_(arknights),1,明日方舟,100
mizuki_(summer_feast)_(arknights),mizuki_(arknights),1,明日方舟,99
warfarin_(casual_vacation)_(arknights),warfarin_(arknights),1,明日方舟,98
dusk_(ambience_synesthesia_2022)_(arknights),dusk_(arknights),1,明日方舟,98
mostima_(ethereal_harmony)_(arknights),mostima_(arknights),1,明日方舟,96
pramanix_(caster's_frost)_(arknights),pramanix_(arknights),1,明日方舟,95
sora_(melodiosa)_(arknights),sora_(arknights),1,明日方舟,95
specter_the_unchained_(born_as_one)_(arknights),specter_the_unchained_(arknights),1,明日方舟,94
mountain_(book_reader)_(arknights),mountain_(arknights),1,明日方舟,93
silverash_(elite_ii)_(arknights),silverash_(arknights),1,明日方舟,93
swire_(honor_and_splendor)_(arknights),swire_(arknights),1,明日方舟,92
saria_(stronghold)_(arknights),saria_(arknights),1,明日方舟,92
meteor_(bard's_holiday)_(arknights),meteor_(arknights),1,明日方舟,92
amiya_(seedsower)_(arknights),amiya_(arknights),1,明日方舟,92
phantom_(focus)_(arknights),phantom_(arknights),1,明日方舟,91
virtuosa_(diversity_oneness)_(arknights),virtuosa_(arknights),1,明日方舟,91
kal'tsit_(remnant)_(arknights),kal'tsit_(arknights),1,明日方舟,89
eyjafjalla_the_hvit_aska_(a_picnic_before_a_long_trip)_(arknights),eyjafjalla_the_hvit_aska_(arknights),1,明日方舟,89
nearl_(shimmering_dew)_(arknights),nearl_(arknights),1,明日方舟,88
istina_(bibliosmia)_(arknights),istina_(arknights),1,明日方舟,87
ptilopsis_(serenity)_(arknights),ptilopsis_(arknights),1,明日方舟,87
exusiai_(city_rider)_(arknights),exusiai_(arknights),1,明日方舟,87
reed_(young)_(arknights),reed_(arknights),1,明日方舟,87
chongyue_(alighting)_(arknights),chongyue_(arknights),1,明日方舟,86
nightingale_(an_elegy)_(arknights),nightingale_(arknights),1,明日方舟,85
ansel_(casual_vacation)_(arknights),ansel_(arknights),1,明日方舟,85
angelina_(sports)_(arknights),angelina_(arknights),1,明日方舟,85
dusk_(ambience_synesthesia)_(arknights),dusk_(arknights),1,明日方舟,85
horn_(to_effloresce_whitely)_(arknights),horn_(arknights),1,明日方舟,84
amiya_(ambience_synesthesia_2025)_(arknights),amiya_(arknights),1,明日方舟,84
pinecone_(sing_a_song)_(arknights),pinecone_(arknights),1,明日方舟,83
feater_(gourmet)_(arknights),feater_(arknights),1,明日方舟,83
feater_(dojo_star)_(arknights),feater_(arknights),1,明日方舟,82
necrass_(young)_(arknights),necrass_(arknights),1,明日方舟,82
eyjafjalla_(ambience_synesthesia_2022)_(arknights),eyjafjalla_(arknights),1,明日方舟,81
lappland_the_decadenza_(unruly_humbleness)_(arknights),lappland_the_decadenza_(arknights),1,明日方舟,81
amiya_(fresh_fastener)_(arknights),amiya_(arknights),1,明日方舟,80
blemishine_(moon_catastrborn)_(arknights),blemishine_(arknights),1,明日方舟,80
silence_(frosted_breath)_(arknights),silence_(arknights),1,明日方舟,78
mulberry_(plant_crude_drug)_(arknights),mulberry_(arknights),1,明日方舟,78
gavial_the_invincible_(holiday)_(arknights),gavial_the_invincible_(arknights),1,明日方舟,78
gladiia_(return)_(arknights),gladiia_(arknights),1,明日方舟,77
eyjafjalla_(ambience_synesthesia)_(arknights),eyjafjalla_(arknights),1,明日方舟,77
blaze_(summer)_(arknights),blaze_(arknights),1,明日方舟,75
warfarin_(the_feast)_(arknights),warfarin_(arknights),1,明日方舟,74
saileach_(appreciate_fragrance)_(arknights),saileach_(arknights),1,明日方舟,74
shamare_(echo_of_the_horrorlair)_(arknights),shamare_(arknights),1,明日方舟,73
heavyrain_(tranquil_moss)_(arknights),heavyrain_(arknights),1,明日方舟,73
angelina_(ambience_synesthesia_2021)_(arknights),angelina_(arknights),1,明日方舟,73
crownslayer_(npc)_(arknights),crownslayer_(arknights),1,明日方舟,73
schwarz_(presents)_(arknights),schwarz_(arknights),1,明日方舟,72
archetto_(glory_of_the_devout)_(arknights),archetto_(arknights),1,明日方舟,71
mostima_(sports)_(arknights),mostima_(arknights),1,明日方舟,71
ho'olheyak_(ritual_of_immortality)_(arknights),ho'olheyak_(arknights),1,明日方舟,70
thorns_(comodo)_(arknights),thorns_(arknights),1,明日方舟,69
kal'tsit_(advisor)_(arknights),kal'tsit_(arknights),1,明日方舟,69
amiya_(act_ii)_(arknights),amiya_(arknights),1,明日方舟,69
ch'en_(after_storm)_(arknights),ch'en_(arknights),1,明日方舟,68
ray_(dreaming_high)_(arknights),ray_(arknights),1,明日方舟,68
haruka_(casual)_(arknights),haruka_(arknights),1,明日方舟,68
jaye_(elite_ii)_(arknights),jaye_(arknights),1,明日方舟,67
texas_the_omertosa_(wingbreaker)_(arknights),texas_the_omertosa_(arknights),1,明日方舟,67
skadi_the_corrupting_heart_(red_countess)_(arknights),skadi_the_corrupting_heart_(arknights),1,明日方舟,67
frostleaf_(breaking_the_ice)_(arknights),frostleaf_(arknights),1,明日方舟,66
cardigan_(sunny_day)_(arknights),cardigan_(arknights),1,明日方舟,66
gladiia_(i_am_the_tides)_(arknights),gladiia_(arknights),1,明日方舟,66
caper_(summer_flowers)_(arknights),caper_(arknights),1,明日方舟,66
degenbrecher_(the_shadow_of_the_dark_moon)_(arknights),degenbrecher_(arknights),1,明日方舟,66
kroos_(the_mag)_(arknights),kroos_(arknights),1,明日方舟,65
amiya_(ambience_synesthesia_2022)_(arknights),amiya_(arknights),1,明日方舟,63
surtr_(prelude_to_transcendence)_(arknights),surtr_(arknights),1,明日方舟,63
w_(summer)_(arknights),w_(arknights),1,明日方舟,63
skyfire_(temperature_difference)_(arknights),skyfire_(arknights),1,明日方舟,62
kroos_the_keen_glint_(along_the_corridor)_(arknights),kroos_the_keen_glint_(arknights),1,明日方舟,62
exusiai_(wild_operation)_(arknights),exusiai_(arknights),1,明日方舟,61
dobermann_(lieutenant)_(arknights),dobermann_(arknights),1,明日方舟,60
kazemaru_(like_illusion)_(arknights),kazemaru_(arknights),1,明日方舟,60
ch'en_the_holungday_(ten_thousand_mountains)_(arknights),ch'en_the_holungday_(arknights),1,明日方舟,60
hoshiguma_(seeker)_(arknights),hoshiguma_(arknights),1,明日方舟,60
w_(mercenary)_(arknights),w_(arknights),1,明日方舟,60
podenco_(wake_up_from_a_nap)_(arknights),podenco_(arknights),1,明日方舟,59
bagpipe_(echo_of_bagpipes)_(arknights),bagpipe_(arknights),1,明日方舟,59
exusiai_(apple)_(arknights),exusiai_(arknights),1,明日方舟,59
exusiai_the_new_covenant_(the_legend_seeker)_(arknights),exusiai_the_new_covenant_(arknights),1,明日方舟,59
liskarm_(overload)_(arknights),liskarm_(arknights),1,明日方舟,58
vigna_(black_wave)_(arknights),vigna_(arknights),1,明日方舟,58
mint_(elite_ii)_(arknights),mint_(arknights),1,明日方舟,58
suzuran_(let's_carnival!)_(arknights),suzuran_(arknights),1,明日方舟,58
typhon_(northern_pathfinder)_(arknights),typhon_(arknights),1,明日方舟,58
virtuosa_(ambience_synesthesia_2024)_(arknights),virtuosa_(arknights),1,明日方舟,58
roberta_(summer_flowers)_(arknights),roberta_(arknights),1,明日方舟,57
mulberry_(reflection_that_of_the_moons)_(arknights),mulberry_(arknights),1,明日方舟,57
deepcolor_(elite_ii)_(arknights),deepcolor_(arknights),1,明日方舟,57
rope_(summer_flowers)_(arknights),rope_(arknights),1,明日方舟,56
blaze_(burst_feline)_(arknights),blaze_(arknights),1,明日方舟,56
franka_(rainforest_me_rainbow)_(arknights),franka_(arknights),1,明日方舟,56
ling_(towering_is_cliff_of_nostalgia)_(arknights),ling_(arknights),1,明日方舟,56
vulpisfoglia_(out_of_focus)_(arknights),vulpisfoglia_(arknights),1,明日方舟,56
silverash_(york's_bise)_(arknights),silverash_(arknights),1,明日方舟,55
saileach_(summer_flowers)_(arknights),saileach_(arknights),1,明日方舟,55
ptilopsis_(amongst_the_clouds)_(arknights),ptilopsis_(arknights),1,明日方舟,55
zima_(ready_to_go)_(arknights),zima_(arknights),1,明日方舟,54
melantha_(letters_from_wessex)_(arknights),melantha_(arknights),1,明日方舟,54
rockrock_(before_singing)_(arknights),rockrock_(arknights),1,明日方舟,54
mousse_(campfire_cooking_smoke)_(arknights),mousse_(arknights),1,明日方舟,54
whisperain_(priory_of_abyss)_(arknights),whisperain_(arknights),1,明日方舟,54
siege_(city_destroyer)_(arknights),siege_(arknights),1,明日方舟,53
fiammetta_(divine_oath)_(arknights),fiammetta_(arknights),1,明日方舟,53
w_(ballerina)_(arknights),w_(arknights),1,明日方舟,53
firewatch_(wilted_cypress)_(arknights),firewatch_(arknights),1,明日方舟,52
exusiai_(young)_(arknights),exusiai_(arknights),1,明日方舟,52
virtuosa_(ambience_synesthesia)_(arknights),virtuosa_(arknights),1,明日方舟,52
saria_(casual)_(arknights),saria_(arknights),1,明日方舟,52
lava_the_purgatory_(dusk_wisteria)_(arknights),lava_the_purgatory_(arknights),1,明日方舟,51
ling_(it_does_wash_the_strings)_(arknights),ling_(arknights),1,明日方舟,51
scene_(betsushi)_(arknights),scene_(arknights),1,明日方舟,51
wis'adel_(supernova)_(arknights),wis'adel_(arknights),1,明日方舟,51
exusiai_(teenage)_(arknights),exusiai_(arknights),1,明日方舟,51
penance_(ambience_synesthesia_2023)_(arknights),penance_(arknights),1,明日方舟,51
weedy_(candy_cape)_(arknights),weedy_(arknights),1,明日方舟,50
whislash_(glory_purple)_(arknights),whislash_(arknights),1,明日方舟,50
reed_(emerald_holiday)_(arknights),reed_(arknights),1,明日方舟,50
saga_(there_they_be)_(arknights),saga_(arknights),1,明日方舟,50
texas_the_omertosa_(il_segreto_della_notte)_(arknights),texas_the_omertosa_(arknights),1,明日方舟,50
lemuen_(elite_ii)_(arknights),lemuen_(arknights),1,明日方舟,50
magallan_(shaved-ice_memories)_(arknights),magallan_(arknights),1,明日方舟,49
perfumer_(species_plantarum)_(arknights),perfumer_(arknights),1,明日方舟,49
croissant_(seeker)_(arknights),croissant_(arknights),1,明日方舟,49
pallas_(heritage)_(arknights),pallas_(arknights),1,明日方舟,49
exusiai_(midnight_delivery)_(arknights),exusiai_(arknights),1,明日方舟,49
lin_(heavenly_mirage)_(arknights),lin_(arknights),1,明日方舟,49
penance_(scribing)_(arknights),penance_(arknights),1,明日方舟,49
matterhorn_(beach_guard)_(arknights),matterhorn_(arknights),1,明日方舟,48
robin_(gift_of_wild)_(arknights),robin_(arknights),1,明日方舟,48
ebenholz_(eine_variation)_(arknights),ebenholz_(arknights),1,明日方舟,48
blemishine_(elite_ii)_(arknights),blemishine_(arknights),1,明日方舟,48
amiya_(ambience_synesthesia_2021)_(arknights),amiya_(arknights),1,明日方舟,48
tequila_(top_tier_live)_(arknights),tequila_(arknights),1,明日方舟,48
muelsyse_(golden_reverie)_(arknights),muelsyse_(arknights),1,明日方舟,48
logos_(radiant_serenity)_(arknights),logos_(arknights),1,明日方舟,48
mountain_(hardcore_rider)_(arknights),mountain_(arknights),1,明日方舟,48
nian_(thunderbolt_director)_(arknights),nian_(arknights),1,明日方舟,47
nymph_(sweetness_to_the_heart)_(arknights),nymph_(arknights),1,明日方舟,47
zhuang_fangyi_(empyrean_of_truth)_(arknights),zhuang_fangyi_(arknights),1,明日方舟,47
penance_(ambience_synesthesia)_(arknights),penance_(arknights),1,明日方舟,45
mudrock_(rubble)_(arknights),mudrock_(arknights),1,明日方舟,45
angelina_(ambience_synesthesia_2025)_(arknights),angelina_(arknights),1,明日方舟,45
lumen_(golden_dream)_(arknights),lumen_(arknights),1,明日方舟,44
ambriel_(holiday)_(arknights),ambriel_(arknights),1,明日方舟,44
ceylon_(holiday)_(arknights),ceylon_(arknights),1,明日方舟,44
plume_(easy_time)_(arknights),plume_(arknights),1,明日方舟,44
beeswax_(elite_ii)_(arknights),beeswax_(arknights),1,明日方舟,44
reed_the_flame_shadow_(glowing_flame_in_the_night)_(arknights),reed_the_flame_shadow_(arknights),1,明日方舟,44
theresa_(condolence)_(arknights),theresa_(arknights),1,明日方舟,44
pallas_(a_drip_of_orea_and_potamous)_(arknights),pallas_(arknights),1,明日方舟,43
spot_(professional)_(arknights),spot_(arknights),1,明日方舟,43
blacknight_(summer_flower)_(arknights),blacknight_(arknights),1,明日方舟,43
harmonie_(decoration)_(arknights),harmonie_(arknights),1,明日方舟,43
entelechia_(dazzling_blue)_(arknights),entelechia_(arknights),1,明日方舟,43
fang_(cruciata)_(arknights),fang_(arknights),1,明日方舟,42
gavial_(combat_medic)_(arknights),gavial_(arknights),1,明日方舟,42
tuye_(cultivate_vegetation)_(arknights),tuye_(arknights),1,明日方舟,42
passenger_(dream_in_a_moment)_(arknights),passenger_(arknights),1,明日方舟,42
kal'tsit_(ambience_synesthesia_2024)_(arknights),kal'tsit_(arknights),1,明日方舟,42
mint_(tsukiyoi)_(arknights),mint_(arknights),1,明日方舟,41
mlynar_(w_dali)_(arknights),mlynar_(arknights),1,明日方舟,41
suzuran_(anmi's_swimsuit)_(arknights),suzuran_(arknights),1,明日方舟,41
surtr_(ask's_beach_design)_(arknights),surtr_(arknights),1,明日方舟,41
manticore_(invisible_dirge)_(arknights),manticore_(arknights),1,明日方舟,40
indigo_(serene_day)_(arknights),indigo_(arknights),1,明日方舟,40
harmonie_(invitation)_(arknights),harmonie_(arknights),1,明日方舟,40
ch'en_(elite_ii)_(arknights),ch'en_(arknights),1,明日方舟,40
carnelian_(hohenlohe_chillysand)_(arknights),carnelian_(arknights),1,明日方舟,39
virtuosa_(gargoyle)_(arknights),virtuosa_(arknights),1,明日方舟,39
lappland_the_decadenza_(ambience_synesthesia_2025)_(arknights),lappland_the_decadenza_(arknights),1,明日方舟,39
andreana_(silent_arrow)_(arknights),andreana_(arknights),1,明日方舟,38
flamebringer_(casual_vacation)_(arknights),flamebringer_(arknights),1,明日方舟,38
haruka_(stranded_in_utopia)_(arknights),haruka_(arknights),1,明日方舟,38
siege_(legacy)_(arknights),siege_(arknights),1,明日方舟,37
warfarin_(elite_ii)_(arknights),warfarin_(arknights),1,明日方舟,37
ashlock_(elite_ii)_(arknights),ashlock_(arknights),1,明日方舟,37
thorns_(blade-cleaved_tides)_(arknights),thorns_(arknights),1,明日方舟,37
poncirus_(to_rest_in_night_breezes)_(arknights),poncirus_(arknights),1,明日方舟,37
viviana_(sent_from_ognisko)_(arknights),viviana_(arknights),1,明日方舟,37
mizuki_(ambience_synesthesia_2022)_(arknights),mizuki_(arknights),1,明日方舟,37
nymph_(blooming_reverie)_(arknights),nymph_(arknights),1,明日方舟,37
grani_(miraculous_moment)_(arknights),grani_(arknights),1,明日方舟,36
jessica_(clivia)_(arknights),jessica_(arknights),1,明日方舟,36
aciddrop_(afternoon_teatime)_(arknights),aciddrop_(arknights),1,明日方舟,36
elysium_(shimmering_dew)_(arknights),elysium_(arknights),1,明日方舟,36
snowsant_(summer)_(arknights),snowsant_(arknights),1,明日方舟,36
ifrit_(lone_trail)_(arknights),ifrit_(arknights),1,明日方舟,36
beanstalk_(elite_ii)_(arknights),beanstalk_(arknights),1,明日方舟,35
zima_(ursus)_(arknights),zima_(arknights),1,明日方舟,35
mizuki_(a_player_forever)_(arknights),mizuki_(arknights),1,明日方舟,35
ascalon_(phototaxis)_(arknights),ascalon_(arknights),1,明日方舟,35
ptilopsis_(ambience_synesthesia_2022)_(arknights),ptilopsis_(arknights),1,明日方舟,35
hung_(just_a_driver)_(arknights),hung_(arknights),1,明日方舟,34
mountain_(dark_cloud)_(arknights),mountain_(arknights),1,明日方舟,34
fartooth_(hear_the_wind_sing)_(arknights),fartooth_(arknights),1,明日方舟,34
bagpipe_(royal_guardswoman)_(arknights),bagpipe_(arknights),1,明日方舟,34
nightingale_(iakhu_of_flows)_(arknights),nightingale_(arknights),1,明日方舟,34
mizuki_(ambience_synesthesia)_(arknights),mizuki_(arknights),1,明日方舟,34
kal'tsit_(ambience_synesthesia)_(arknights),kal'tsit_(arknights),1,明日方舟,34
fiammetta_(ambience_synesthesia_2023)_(arknights),fiammetta_(arknights),1,明日方舟,34
texas_(ambience_synesthesia_2025)_(arknights),texas_(arknights),1,明日方舟,34
cardigan_(cheerful_guardian)_(arknights),cardigan_(arknights),1,明日方舟,33
indra_(valiant_general)_(arknights),indra_(arknights),1,明日方舟,33
ptilopsis_(ambience_synesthesia)_(arknights),ptilopsis_(arknights),1,明日方舟,33
popukar_(witch's_swing)_(arknights),popukar_(arknights),1,明日方舟,33
virtuosa_(young)_(arknights),virtuosa_(arknights),1,明日方舟,33
scavenger_(survive)_(arknights),scavenger_(arknights),1,明日方舟,32
sora_(elite_ii)_(arknights),sora_(arknights),1,明日方舟,32
logos_(young)_(arknights),logos_(arknights),1,明日方舟,32
shirayuki_(wind_of_breaking_blade)_(arknights),shirayuki_(arknights),1,明日方舟,31
perfumer_(leisurely_afternoon)_(arknights),perfumer_(arknights),1,明日方舟,31
jaye_(beach_guard)_(arknights),jaye_(arknights),1,明日方舟,31
gummy_(elite_ii)_(arknights),gummy_(arknights),1,明日方舟,31
courier_(elite_ii)_(arknights),courier_(arknights),1,明日方舟,31
absinthe_(noon_twilight)_(arknights),absinthe_(arknights),1,明日方舟,31
kroos_the_keen_glint_(the_apprentice_and_her_aura)_(arknights),kroos_the_keen_glint_(arknights),1,明日方舟,31
exusiai_(nun)_(arknights),exusiai_(arknights),1,明日方舟,31
passenger_(young)_(arknights),passenger_(arknights),1,明日方舟,31
ling_(ambience_synesthesia_2023)_(arknights),ling_(arknights),1,明日方舟,31
jessica_(iron_block)_(arknights),jessica_(arknights),1,明日方舟,30
astesia_(fantastic_crafts)_(arknights),astesia_(arknights),1,明日方舟,30
siege_(ambience_synesthesia_2021)_(arknights),siege_(arknights),1,明日方舟,30
tragodia_(npc)_(arknights),tragodia_(arknights),1,明日方舟,30
lappland_(young)_(arknights),lappland_(arknights),1,明日方舟,30
phantom_(ambience_synesthesia_2022)_(arknights),phantom_(arknights),1,明日方舟,30
vulpisfoglia_(ambience_synesthesia_2025)_(arknights),vulpisfoglia_(arknights),1,明日方舟,30
necrass_(as_clear_as_crystal)_(arknights),necrass_(arknights),1,明日方舟,30
click_(grave_thief)_(arknights),click_(arknights),1,明日方舟,29
lee_(trust_your_eyes)_(arknights),lee_(arknights),1,明日方舟,29
muelsyse_(young_branch)_(arknights),muelsyse_(arknights),1,明日方舟,29
phantom_(ambience_synesthesia)_(arknights),phantom_(arknights),1,明日方舟,29
blaze_(explosive_blue_flame)_(arknights),blaze_(arknights),1,明日方舟,29
ling_(ambience_synesthesia)_(arknights),ling_(arknights),1,明日方舟,29
fiammetta_(ambience_synesthesia)_(arknights),fiammetta_(arknights),1,明日方舟,29
closure_(act_ii)_(arknights),closure_(arknights),1,明日方舟,29
executor_(young)_(arknights),executor_(arknights),1,明日方舟,29
executor_(gargoyle)_(arknights),executor_(arknights),1,明日方舟,29
ch'en_the_holungday_(holiday)_(arknights),ch'en_the_holungday_(arknights),1,明日方舟,29
shining_(ambience_synesthesia_2021)_(arknights),shining_(arknights),1,明日方舟,29
dusk_(hazy_jade)_(arknights),dusk_(arknights),1,明日方舟,29
executor_(titleless_code)_(arknights),executor_(arknights),1,明日方舟,28
glaucus_(exterminator_in_the_square)_(arknights),glaucus_(arknights),1,明日方舟,28
phantom_(dream_within_a_dreammare)_(arknights),phantom_(arknights),1,明日方舟,28
aurora_(polar_catcher)_(arknights),aurora_(arknights),1,明日方舟,28
ines_(melodic_flutter)_(arknights),ines_(arknights),1,明日方舟,28
hoederer_(mercenary)_(arknights),hoederer_(arknights),1,明日方舟,28
flint_(gorgeous_flower)_(arknights),flint_(arknights),1,明日方舟,27
shining_(ambience_synesthesia)_(arknights),shining_(arknights),1,明日方舟,27
ebenholz_(ambience_synesthesia_2025)_(arknights),ebenholz_(arknights),1,明日方舟,27
lappland_(teenage)_(arknights),lappland_(arknights),1,明日方舟,27
rope_(imp's_house)_(arknights),rope_(arknights),1,明日方舟,26
siege_(ambience_synesthesia_2024)_(arknights),siege_(arknights),1,明日方舟,26
phantom_(elite_ii)_(arknights),phantom_(arknights),1,明日方舟,26
jessica_(ash)_(arknights),jessica_(arknights),1,明日方舟,25
asbestos_(glen_sonata)_(arknights),asbestos_(arknights),1,明日方舟,25
weedy_(sedjem)_(arknights),weedy_(arknights),1,明日方舟,25
viviana_(young)_(arknights),viviana_(arknights),1,明日方舟,25
theresa_(ambience_synesthesia)_(arknights),theresa_(arknights),1,明日方舟,25
frostnova_(rhodes_island_uniform)_(arknights),frostnova_(arknights),1,明日方舟,25
suzuran_(pajamas)_(arknights),suzuran_(arknights),1,明日方舟,24
nightmare_(the_ferry_girl)_(arknights),nightmare_(arknights),1,明日方舟,24
kal'tsit_(boss)_(arknights),kal'tsit_(arknights),1,明日方舟,24
silverash_(young)_(arknights),silverash_(arknights),1,明日方舟,24
eyjafjalla_(fluffy_little_witch)_(arknights),eyjafjalla_(arknights),1,明日方舟,24
amiya_(wilderness_moments)_(arknights),amiya_(arknights),1,明日方舟,24
nightmare_(light_and_shadow)_(arknights),nightmare_(arknights),1,明日方舟,23
silence_(lacquer)_(arknights),silence_(arknights),1,明日方舟,23
aak_(doctor_of_faces)_(arknights),aak_(arknights),1,明日方舟,23
silverash_(seeker)_(arknights),silverash_(arknights),1,明日方舟,23
leonhardt_(hope_cruise)_(arknights),leonhardt_(arknights),1,明日方舟,23
adnachiel_(traceless_walker)_(arknights),adnachiel_(arknights),1,明日方舟,23
heidi_(young)_(arknights),heidi_(arknights),1,明日方舟,23
kirara_(trendsetting_player)_(arknights),kirara_(arknights),1,明日方舟,22
roberta_(granter_of_colors)_(arknights),roberta_(arknights),1,明日方舟,22
andreana_(elite_ii)_(arknights),andreana_(arknights),1,明日方舟,22
feater_(elite_ii)_(arknights),feater_(arknights),1,明日方舟,22
savage_(secret_family_recipe)_(arknights),savage_(arknights),1,明日方舟,22
warmy_(warm_velvet_at_the_corner)_(arknights),warmy_(arknights),1,明日方舟,22
lin_(summer_flowers)_(arknights),lin_(arknights),1,明日方舟,22
pozyomka_(beside_dreams)_(arknights),pozyomka_(arknights),1,明日方舟,22
virtuosa_(funeral)_(arknights),virtuosa_(arknights),1,明日方舟,22
shaw_(cleansweeper_in_the_castle)_(arknights),shaw_(arknights),1,明日方舟,21
elysium_(snowy_echo)_(arknights),elysium_(arknights),1,明日方舟,21
stainless_(beach_guard)_(arknights),stainless_(arknights),1,明日方舟,21
vigil_(the_other_side_of_siracusa)_(arknights),vigil_(arknights),1,明日方舟,21
silence_the_paradigmatic_(habitat)_(arknights),silence_the_paradigmatic_(arknights),1,明日方舟,21
jessica_the_liberated_(ride_to_davistown)_(arknights),jessica_the_liberated_(arknights),1,明日方舟,21
zuo_le_(youthful_journey)_(arknights),zuo_le_(arknights),1,明日方舟,21
pinecone_(season_of_travel)_(arknights),pinecone_(arknights),1,明日方舟,21
ch'en_(ambience_synesthesia_2021)_(arknights),ch'en_(arknights),1,明日方舟,21
aciddrop_(holiday)_(arknights),aciddrop_(arknights),1,明日方舟,21
virtuosa_(yukata)_(arknights),virtuosa_(arknights),1,明日方舟,21
amiya_(medic)_(the_unbounded_folio)_(arknights),amiya_(arknights),1,明日方舟,21
exusiai_(ambience_synesthesia_2024)_(arknights),exusiai_(arknights),1,明日方舟,21
kal'tsit_(puppet)_(arknights),kal'tsit_(arknights),1,明日方舟,21
beagle_(dreadnaught)_(arknights),beagle_(arknights),1,明日方舟,20
arene_(casual)_(arknights),arene_(arknights),1,明日方舟,20
astgenne_(her_aspiration)_(arknights),astgenne_(arknights),1,明日方舟,20
ansel_(nighttime_cafe)_(arknights),ansel_(arknights),1,明日方舟,20
pepe_(nuit_of_the_nightsky)_(arknights),pepe_(arknights),1,明日方舟,20
ifrit_(children's_party)_(arknights),ifrit_(arknights),1,明日方舟,19
aak_(healing_hand_evil_heart)_(arknights),aak_(arknights),1,明日方舟,19
cantabile_(illumination_that_of_daylights)_(arknights),cantabile_(arknights),1,明日方舟,19
beeswax_(holiday)_(arknights),beeswax_(arknights),1,明日方舟,19
w_(cannot_wait_for)_(arknights),w_(arknights),1,明日方舟,19
leizi_(the_archivist_and_her_pilgrimage)_(arknights),leizi_(arknights),1,明日方舟,19
closure_(act_iii)_(arknights),closure_(arknights),1,明日方舟,19
myrtle_(bustling_festival)_(arknights),myrtle_(arknights),1,明日方舟,19
yi_(mascot)_(arknights),yi_(arknights),1,明日方舟,19
hoederer_(act_ii)_(arknights),hoederer_(arknights),1,明日方舟,19
kal'tsit_esperanta_(the_unbounded_folio)_(arknights),kal'tsit_esperanta_(arknights),1,明日方舟,19
yu_(clear_morning_view)_(arknights),yu_(arknights),1,明日方舟,19
mint_(private_study)_(arknights),mint_(arknights),1,明日方舟,18
silverash_(never-melting_ice)_(arknights),silverash_(arknights),1,明日方舟,18
chongyue_(all-round_actor)_(arknights),chongyue_(arknights),1,明日方舟,18
wan_qing_(tons_of_sunshine)_(arknights),wan_qing_(arknights),1,明日方舟,18
exusiai_(ambience_synesthesia_2025)_(arknights),exusiai_(arknights),1,明日方舟,18
hoshiguma_(ambience_synesthesia_2022)_(arknights),hoshiguma_(arknights),1,明日方舟,18
crownslayer_(the_dark_night_terminator)_(arknights),crownslayer_(arknights),1,明日方舟,18
mayer_(visionblazer_in_the_courtyard)_(arknights),mayer_(arknights),1,明日方舟,17
ethan_(infiltrator)_(arknights),ethan_(arknights),1,明日方舟,17
provence_(wasteland_walker)_(arknights),provence_(arknights),1,明日方舟,17
kafka_(cardboard_fairy)_(arknights),kafka_(arknights),1,明日方舟,17
hellagur_(octopath_illusion)_(arknights),hellagur_(arknights),1,明日方舟,17
steward_(snowstorm_invitation)_(arknights),steward_(arknights),1,明日方舟,17
heidi_(a_thousand_correspondences)_(arknights),heidi_(arknights),1,明日方舟,17
blue_poison_(nocturne_of_elysia)_(arknights),blue_poison_(arknights),1,明日方舟,17
lemuen_(young)_(arknights),lemuen_(arknights),1,明日方舟,17
elysium_(elite_ii)_(arknights),elysium_(arknights),1,明日方舟,17
liskarm_(spring_vouivre)_(arknights),liskarm_(arknights),1,明日方舟,16
courier_(new_routes)_(arknights),courier_(arknights),1,明日方舟,16
cliffheart_(highlands_visitor)_(arknights),cliffheart_(arknights),1,明日方舟,16
snowsant_(fated_hero)_(arknights),snowsant_(arknights),1,明日方舟,16
hoshiguma_(ambience_synesthesia)_(arknights),hoshiguma_(arknights),1,明日方舟,16
irene_(npc)_(arknights),irene_(arknights),1,明日方舟,16
lin_(elite_ii)_(arknights),lin_(arknights),1,明日方舟,16
bison_(summer)_(arknights),bison_(arknights),1,明日方舟,16
ascalon_(young)_(arknights),ascalon_(arknights),1,明日方舟,16
passenger_(young)_(dream_in_a_moment)_(arknights),passenger_(arknights),1,明日方舟,16
texas_the_omertosa_(ambience_synesthesia_2024)_(arknights),texas_the_omertosa_(arknights),1,明日方舟,16
myrrh_(bitter_herbs)_(arknights),myrrh_(arknights),1,明日方舟,15
broca_(rest_between_sets)_(arknights),broca_(arknights),1,明日方舟,15
earthspirit_(elite_ii)_(arknights),earthspirit_(arknights),1,明日方舟,15
ines_(under_the_flaming_dome)_(arknights),ines_(arknights),1,明日方舟,15
spot_(sulfur)_(arknights),spot_(arknights),1,明日方舟,15
kal'tsit_(sharable_couch)_(arknights),kal'tsit_(arknights),1,明日方舟,15
pramanix_(ambience_synesthesia_2022)_(arknights),pramanix_(arknights),1,明日方舟,15
ling_(a_gallant_dream)_(arknights),ling_(arknights),1,明日方舟,15
narantuya_(the_chainsaw_nurse)_(arknights),narantuya_(arknights),1,明日方舟,15
cliffheart_(lone_climber)_(arknights),cliffheart_(arknights),1,明日方舟,14
cuora_(quadrangle)_(arknights),cuora_(arknights),1,明日方舟,14
hibiscus_(night_watcher)_(arknights),hibiscus_(arknights),1,明日方舟,14
folinic_(lasting_arrowroot)_(arknights),folinic_(arknights),1,明日方舟,14
nearl_the_radiant_knight_(relight)_(arknights),nearl_the_radiant_knight_(arknights),1,明日方舟,14
gnosis_(elite_ii)_(arknights),gnosis_(arknights),1,明日方舟,14
croissant_(seven_in_the_morning)_(arknights),croissant_(arknights),1,明日方舟,14
dur-nar_(plush_cake)_(arknights),dur-nar_(arknights),1,明日方舟,14
vulcan_(ignis)_(arknights),vulcan_(arknights),1,明日方舟,14
fiammetta_(judgment_day)_(arknights),fiammetta_(arknights),1,明日方舟,14
mio_(beast_lord)_(arknights),mio_(arknights),1,明日方舟,14
mlynar_(ambience_synesthesia_2023)_(arknights),mlynar_(arknights),1,明日方舟,14
haze_(the_nursing_home_creepshow)_(arknights),haze_(arknights),1,明日方舟,14
virtuosa_(ambience_synesthesia_2026)_(arknights),virtuosa_(arknights),1,明日方舟,14
waai_fu_(wild_flower_of_street)_(arknights),waai_fu_(arknights),1,明日方舟,13
gnosis_(forerunner)_(arknights),gnosis_(arknights),1,明日方舟,13
u-official_(stream_above_the_clouds)_(arknights),u-official_(arknights),1,明日方舟,13
texas_the_omertosa_(ambience_synesthesia)_(arknights),texas_the_omertosa_(arknights),1,明日方舟,13
mlynar_(roar_against_the_wild)_(arknights),mlynar_(arknights),1,明日方舟,13
kroos_(moonlit_voyage)_(arknights),kroos_(arknights),1,明日方舟,13
saria_(unstained_unshaken)_(arknights),saria_(arknights),1,明日方舟,13
talulah_(chapter_17)_(arknights),talulah_(arknights),1,明日方舟,13
saileach_(ambience_synesthesia_2022)_(arknights),saileach_(arknights),1,明日方舟,13
firewatch_(snowywatch)_(arknights),firewatch_(arknights),1,明日方舟,12
swire_the_elegant_wit_(rhythmic_blocks)_(arknights),swire_the_elegant_wit_(arknights),1,明日方舟,12
leizi_(elite_ii)_(arknights),leizi_(arknights),1,明日方舟,12
ethan_(ambience_synesthesia)_(arknights),ethan_(arknights),1,明日方舟,12
pramanix_(ambience_synesthesia)_(arknights),pramanix_(arknights),1,明日方舟,12
franka_(ride_to_davistown)_(arknights),franka_(arknights),1,明日方舟,12
indra_(ambience_synesthesia_2021)_(arknights),indra_(arknights),1,明日方舟,12
talulah_(chapter_16)_(arknights),talulah_(arknights),1,明日方舟,12
blaze_(ambience_synesthesia_2025)_(arknights),blaze_(arknights),1,明日方舟,12
feater_(ambience_synesthesia_2021)_(arknights),feater_(arknights),1,明日方舟,12
zuo_le_(quiet_move)_(arknights),zuo_le_(arknights),1,明日方舟,12
ethan_(ambience_synesthesia_2021)_(arknights),ethan_(arknights),1,明日方舟,12
april_(faraway_gaze)_(arknights),april_(arknights),1,明日方舟,11
mr._nothing_(pale_rising_moon)_(arknights),mr._nothing_(arknights),1,明日方舟,11
deepcolor_(melodic_portrayal)_(arknights),deepcolor_(arknights),1,明日方舟,11
lunacub_(clouds_float_like_ideas_of_art)_(arknights),lunacub_(arknights),1,明日方舟,11
quercus_(the_bard's_tale)_(arknights),quercus_(arknights),1,明日方舟,11
lee_(remedy_in_a_cup_of_leung_cha)_(arknights),lee_(arknights),1,明日方舟,11
hibiscus_the_purifier_(romance_overflow)_(arknights),hibiscus_the_purifier_(arknights),1,明日方舟,11
texas_(elite_ii)_(arknights),texas_(arknights),1,明日方舟,11
matoimaru_(frosted_steps)_(arknights),matoimaru_(arknights),1,明日方舟,11
vermeil_(playfellows)_(arknights),vermeil_(arknights),1,明日方舟,11
tenzin_(never-melting_ice)_(arknights),tenzin_(arknights),1,明日方舟,11
amiya_(ambience_synesthesia_2026)_(arknights),amiya_(arknights),1,明日方舟,11
shaw_(ambience_synesthesia_2021)_(arknights),shaw_(arknights),1,明日方舟,11
saileach_(ambience_synesthesia)_(arknights),saileach_(arknights),1,明日方舟,10
sussurro_(microwound_treatment)_(arknights),sussurro_(arknights),1,明日方舟,10
horn_(elite_ii)_(arknights),horn_(arknights),1,明日方舟,10
executor_the_ex_foedere_(ambience_synesthesia_2024)_(arknights),executor_the_ex_foedere_(arknights),1,明日方舟,10
raidian_(lorem_ipsum)_(arknights),raidian_(arknights),1,明日方舟,10
ifrit_(relaxing_trip)_(arknights),ifrit_(arknights),1,明日方舟,10
ayerscarpe_(tested_one)_(arknights),ayerscarpe_(arknights),1,明日方舟,9
silence_(owl)_(arknights),silence_(arknights),1,明日方舟,9
honeyberry_(saturated_within_rain)_(arknights),honeyberry_(arknights),1,明日方舟,9
shaw_(ambience_synesthesia)_(arknights),shaw_(arknights),1,明日方舟,9
indra_(ambience_synesthesia)_(arknights),indra_(arknights),1,明日方舟,9
cutter_(wiping_knife)_(arknights),cutter_(arknights),1,明日方舟,9
gavial_(elite_ii)_(arknights),gavial_(arknights),1,明日方舟,9
shamare_(celestial_crane)_(arknights),shamare_(arknights),1,明日方舟,9
estelle_(la_valse_couronnee_de_fleurs)_(arknights),estelle_(arknights),1,明日方舟,9
lava_the_purgatory_(ambience_synesthesia_2023)_(arknights),lava_the_purgatory_(arknights),1,明日方舟,9
haze_(elite_ii)_(arknights),haze_(arknights),1,明日方舟,9
swire_(ambience_synesthesia_2022)_(arknights),swire_(arknights),1,明日方舟,9
leizi_the_thunderbringer_(the_bloodwing_rose)_(arknights),leizi_the_thunderbringer_(arknights),1,明日方舟,9
ch'en_(ambience_synesthesia_2025)_(arknights),ch'en_(arknights),1,明日方舟,9
zuo_le_(ambience_synesthesia_2025)_(arknights),zuo_le_(arknights),1,明日方舟,9
courier_(speechless_sound)_(arknights),courier_(arknights),1,明日方舟,8
honeyberry_(wildness_behind)_(arknights),honeyberry_(arknights),1,明日方舟,8
frostleaf_(elite_ii)_(arknights),frostleaf_(arknights),1,明日方舟,8
meteor_(elite_ii)_(arknights),meteor_(arknights),1,明日方舟,8
meteor_(gwiazdcytrony)_(arknights),meteor_(arknights),1,明日方舟,8
shaw_(elite_ii)_(arknights),shaw_(arknights),1,明日方舟,8
feater_(ambience_synesthesia)_(arknights),feater_(arknights),1,明日方舟,8
swire_(ambience_synesthesia)_(arknights),swire_(arknights),1,明日方舟,8
flamebringer_(ambience_synesthesia)_(arknights),flamebringer_(arknights),1,明日方舟,8
silence_(elite_ii)_(arknights),silence_(arknights),1,明日方舟,8
angelina_(lawson)_(arknights),angelina_(arknights),1,明日方舟,8
tenzin_(york's_bise)_(arknights),tenzin_(arknights),1,明日方舟,8
leizi_(ambience_synesthesia_2021)_(arknights),leizi_(arknights),1,明日方舟,8
leonhardt_(ambience_synesthesia_2022)_(arknights),leonhardt_(arknights),1,明日方舟,8
flamebringer_(ambience_synesthesia_2022)_(arknights),flamebringer_(arknights),1,明日方舟,8
lin_(ambience_synesthesia_2023)_(arknights),lin_(arknights),1,明日方舟,8
rosa_(forever_together)_(arknights),rosa_(arknights),1,明日方舟,8
leonhardt_(finder_in_the_rough)_(arknights),leonhardt_(arknights),1,明日方舟,7
lancet-2_(shore_rescue_modification)_(arknights),lancet-2_(arknights),1,明日方舟,7
enforcer_(paper_wing)_(arknights),enforcer_(arknights),1,明日方舟,7
orchid_(twines_of_time)_(arknights),orchid_(arknights),1,明日方舟,7
manticore_(elite_ii)_(arknights),manticore_(arknights),1,明日方舟,7
magallan_(let's_carnival!)_(arknights),magallan_(arknights),1,明日方舟,7
arene_(dangerous_invitation)_(arknights),arene_(arknights),1,明日方舟,7
lin_(ambience_synesthesia)_(arknights),lin_(arknights),1,明日方舟,7
hoederer_(courtyard_of_neka)_(arknights),hoederer_(arknights),1,明日方舟,7
click_(elite_ii)_(arknights),click_(arknights),1,明日方舟,7
stainless_(empty_crown)_(arknights),stainless_(arknights),1,明日方舟,7
ulpianus_(staring_into_the_abyss)_(arknights),ulpianus_(arknights),1,明日方舟,7
gnosis_(young)_(arknights),gnosis_(arknights),1,明日方舟,7
enforcer_(ambience_synesthesia_2023)_(arknights),enforcer_(arknights),1,明日方舟,7
papyrus_(the_next_side_quest)_(arknights),papyrus_(arknights),1,明日方舟,7
executor_the_ex_foedere_(the_train_runner)_(arknights),executor_the_ex_foedere_(arknights),1,明日方舟,7
blacknight_(fragrance_from_the_branches)_(arknights),blacknight_(arknights),1,明日方舟,6
scavenger_(elite_ii)_(arknights),scavenger_(arknights),1,明日方舟,6
leizi_(ambience_synesthesia)_(arknights),leizi_(arknights),1,明日方舟,6
lava_the_purgatory_(ambience_synesthesia)_(arknights),lava_the_purgatory_(arknights),1,明日方舟,6
executor_the_ex_foedere_(allmind_as_one)_(arknights),executor_the_ex_foedere_(arknights),1,明日方舟,6
rosmontis_(elite_ii)_(arknights),rosmontis_(arknights),1,明日方舟,6
cantabile_(bard_by_the_lake)_(arknights),cantabile_(arknights),1,明日方舟,6
highmore_(stranded)_(arknights),highmore_(arknights),1,明日方舟,6
kal'tsit_(king_of_purrkatz)_(arknights),kal'tsit_(arknights),1,明日方舟,6
executor_the_ex_foedere_(ambience_synesthesia)_(arknights),executor_the_ex_foedere_(arknights),1,明日方舟,6
bagpipe_(ambience_synesthesia)_(arknights),bagpipe_(arknights),1,明日方舟,6
lin_(ipstar)_(arknights),lin_(arknights),1,明日方舟,6
heidi_(act_ii)_(arknights),heidi_(arknights),1,明日方舟,6
metal_crab_(enemy)_(arknights),metal_crab_(arknights),1,明日方舟,6
beanstalk_(ribbons_of_promise)_(arknights),beanstalk_(arknights),1,明日方舟,6
bagpipe_(ambience_synesthesia_2021)_(arknights),bagpipe_(arknights),1,明日方舟,6
aak_(ambience_synesthesia_2021)_(arknights),aak_(arknights),1,明日方舟,6
lumen_(wanderer_in_the_rain)_(arknights),lumen_(arknights),1,明日方舟,6
qiubai_(wine-flushed_is_woods_of_rime)_(arknights),qiubai_(arknights),1,明日方舟,5
sussurro_(ambience_synesthesia)_(arknights),sussurro_(arknights),1,明日方舟,5
schwarz_(ambience_synesthesia)_(arknights),schwarz_(arknights),1,明日方舟,5
leonhardt_(ambience_synesthesia)_(arknights),leonhardt_(arknights),1,明日方舟,5
mlynar_(ambience_synesthesia)_(arknights),mlynar_(arknights),1,明日方舟,5
grani_(elite_ii)_(arknights),grani_(arknights),1,明日方舟,5
reed_(the_crimson_dragon's_oath)_(arknights),reed_(arknights),1,明日方舟,5
emperor_(ambience_synesthesia_2021)_(arknights),emperor_(arknights),1,明日方舟,5
passenger_(ipstar)_(arknights),passenger_(arknights),1,明日方舟,5
sussurro_(ambience_synesthesia_2021)_(arknights),sussurro_(arknights),1,明日方舟,5
silence_(ambience_synesthesia_2021)_(arknights),silence_(arknights),1,明日方舟,5
blaze_the_igniting_spark_(homecoming_night)_(arknights),blaze_the_igniting_spark_(arknights),1,明日方舟,5
schwarz_(ambience_synesthesia_2021)_(arknights),schwarz_(arknights),1,明日方舟,5
meteorite_(graphite)_(arknights),meteorite_(arknights),1,明日方舟,4
ashlock_(lances_of_kaliskas)_(arknights),ashlock_(arknights),1,明日方舟,4
earthspirit_(major_field)_(arknights),earthspirit_(arknights),1,明日方舟,4
aak_(ambience_synesthesia)_(arknights),aak_(arknights),1,明日方舟,4
silence_(ambience_synesthesia)_(arknights),silence_(arknights),1,明日方舟,4
enforcer_(ambience_synesthesia)_(arknights),enforcer_(arknights),1,明日方舟,4
savage_(300_metres_underground)_(arknights),savage_(arknights),1,明日方舟,4
thorns_the_lodestar_(boundless_sail)_(arknights),thorns_the_lodestar_(arknights),1,明日方舟,4
executor_(teenage)_(arknights),executor_(arknights),1,明日方舟,4
silverash_(teenage)_(arknights),silverash_(arknights),1,明日方舟,4
mon3tr_(sharpened_claws)_(arknights),mon3tr_(arknights),1,明日方舟,4
vina_victoria_(glorious_path)_(arknights),vina_victoria_(arknights),1,明日方舟,4
lee_(the_life_appraiser)_(arknights),lee_(arknights),1,明日方舟,4
gilberta_(lawson)_(arknights),gilberta_(arknights),1,明日方舟,4
mr._nothing_(ambience_synesthesia_2022)_(arknights),mr._nothing_(arknights),1,明日方舟,4
quercus_(distant_home's_guide)_(arknights),quercus_(arknights),1,明日方舟,3
qiubai_(courtesy)_(arknights),qiubai_(arknights),1,明日方舟,3
hellagur_(ambience_synesthesia)_(arknights),hellagur_(arknights),1,明日方舟,3
mr._nothing_(ambience_synesthesia)_(arknights),mr._nothing_(arknights),1,明日方舟,3
lava_(bunch_of_sunlight)_(arknights),lava_(arknights),1,明日方舟,3
shirayuki_(beta)_(arknights),shirayuki_(arknights),1,明日方舟,3
bison_(soaring_will)_(arknights),bison_(arknights),1,明日方舟,3
cuora_(amongst_lotuses)_(arknights),cuora_(arknights),1,明日方舟,3
gnosis_(teenage)_(arknights),gnosis_(arknights),1,明日方舟,3
savage_(yet_another_autumn)_(arknights),savage_(arknights),1,明日方舟,3
lava_the_purgatory_(purifying_flame)_(arknights),lava_the_purgatory_(arknights),1,明日方舟,3
hellagur_(ambience_synesthesia_2021)_(arknights),hellagur_(arknights),1,明日方舟,3
yu_(ambience_synesthesia_2026)_(arknights),yu_(arknights),1,明日方舟,3
lee_(ambience_synesthesia_2023)_(arknights),lee_(arknights),1,明日方舟,3
greythroat_(homecoming)_(arknights),greythroat_(arknights),1,明日方舟,2
flamebringer_(one_blade)_(arknights),flamebringer_(arknights),1,明日方舟,2
lee_(ambience_synesthesia)_(arknights),lee_(arknights),1,明日方舟,2
surtr_(elite_ii)_(arknights),surtr_(arknights),1,明日方舟,2
closure_(past)_(arknights),closure_(arknights),1,明日方舟,2
indigo_(elite_ii)_(arknights),indigo_(arknights),1,明日方舟,2
andoain_(young)_(arknights),andoain_(arknights),1,明日方舟,2
executor_(funeral)_(arknights),executor_(arknights),1,明日方舟,2
necrass_(the_crimson_dragon's_oath)_(arknights),necrass_(arknights),1,明日方舟,2
roberta_(elite_ii)_(arknights),roberta_(arknights),1,明日方舟,2
dusk_(bloom_moon)_(arknights),dusk_(arknights),1,明日方舟,2
highmore_(the_land_with_me)_(arknights),highmore_(arknights),1,明日方舟,1
vanilla_(the_zoophilist_and_her_mollusca)_(arknights),vanilla_(arknights),1,明日方舟,1
folinic_(elite_ii)_(arknights),folinic_(arknights),1,明日方舟,1
bison_(elite_ii)_(arknights),bison_(arknights),1,明日方舟,1
logos_(elite_ii)_(arknights),logos_(arknights),1,明日方舟,1
stainless_(elite_ii)_(arknights),stainless_(arknights),1,明日方舟,1
kjera_(elite_ii)_(arknights),kjera_(arknights),1,明日方舟,1
honeyberry_(elite_ii)_(arknights),honeyberry_(arknights),1,明日方舟,1
fartooth_(elite_ii)_(arknights),fartooth_(arknights),1,明日方舟,1
mulberry_(elite_ii)_(arknights),mulberry_(arknights),1,明日方舟,1
saga_(elite_ii)_(arknights),saga_(arknights),1,明日方舟,1
flametail_(elite_ii)_(arknights),flametail_(arknights),1,明日方舟,1
dusk_(elite_ii)_(arknights),dusk_(arknights),1,明日方舟,1
tomimi_(elite_ii)_(arknights),tomimi_(arknights),1,明日方舟,1
flamebringer_(elite_ii)_(arknights),flamebringer_(arknights),1,明日方舟,1
popukar_(the_bamboo_spiritualist)_(arknights),popukar_(arknights),1,明日方舟,1
necrass_(npc)_(arknights),necrass_(arknights),1,明日方舟,1
mousse_(hydration_time)_(arknights),mousse_(arknights),1,明日方舟,1
tequila_(elite_ii)_(arknights),tequila_(arknights),1,明日方舟,1
dobermann_(elite_ii)_(arknights),dobermann_(arknights),1,明日方舟,1
weedy_(candy_fairy)_(arknights),weedy_(arknights),1,明日方舟,0
ethan_(infiltration)_(arknights),ethan_(arknights),1,明日方舟,0
skadi_(riding_waves)_(arknights),skadi_(arknights),1,明日方舟,0
rope_(summer_flower)_(arknights),rope_(arknights),1,明日方舟,0
silverash_(explorer)_(arknights),silverash_(arknights),1,明日方舟,0
dobermann_(ensign)_(arknights),dobermann_(arknights),1,明日方舟,0
elysium_(winter_echo)_(arknights),elysium_(arknights),1,明日方舟,0
phantom_(nightmare's_dream)_(arknights),phantom_(arknights),1,明日方舟,0
april_(farsight)_(arknights),april_(arknights),1,明日方舟,0
honeyberry_(wilderness_behind)_(arknights),honeyberry_(arknights),1,明日方舟,0
mephisto_(the_singer)_(arknights),mephisto_(arknights),1,明日方舟,0
ch'en_(dragon)_(arknights),ch'en_(arknights),1,明日方舟,0
suzuran_(praise_spring)_(arknights),suzuran_(arknights),1,明日方舟,0
dorothy_(elite_ii)_(arknights),dorothy_(arknights),1,明日方舟,0
irene_(elite_ii)_(arknights),irene_(arknights),1,明日方舟,0
chongyue_(elite_ii)_(arknights),chongyue_(arknights),1,明日方舟,0
myrrh_(elite_ii)_(arknights),myrrh_(arknights),1,明日方舟,0
saria_(iron_law)_(arknights),saria_(arknights),1,明日方舟,0
enforcer_(elite_ii)_(arknights),enforcer_(arknights),1,明日方舟,0
blacknight_(summer_flowers)_(arknights),blacknight_(arknights),1,明日方舟,0
flamebringer_(holiday)_(arknights),flamebringer_(arknights),1,明日方舟,0
carnelian_(shining_dew)_(arknights),carnelian_(arknights),1,明日方舟,0
amiya_(swimsuit)_(arknights),amiya_(arknights),1,明日方舟,0
amiya_(act_2)_(arknights),amiya_(arknights),1,明日方舟,0
frostnova_(if)_(arknights),frostnova_(arknights),1,明日方舟,0
viviana_(gargoyle)_(arknights),viviana_(arknights),1,明日方舟,0
mio_(npc)_(arknights),mio_(arknights),1,明日方舟,0
siege_(elite_ii)_(arknights),siege_(arknights),1,明日方舟,0
nian_(elite_ii)_(arknights),nian_(arknights),1,明日方舟,0
la_pluma_(elite_ii)_(arknights),la_pluma_(arknights),1,明日方舟,0
kirara_(elite_ii)_(arknights),kirara_(arknights),1,明日方舟,0
harmonie_(elite_ii)_(arknights),harmonie_(arknights),1,明日方舟,0
eunectes_(elite_ii)_(arknights),eunectes_(arknights),1,明日方舟,0
myrtle_(elite_ii)_(arknights),myrtle_(arknights),1,明日方舟,0
ling_(elite_ii)_(arknights),ling_(arknights),1,明日方舟,0
carnelian_(elite_ii)_(arknights),carnelian_(arknights),1,明日方舟,0
warmy_(at_the_warm_velvet_corner)_(arknights),warmy_(arknights),1,明日方舟,0
perlica_(lawson)_(arknights),perlica_(arknights),1,明日方舟,0
mizuki_(elite_ii)_(arknights),mizuki_(arknights),1,明日方舟,0
amiya_(elite_ii)_(arknights),amiya_(arknights),1,明日方舟,0
pallas_(elite_ii)_(arknights),pallas_(arknights),1,明日方舟,0
lappland_(elite_ii)_(arknights),lappland_(arknights),1,明日方舟,0
logos_(ambience_synesthesia)_(arknights),logos_(arknights),1,明日方舟,0
angelina_(elite_ii)_(arknights),angelina_(arknights),1,明日方舟,0
mostima_(elite_ii)_(arknights),mostima_(arknights),1,明日方舟,0
savage_(elite_ii)_(arknights),savage_(arknights),1,明日方舟,0
rosa_(elite_ii)_(arknights),rosa_(arknights),1,明日方舟,0
papyrus_(elite_ii)_(arknights),papyrus_(arknights),1,明日方舟,0
nightmare_(elite_ii)_(arknights),nightmare_(arknights),1,明日方舟,0
nightingale_(elite_ii)_(arknights),nightingale_(arknights),1,明日方舟,0
muelsyse_(elite_ii)_(arknights),muelsyse_(arknights),1,明日方舟,0
ho'olheyak_(elite_ii)_(arknights),ho'olheyak_(arknights),1,明日方舟,0
kafka_(elite_ii)_(arknights),kafka_(arknights),1,明日方舟,0
heidi_(elite_ii)_(arknights),heidi_(arknights),1,明日方舟,0
ethan_(elite_ii)_(arknights),ethan_(arknights),1,明日方舟,0
archetto_(elite_ii)_(arknights),archetto_(arknights),1,明日方舟,0
vulcan_(elite_ii)_(arknights),vulcan_(arknights),1,明日方舟,0
aciddrop_(elite_ii)_(arknights),aciddrop_(arknights),1,明日方舟,0
exusiai_(elite_ii)_(arknights),exusiai_(arknights),1,明日方舟,0
vulpisfoglia_(young)_(arknights),vulpisfoglia_(arknights),1,明日方舟,0
hellagur_(elite_ii)_(arknights),hellagur_(arknights),1,明日方舟,0
amiya_(child)_(arknights),amiya_(arknights),1,明日方舟,0
savage_(three_hundred_meters_underground)_(arknights),savage_(arknights),1,明日方舟,0
ayerscarpe_(elite_ii)_(arknights),ayerscarpe_(arknights),1,明日方舟,0
saileach_(elite_ii)_(arknights),saileach_(arknights),1,明日方舟,0
kal'tsit_(partygoer)_(arknights),kal'tsit_(arknights),1,明日方舟,0
kal'tsit_(nurse)_(arknights),kal'tsit_(arknights),1,明日方舟,0
stainless_(ambience_synesthesia)_(arknights),stainless_(arknights),1,明日方舟,0
ch'en_(ambience_synesthesia)_(arknights),ch'en_(arknights),1,明日方舟,0
dur-nar_(elite_ii)_(arknights),dur-nar_(arknights),1,明日方舟,0
angelina_(ambience_synesthesia)_(arknights),angelina_(arknights),1,明日方舟,0
kal'tsit_(cat)_(arknights),kal'tsit_(arknights),1,明日方舟,0
sussurro_(elite_ii)_(arknights),sussurro_(arknights),1,明日方舟,0
matoimaru_(elite_ii)_(arknights),matoimaru_(arknights),1,明日方舟,0
fiammetta_(elite_ii)_(arknights),fiammetta_(arknights),1,明日方舟,0
noir_corne_(elite_ii)_(arknights),noir_corne_(arknights),1,明日方舟,0
whisperain_(elite_ii)_(arknights),whisperain_(arknights),1,明日方舟,0
rockrock_(elite_ii)_(arknights),rockrock_(arknights),1,明日方舟,0
skadi_the_corrupting_heart_(red_countress)_(arknights),skadi_the_corrupting_heart_(arknights),1,明日方舟,0
eyjafjalla_(elite_ii)_(arknights),eyjafjalla_(arknights),1,明日方舟,0
executor_the_ex_foedere_(allmind_as_one_)_(arknights),executor_the_ex_foedere_(arknights),1,明日方舟,0
talulah_(act_iii)_(arknights),talulah_(arknights),1,明日方舟,0
projekt_red_(elite_ii)_(arknights),projekt_red_(arknights),1,明日方舟,0
goldenglow_(elite_ii)_(arknights),goldenglow_(arknights),1,明日方舟,0
ethan(ambience_synesthesia)_(arknights),ethan_(arknights),1,明日方舟,0
fiammetta_(bird)_(arknights),fiammetta_(arknights),1,明日方舟,0
lava_(a_ray_of_sunshine)_(arknights),lava_(arknights),1,明日方舟,0
zima_(elite_ii)_(arknights),zima_(arknights),1,明日方舟,0
mlynar_(wdali)_(arknights),mlynar_(arknights),1,明日方舟,0
ashlock_(lances_of_the_kaliska)_(arknights),ashlock_(arknights),1,明日方舟,0
meteor_(gwiazdcytron)_(arknights),meteor_(arknights),1,明日方舟,0
bagpipe_(royal)_(arknights),bagpipe_(arknights),1,明日方舟,0
viviana_(sent_from:_ognisko)_(arknights),viviana_(arknights),1,明日方舟,0
reed_the_flame_shadow_(summer_flowers)_(arknights),reed_the_flame_shadow_(arknights),1,明日方舟,0
amiya_(is5)_(arknights),amiya_(arknights),1,明日方舟,0
hoederer_(courtyard_of_contemplation)_(arknights),hoederer_(arknights),1,明日方舟,0
croissant_(seven_am)_(arknights),croissant_(arknights),1,明日方舟,0
pinecone_(seasons_of_travel)_(arknights),pinecone_(arknights),1,明日方舟,0
amiya_(ambience_synesthesia_2024)_(arknights),amiya_(arknights),1,明日方舟,0
amiya_(planter)_(arknights),amiya_(arknights),1,明日方舟,0
ch'en_(glazed_grace)_(arknights),ch'en_(arknights),1,明日方舟,0
frostleaf_(break_the_ice)_(arknights),frostleaf_(arknights),1,明日方舟,0
nymph_(ambience_synesthesia)_(arknights),nymph_(arknights),1,明日方舟,0
whisperain_(after_summer_rain)_(arknights),whisperain_(arknights),1,明日方舟,0
eyjafjalla_(summer_flowers)_(arknights),eyjafjalla_(arknights),1,明日方舟,0
angelina_(summer_flowers)_(arknights),angelina_(arknights),1,明日方舟,0
angelina_(endfield)_(arknights),angelina_(arknights),1,明日方舟,0
zima_(ursusio79)_(arknights),zima_(arknights),1,明日方舟,0
flint_(gorgeous_summer_flowers)_(arknights),flint_(arknights),1,明日方舟,0
hoshiguma_(patrolling_ronin)_(arknights),hoshiguma_(arknights),1,明日方舟,0
goldenglow_(night_loving_servant)_(arknights),goldenglow_(arknights),1,明日方舟,0
ling_(towering_is_cliffs_of_nostalgia)_(arknights),ling_(arknights),1,明日方舟,0
ebenholz_(ambience_synesthesia)_(arknights),ebenholz_(arknights),1,明日方舟,0
elysium_(shining_dew)_(arknights),elysium_(arknights),1,明日方舟,0
tequila_(card_winner)_(arknights),tequila_(arknights),1,明日方舟,0
astesia_(frlibre_on_the_palace)_(arknights),astesia_(arknights),1,明日方舟,0
sussurro_(summer_flowers)_(arknights),sussurro_(arknights),1,明日方舟,0
hoshiguma_(seeker_sk97)_(arknights),hoshiguma_(arknights),1,明日方舟,0
w_(trance)_(arknights),w_(arknights),1,明日方舟,0
vulpisfoglia_(ambience_synesthesia)_(arknights),vulpisfoglia_(arknights),1,明日方舟,0
zuo_le_(ambience_synesthesia)_(arknights),zuo_le_(arknights),1,明日方舟,0
lappland_the_decadenza_(ambience_synesthesia)_(arknights),lappland_the_decadenza_(arknights),1,明日方舟,0
frostnova_(absolved_will_be_the_seekers)_(arknights),frostnova_(arknights),1,明日方舟,0
reunion_soldier_(dishwasher1910)_(arknights),reunion_soldier_(arknights),1,明日方舟,0
swire_(tiger)_(arknights),swire_(arknights),1,明日方舟,0
amiya_(seeder)_(arknights),amiya_(arknights),1,明日方舟,0
blue_poison_(rhythm_on_the_beach)_(arknights),blue_poison_(arknights),1,明日方舟,0
skadi_(the_corrupting_heart)_(arknights),skadi_(arknights),1,明日方舟,0
leonhardt_(treasure_expert)_(arknights),leonhardt_(arknights),1,明日方舟,0
silence_(frost_breath)_(arknights),silence_(arknights),1,明日方舟,0
gravel_(model's_night)_(arknights),gravel_(arknights),1,明日方舟,0
firewatch_(snow_covered)_(arknights),firewatch_(arknights),1,明日方舟,0
bagpipe_(queen_i)_(arknights),bagpipe_(arknights),1,明日方舟,0
utage_(xia_hui)_(arknights),utage_(arknights),1,明日方舟,0
nearl_(sunny_morning_dew)_(arknights),nearl_(arknights),1,明日方舟,0
beagle_(fearless)_(arknights),beagle_(arknights),1,明日方舟,0
greythroat_(homing)_(arknights),greythroat_(arknights),1,明日方舟,0
executor_(untitled_secret_order)_(arknights),executor_(arknights),1,明日方舟,0
saria_(jiancheng)_(arknights),saria_(arknights),1,明日方舟,0
cliffheart_(highland_visitor)_(arknights),cliffheart_(arknights),1,明日方舟,0
glaucus_(plaza_sweeper)_(arknights),glaucus_(arknights),1,明日方舟,0
croissant_(explorer)_(arknights),croissant_(arknights),1,明日方舟,0
shaw_(castle_cleaning_expert)_(arknights),shaw_(arknights),1,明日方舟,0
mayer_(courtyard_dreamseeking_pioneer)_(arknights),mayer_(arknights),1,明日方舟,0
bagpipe_(whistlewind)_(arknights),bagpipe_(arknights),1,明日方舟,0
platinum_(sunny_dew)_(arknights),platinum_(arknights),1,明日方舟,0
provence_(leisure_summer)_(arknights),provence_(arknights),1,明日方舟,0
lappland_(elegant_omen)_(arknights),lappland_(arknights),1,明日方舟,0
angelina_(quality_visitors)_(arknights),angelina_(arknights),1,明日方舟,0
suzuran_(wasteland_blossom)_(arknights),suzuran_(arknights),1,明日方舟,0
aciddrop_(afternoon_tea_time)_(arknights),aciddrop_(arknights),1,明日方舟,0
flint_(elite_ii)_(arknights),flint_(arknights),1,明日方舟,0
april_(elite_ii)_(arknights),april_(arknights),1,明日方舟,0
pinecone_(elite_ii)_(arknights),pinecone_(arknights),1,明日方舟,0
matterhorn_(elite_ii)_(arknights),matterhorn_(arknights),1,明日方舟,0
lumen_(elite_ii)_(arknights),lumen_(arknights),1,明日方舟,0
ebenholz_(elite_ii)_(arknights),ebenholz_(arknights),1,明日方舟,0
ines_(elite_ii)_(arknights),ines_(arknights),1,明日方舟,0
qiubai_(elite_ii)_(arknights),qiubai_(arknights),1,明日方舟,0
trailblazer_(honkai:_star_rail),trailblazer_(honkai:_star_rail),0,星穹铁道,19642
firefly_(honkai:_star_rail),firefly_(honkai:_star_rail),0,星穹铁道,15800
stelle_(honkai:_star_rail),stelle_(honkai:_star_rail),0,星穹铁道,12290
phainon_(honkai:_star_rail),phainon_(honkai:_star_rail),0,星穹铁道,9160
march_7th_(honkai:_star_rail),march_7th_(honkai:_star_rail),0,星穹铁道,9142
caelus_(honkai:_star_rail),caelus_(honkai:_star_rail),0,星穹铁道,8150
cyrene_(honkai:_star_rail),cyrene_(honkai:_star_rail),0,星穹铁道,7950
kafka_(honkai:_star_rail),kafka_(honkai:_star_rail),0,星穹铁道,7732
sparkle_(honkai:_star_rail),sparkle_(honkai:_star_rail),0,星穹铁道,7121
acheron_(honkai:_star_rail),acheron_(honkai:_star_rail),0,星穹铁道,6612
mydei_(honkai:_star_rail),mydei_(honkai:_star_rail),0,星穹铁道,6156
silver_wolf_(honkai:_star_rail),silver_wolf_(honkai:_star_rail),0,星穹铁道,5512
cyrene_(demiurge)_(honkai:_star_rail),cyrene_(honkai:_star_rail),1,星穹铁道,4928
dan_heng_(honkai:_star_rail),dan_heng_(honkai:_star_rail),0,星穹铁道,4575
herta_(honkai:_star_rail),herta_(honkai:_star_rail),0,星穹铁道,4568
robin_(honkai:_star_rail),robin_(honkai:_star_rail),0,星穹铁道,4545
castorice_(honkai:_star_rail),castorice_(honkai:_star_rail),0,星穹铁道,4298
aventurine_(honkai:_star_rail),aventurine_(honkai:_star_rail),0,星穹铁道,4189
march_7th_(preservation)_(honkai:_star_rail),march_7th_(honkai:_star_rail),1,星穹铁道,4131
cyrene_(philia093)_(honkai:_star_rail),cyrene_(honkai:_star_rail),1,星穹铁道,3416
the_herta_(honkai:_star_rail),the_herta_(honkai:_star_rail),0,星穹铁道,3341
blade_(honkai:_star_rail),blade_(honkai:_star_rail),0,星穹铁道,3205
black_swan_(honkai:_star_rail),black_swan_(honkai:_star_rail),0,星穹铁道,3180
sunday_(honkai:_star_rail),sunday_(honkai:_star_rail),0,星穹铁道,2800
ruan_mei_(honkai:_star_rail),ruan_mei_(honkai:_star_rail),0,星穹铁道,2523
evernight_(honkai:_star_rail),evernight_(honkai:_star_rail),0,星穹铁道,2479
hyacine_(honkai:_star_rail),hyacine_(honkai:_star_rail),0,星穹铁道,2478
cipher_(honkai:_star_rail),cipher_(honkai:_star_rail),0,星穹铁道,2433
anaxa_(honkai:_star_rail),anaxa_(honkai:_star_rail),0,星穹铁道,2374
dr._ratio_(honkai:_star_rail),dr._ratio_(honkai:_star_rail),0,星穹铁道,2240
cyrene_(aedes_elysiae)_(honkai:_star_rail),cyrene_(honkai:_star_rail),1,星穹铁道,2210
aglaea_(honkai:_star_rail),aglaea_(honkai:_star_rail),0,星穹铁道,2173
topaz_(honkai:_star_rail),topaz_(honkai:_star_rail),0,星穹铁道,1930
himeko_(honkai:_star_rail),himeko_(honkai:_star_rail),0,星穹铁道,1806
feixiao_(honkai:_star_rail),feixiao_(honkai:_star_rail),0,星穹铁道,1614
jingliu_(honkai:_star_rail),jingliu_(honkai:_star_rail),0,星穹铁道,1540
herta_(puppet)_(honkai:_star_rail),herta_(honkai:_star_rail),1,星穹铁道,1449
dan_heng_(imbibitor_lunae)_(honkai:_star_rail),dan_heng_(honkai:_star_rail),1,星穹铁道,1418
sparxie_(honkai:_star_rail),sparxie_(honkai:_star_rail),0,星穹铁道,1388
dan_heng_(hunt)_(honkai:_star_rail),dan_heng_(honkai:_star_rail),1,星穹铁道,1355
fu_xuan_(honkai:_star_rail),fu_xuan_(honkai:_star_rail),0,星穹铁道,1344
tingyun_(honkai:_star_rail),tingyun_(honkai:_star_rail),0,星穹铁道,1318
firefly_(spring_missive)_(honkai:_star_rail),firefly_(honkai:_star_rail),1,星穹铁道,1316
cerydra_(honkai:_star_rail),cerydra_(honkai:_star_rail),0,星穹铁道,1287
boothill_(honkai:_star_rail),boothill_(honkai:_star_rail),0,星穹铁道,1218
pom-pom_(honkai:_star_rail),pom-pom_(honkai:_star_rail),0,星穹铁道,1152
seele_(honkai:_star_rail),seele_(honkai:_star_rail),0,星穹铁道,1124
hysilens_(honkai:_star_rail),hysilens_(honkai:_star_rail),0,星穹铁道,1122
evanescia_(honkai:_star_rail),evanescia_(honkai:_star_rail),0,星穹铁道,1073
yunli_(honkai:_star_rail),yunli_(honkai:_star_rail),0,星穹铁道,1025
mem_(honkai:_star_rail),mem_(honkai:_star_rail),0,星穹铁道,987
tribbie_(honkai:_star_rail),tribbie_(honkai:_star_rail),0,星穹铁道,957
little_ica_(honkai:_star_rail),little_ica_(honkai:_star_rail),0,星穹铁道,918
sunday_(sacerdos'_relived_ordeal)_(honkai:_star_rail),sunday_(honkai:_star_rail),1,星穹铁道,890
phainon_(khaslana)_(honkai:_star_rail),phainon_(honkai:_star_rail),1,星穹铁道,879
huohuo_(honkai:_star_rail),huohuo_(honkai:_star_rail),0,星穹铁道,876
sam_(honkai:_star_rail),sam_(honkai:_star_rail),0,星穹铁道,874
march_7th_(hunt)_(honkai:_star_rail),march_7th_(honkai:_star_rail),1,星穹铁道,827
acheron_(slashed_dream)_(honkai:_star_rail),acheron_(honkai:_star_rail),1,星穹铁道,827
lingsha_(honkai:_star_rail),lingsha_(honkai:_star_rail),0,星穹铁道,797
jade_(honkai:_star_rail),jade_(honkai:_star_rail),0,星穹铁道,712
silver_wolf_(lv.999)_(honkai:_star_rail),silver_wolf_(honkai:_star_rail),1,星穹铁道,687
yao_guang_(honkai:_star_rail),yao_guang_(honkai:_star_rail),0,星穹铁道,672
cyrene_(ripples_of_past_reverie)_(honkai:_star_rail),cyrene_(honkai:_star_rail),1,星穹铁道,671
trotter_(honkai:_star_rail),trotter_(honkai:_star_rail),0,星穹铁道,660
qingque_(honkai:_star_rail),qingque_(honkai:_star_rail),0,星穹铁道,657
jiaoqiu_(honkai:_star_rail),jiaoqiu_(honkai:_star_rail),0,星穹铁道,653
clara_(honkai:_star_rail),clara_(honkai:_star_rail),0,星穹铁道,626
fugue_(honkai:_star_rail),fugue_(honkai:_star_rail),0,星穹铁道,614
numby_(honkai:_star_rail),numby_(honkai:_star_rail),0,星穹铁道,613
yanqing_(honkai:_star_rail),yanqing_(honkai:_star_rail),0,星穹铁道,612
ashveil_(honkai:_star_rail),ashveil_(honkai:_star_rail),0,星穹铁道,610
the_dahlia_(honkai:_star_rail),the_dahlia_(honkai:_star_rail),0,星穹铁道,604
rappa_(honkai:_star_rail),rappa_(honkai:_star_rail),0,星穹铁道,584
dan_heng_(permansor_terrae)_(honkai:_star_rail),dan_heng_(honkai:_star_rail),1,星穹铁道,579
trianne_(honkai:_star_rail),trianne_(honkai:_star_rail),0,星穹铁道,555
trinnon_(honkai:_star_rail),trinnon_(honkai:_star_rail),0,星穹铁道,536
bailu_(honkai:_star_rail),bailu_(honkai:_star_rail),0,星穹铁道,535
asta_(honkai:_star_rail),asta_(honkai:_star_rail),0,星穹铁道,507
sushang_(honkai:_star_rail),sushang_(honkai:_star_rail),0,星穹铁道,488
mydei_(fig_stew)_(honkai:_star_rail),mydei_(honkai:_star_rail),1,星穹铁道,475
argenti_(honkai:_star_rail),argenti_(honkai:_star_rail),0,星穹铁道,464
tingyun_(harmony)_(honkai:_star_rail),tingyun_(honkai:_star_rail),1,星穹铁道,454
guinaifen_(honkai:_star_rail),guinaifen_(honkai:_star_rail),0,星穹铁道,446
phainon_(vigethos)_(honkai:_star_rail),phainon_(honkai:_star_rail),1,星穹铁道,444
gallagher_(honkai:_star_rail),gallagher_(honkai:_star_rail),0,星穹铁道,436
luocha_(honkai:_star_rail),luocha_(honkai:_star_rail),0,星穹铁道,426
moze_(honkai:_star_rail),moze_(honkai:_star_rail),0,星穹铁道,406
phainon_(luckin_coffee)_(honkai:_star_rail),phainon_(honkai:_star_rail),1,星穹铁道,341
yukong_(honkai:_star_rail),yukong_(honkai:_star_rail),0,星穹铁道,334
yingxing_(honkai:_star_rail),yingxing_(honkai:_star_rail),0,星穹铁道,328
evey_(honkai:_star_rail),evey_(honkai:_star_rail),0,星穹铁道,326
firefly_(ar-26710)_(honkai:_star_rail),firefly_(honkai:_star_rail),1,星穹铁道,318
phainon_(a_dream_scented_in_wheat)_(honkai:_star_rail),phainon_(honkai:_star_rail),1,星穹铁道,315
tail_(honkai:_star_rail),tail_(honkai:_star_rail),0,星穹铁道,306
kakavasha_(honkai:_star_rail),kakavasha_(honkai:_star_rail),0,星穹铁道,288
trailblazer_(trash_cake)_(honkai:_star_rail),trailblazer_(honkai:_star_rail),1,星穹铁道,285
pela_(honkai:_star_rail),pela_(honkai:_star_rail),0,星穹铁道,283
phainon_(fashion)_(honkai:_star_rail),phainon_(honkai:_star_rail),1,星穹铁道,274
march_7th_(nascent_spring)_(honkai:_star_rail),march_7th_(honkai:_star_rail),1,星穹铁道,273
mortenax_blade_(honkai:_star_rail),mortenax_blade_(honkai:_star_rail),0,星穹铁道,269
sparkle_(school_uniform)_(honkai:_star_rail),sparkle_(honkai:_star_rail),1,星穹铁道,268
aventurine_(anan)_(honkai:_star_rail),aventurine_(honkai:_star_rail),1,星穹铁道,265
hanya_(honkai:_star_rail),hanya_(honkai:_star_rail),0,星穹铁道,241
misha_(honkai:_star_rail),misha_(honkai:_star_rail),0,星穹铁道,240
tribios_(honkai:_star_rail),tribios_(honkai:_star_rail),0,星穹铁道,224
screwllum_(honkai:_star_rail),screwllum_(honkai:_star_rail),0,星穹铁道,223
xueyi_(honkai:_star_rail),xueyi_(honkai:_star_rail),0,星穹铁道,219
sparkle_(doll)_(honkai:_star_rail),sparkle_(honkai:_star_rail),1,星穹铁道,218
fuyuan_(honkai:_star_rail),fuyuan_(honkai:_star_rail),0,星穹铁道,215
clockie_(honkai:_star_rail),clockie_(honkai:_star_rail),0,星穹铁道,214
dan_feng_(honkai:_star_rail),dan_feng_(honkai:_star_rail),0,星穹铁道,195
pollux_(honkai:_star_rail),pollux_(honkai:_star_rail),0,星穹铁道,193
wubbaboo_(honkai:_star_rail),wubbaboo_(honkai:_star_rail),0,星穹铁道,178
bubbles_(honkai:_star_rail),bubbles_(honkai:_star_rail),0,星穹铁道,176
firefly_(jepella_rebellion)_(honkai:_star_rail),firefly_(honkai:_star_rail),1,星穹铁道,167
pearl_(honkai:_star_rail),pearl_(honkai:_star_rail),0,星穹铁道,167
natasha_(honkai:_star_rail),natasha_(honkai:_star_rail),0,星穹铁道,165
stelle_(world_tour_2023)_(honkai:_star_rail),stelle_(honkai:_star_rail),1,星穹铁道,164
baiheng_(honkai:_star_rail),baiheng_(honkai:_star_rail),0,星穹铁道,162
acheron_(izumo)_(honkai:_star_rail),acheron_(honkai:_star_rail),1,星穹铁道,156
blade_(sesame_cake)_(honkai:_star_rail),blade_(honkai:_star_rail),1,星穹铁道,153
hook_(honkai:_star_rail),hook_(honkai:_star_rail),0,星穹铁道,148
mydei_(a_trail_of_bygone_blood)_(honkai:_star_rail),mydei_(honkai:_star_rail),1,星穹铁道,143
nihilux_(honkai:_star_rail),nihilux_(honkai:_star_rail),0,星穹铁道,140
ruan_mei_(plumblossom_letter)_(honkai:_star_rail),ruan_mei_(honkai:_star_rail),1,星穹铁道,135
svarog_(honkai:_star_rail),svarog_(honkai:_star_rail),0,星穹铁道,134
peppy_(honkai:_star_rail),peppy_(honkai:_star_rail),0,星穹铁道,131
dan_heng_(rice_dumpling)_(honkai:_star_rail),dan_heng_(honkai:_star_rail),1,星穹铁道,126
castorice_(luckin_coffee)_(honkai:_star_rail),castorice_(honkai:_star_rail),1,星穹铁道,124
sparkle_(fictitious_game)_(honkai:_star_rail),sparkle_(honkai:_star_rail),1,星穹铁道,118
aventurine_(final_victor)_(honkai:_star_rail),aventurine_(honkai:_star_rail),1,星穹铁道,115
skott_(honkai:_star_rail),skott_(honkai:_star_rail),0,星穹铁道,110
lordly_trashcan_(honkai:_star_rail),lordly_trashcan_(honkai:_star_rail),0,星穹铁道,110
mydei_(delicacies)_(honkai:_star_rail),mydei_(honkai:_star_rail),1,星穹铁道,110
diting_(honkai:_star_rail),diting_(honkai:_star_rail),0,星穹铁道,108
castorice_(gossamer_flutter)_(honkai:_star_rail),castorice_(honkai:_star_rail),1,星穹铁道,108
cyrene_(nylon_japan)_(honkai:_star_rail),cyrene_(honkai:_star_rail),1,星穹铁道,107
trailblazer_(baseball_raccoon)_(honkai:_star_rail),trailblazer_(honkai:_star_rail),1,星穹铁道,103
sunday_(concert_for_two)_(honkai:_star_rail),sunday_(honkai:_star_rail),1,星穹铁道,102
acheron_(boundless_choreo)_(honkai:_star_rail),acheron_(honkai:_star_rail),1,星穹铁道,85
caelus_(world_tour_2023)_(honkai:_star_rail),caelus_(honkai:_star_rail),1,星穹铁道,83
march_7th_(ice_cake)_(honkai:_star_rail),march_7th_(honkai:_star_rail),1,星穹铁道,79
herta_(simulated_universe_avatar)_(honkai:_star_rail),herta_(honkai:_star_rail),1,星穹铁道,78
cipher_(sweet_slumber)_(honkai:_star_rail),cipher_(honkai:_star_rail),1,星穹铁道,78
dr._ratio_(final_victor)_(honkai:_star_rail),dr._ratio_(honkai:_star_rail),1,星穹铁道,77
firefly_(birefly)_(honkai:_star_rail),firefly_(honkai:_star_rail),1,星穹铁道,77
blade_(jepella_rebellion)_(honkai:_star_rail),blade_(honkai:_star_rail),1,星穹铁道,73
firefly_(on_the_journey)_(honkai:_star_rail),firefly_(honkai:_star_rail),1,星穹铁道,72
march_7th_(feast)_(honkai:_star_rail),march_7th_(honkai:_star_rail),1,星穹铁道,71
ruan_mei_(lambda's_friend)_(honkai:_star_rail),ruan_mei_(honkai:_star_rail),1,星穹铁道,69
black_swan_(boundless_choreo)_(honkai:_star_rail),black_swan_(honkai:_star_rail),1,星穹铁道,69
robin_(concert_for_two)_(honkai:_star_rail),robin_(honkai:_star_rail),1,星穹铁道,69
trailblazer_(trailbirder)_(honkai:_star_rail),trailblazer_(honkai:_star_rail),1,星穹铁道,67
mydei_(chrysos_chef)_(honkai:_star_rail),mydei_(honkai:_star_rail),1,星穹铁道,67
phainon_(anan)_(honkai:_star_rail),phainon_(honkai:_star_rail),1,星穹铁道,67
phainon_(chrysos_chef)_(honkai:_star_rail),phainon_(honkai:_star_rail),1,星穹铁道,65
cipher_(in_pursuit_of_the_wind)_(honkai:_star_rail),cipher_(honkai:_star_rail),1,星穹铁道,65
anaxa_(nanus)_(honkai:_star_rail),anaxa_(honkai:_star_rail),1,星穹铁道,65
kafka_(shader_cat)_(honkai:_star_rail),kafka_(honkai:_star_rail),1,星穹铁道,63
castorice_(star_rail_live_2025)_(honkai:_star_rail),castorice_(honkai:_star_rail),1,星穹铁道,63
anaxa_(whatsamatta)_(honkai:_star_rail),anaxa_(honkai:_star_rail),1,星穹铁道,62
kafka_(good_me)_(honkai:_star_rail),kafka_(honkai:_star_rail),1,星穹铁道,61
firefly_(vision)_(honkai:_star_rail),firefly_(honkai:_star_rail),1,星穹铁道,60
aventurine_(boss)_(honkai:_star_rail),aventurine_(honkai:_star_rail),1,星穹铁道,59
robin_(star_rail_live_2024)_(honkai:_star_rail),robin_(honkai:_star_rail),1,星穹铁道,59
dr._ratio_(academia)_(honkai:_star_rail),dr._ratio_(honkai:_star_rail),1,星穹铁道,58
anaxa_(ingenuity)_(honkai:_star_rail),anaxa_(honkai:_star_rail),1,星穹铁道,57
kafka_(impression)_(honkai:_star_rail),kafka_(honkai:_star_rail),1,星穹铁道,57
aventurine_(bullseye)_(honkai:_star_rail),aventurine_(honkai:_star_rail),1,星穹铁道,55
aventurine_(stoneheart's_oath_ring)_(honkai:_star_rail),aventurine_(honkai:_star_rail),1,星穹铁道,55
aventurine_(jiaduobao)_(honkai:_star_rail),aventurine_(honkai:_star_rail),1,星穹铁道,55
silver_wolf_(galaxy_store)_(honkai:_star_rail),silver_wolf_(honkai:_star_rail),1,星穹铁道,55
herta_(rubert_iii)_(honkai:_star_rail),herta_(honkai:_star_rail),1,星穹铁道,54
acheron_(star_rail_live_2025)_(honkai:_star_rail),acheron_(honkai:_star_rail),1,星穹铁道,53
march_7th_(kfc)_(honkai:_star_rail),march_7th_(honkai:_star_rail),1,星穹铁道,52
castorice_(butterfly_cake)_(honkai:_star_rail),castorice_(honkai:_star_rail),1,星穹铁道,52
silver_wolf_(cat-maid_ensemble)_(honkai:_star_rail),silver_wolf_(honkai:_star_rail),1,星穹铁道,52
sparxie_(ethereal_dance)_(honkai:_star_rail),sparxie_(honkai:_star_rail),1,星穹铁道,50
cyrene_(demiurge)_(keeping_promise)_(honkai:_star_rail),cyrene_(honkai:_star_rail),1,星穹铁道,49
dan_heng_(next_stop_yi_county)_(honkai:_star_rail),dan_heng_(honkai:_star_rail),1,星穹铁道,47
silver_wolf_(samsung)_(honkai:_star_rail),silver_wolf_(honkai:_star_rail),1,星穹铁道,47
ruan_mei_(academia)_(honkai:_star_rail),ruan_mei_(honkai:_star_rail),1,星穹铁道,47
sunday_(star_rail_live_2025)_(honkai:_star_rail),sunday_(honkai:_star_rail),1,星穹铁道,46
phainon_(alternate_spacetime)_(honkai:_star_rail),phainon_(honkai:_star_rail),1,星穹铁道,45
caelus_(vim_and_vigor)_(honkai:_star_rail),caelus_(honkai:_star_rail),1,星穹铁道,45
aventurine_(origami_bird)_(honkai:_star_rail),aventurine_(honkai:_star_rail),1,星穹铁道,44
cyrene_(anta)_(honkai:_star_rail),cyrene_(honkai:_star_rail),1,星穹铁道,43
stelle_(vim_and_vigor)_(honkai:_star_rail),stelle_(honkai:_star_rail),1,星穹铁道,41
silver_wolf_(jepella_rebellion)_(honkai:_star_rail),silver_wolf_(honkai:_star_rail),1,星穹铁道,40
feixiao_(fitness)_(honkai:_star_rail),feixiao_(honkai:_star_rail),1,星穹铁道,40
aglaea_(fashion)_(honkai:_star_rail),aglaea_(honkai:_star_rail),1,星穹铁道,40
kafka_(jepella_rebellion)_(honkai:_star_rail),kafka_(honkai:_star_rail),1,星穹铁道,39
evernight_(lurking)_(honkai:_star_rail),evernight_(honkai:_star_rail),1,星穹铁道,39
cyrene_(philia093)_(keeping_promise)_(honkai:_star_rail),cyrene_(honkai:_star_rail),1,星穹铁道,39
robin_(brilliant_youth)_(honkai:_star_rail),robin_(honkai:_star_rail),1,星穹铁道,37
kafka_(dinner_party)_(honkai:_star_rail),kafka_(honkai:_star_rail),1,星穹铁道,37
dan_heng_(lurking)_(honkai:_star_rail),dan_heng_(honkai:_star_rail),1,星穹铁道,37
mydei_(nylon_japan)_(honkai:_star_rail),mydei_(honkai:_star_rail),1,星穹铁道,37
robin_(robird)_(honkai:_star_rail),robin_(honkai:_star_rail),1,星穹铁道,36
sunday_(brilliant_youth)_(honkai:_star_rail),sunday_(honkai:_star_rail),1,星穹铁道,36
himeko_(nova)_(honkai:_star_rail),himeko_(honkai:_star_rail),1,星穹铁道,35
herta_(wisteria_cake)_(honkai:_star_rail),herta_(honkai:_star_rail),1,星穹铁道,34
kafka_(star_rail_live_2024)_(honkai:_star_rail),kafka_(honkai:_star_rail),1,星穹铁道,34
march_7th_(impression)_(honkai:_star_rail),march_7th_(honkai:_star_rail),1,星穹铁道,34
yao_guang_(chapanda)_(honkai:_star_rail),yao_guang_(honkai:_star_rail),1,星穹铁道,33
phainon_(nylon_japan)_(honkai:_star_rail),phainon_(honkai:_star_rail),1,星穹铁道,33
the_herta_(star_rail_live_2025)_(honkai:_star_rail),the_herta_(honkai:_star_rail),1,星穹铁道,32
the_herta_(tea_break)_(honkai:_star_rail),the_herta_(honkai:_star_rail),1,星穹铁道,32
dan_heng_(kfc)_(honkai:_star_rail),dan_heng_(honkai:_star_rail),1,星穹铁道,31
aventurine_(star_rail_live_2024)_(honkai:_star_rail),aventurine_(honkai:_star_rail),1,星穹铁道,29
fugue_(jiaduobao)_(honkai:_star_rail),fugue_(honkai:_star_rail),1,星穹铁道,29
hyacine_(sweet_slumber)_(honkai:_star_rail),hyacine_(honkai:_star_rail),1,星穹铁道,29
mydei_(alternate_spacetime)_(honkai:_star_rail),mydei_(honkai:_star_rail),1,星穹铁道,29
dan_heng_(feast)_(honkai:_star_rail),dan_heng_(honkai:_star_rail),1,星穹铁道,28
march_7th_(apparel)_(honkai:_star_rail),march_7th_(honkai:_star_rail),1,星穹铁道,28
topaz_(stoneheart's_oath_ring)_(honkai:_star_rail),topaz_(honkai:_star_rail),1,星穹铁道,28
cipher_(master_cat-thief)_(honkai:_star_rail),cipher_(honkai:_star_rail),1,星穹铁道,28
dan_heng_(woof_woof_dan)_(honkai:_star_rail),dan_heng_(honkai:_star_rail),1,星穹铁道,28
sparkle_(it's_showtime)_(honkai:_star_rail),sparkle_(honkai:_star_rail),1,星穹铁道,27
hyacine_(krenabis)_(honkai:_star_rail),hyacine_(honkai:_star_rail),1,星穹铁道,27
mydei_(chimerric_park)_(honkai:_star_rail),mydei_(honkai:_star_rail),1,星穹铁道,27
dr._ratio_(star_rail_live_2025)_(honkai:_star_rail),dr._ratio_(honkai:_star_rail),1,星穹铁道,26
cyrene_(galaxy_store)_(honkai:_star_rail),cyrene_(honkai:_star_rail),1,星穹铁道,26
anaxa_(impression)_(honkai:_star_rail),anaxa_(honkai:_star_rail),1,星穹铁道,25
tribbie_(candied_apple)_(honkai:_star_rail),tribbie_(honkai:_star_rail),1,星穹铁道,25
blade_(dinner_party)_(honkai:_star_rail),blade_(honkai:_star_rail),1,星穹铁道,24
march_7th_(march_bunny)_(honkai:_star_rail),march_7th_(honkai:_star_rail),1,星穹铁道,24
silver_wolf_(silbird_wolf)_(honkai:_star_rail),silver_wolf_(honkai:_star_rail),1,星穹铁道,23
cipher_(atticus)_(honkai:_star_rail),cipher_(honkai:_star_rail),1,星穹铁道,22
aglaea_(oatmeal)_(honkai:_star_rail),aglaea_(honkai:_star_rail),1,星穹铁道,22
hyacine_(holiday_thermae_escapade)_(honkai:_star_rail),hyacine_(honkai:_star_rail),1,星穹铁道,22
pearl_(stoneheart's_oath_ring)_(honkai:_star_rail),pearl_(honkai:_star_rail),1,星穹铁道,21
castorice_(ingenuity)_(honkai:_star_rail),castorice_(honkai:_star_rail),1,星穹铁道,20
stelle_(galactic_grand_prix)_(honkai:_star_rail),stelle_(honkai:_star_rail),1,星穹铁道,19
blade_(good_me)_(honkai:_star_rail),blade_(honkai:_star_rail),1,星穹铁道,19
aglaea_(mom's_touch)_(honkai:_star_rail),aglaea_(honkai:_star_rail),1,星穹铁道,19
stelle_(chimerric_park)_(honkai:_star_rail),stelle_(honkai:_star_rail),1,星穹铁道,19
herta_(puppet)_(tea_break)_(honkai:_star_rail),herta_(honkai:_star_rail),1,星穹铁道,18
fu_xuan_(in_leisure)_(honkai:_star_rail),fu_xuan_(honkai:_star_rail),1,星穹铁道,18
the_dahlia_(recollection)_(honkai:_star_rail),the_dahlia_(honkai:_star_rail),1,星穹铁道,18
feixiao_(kfc)_(honkai:_star_rail),feixiao_(honkai:_star_rail),1,星穹铁道,17
herta_(stars_silent_as_enigmas)_(honkai:_star_rail),herta_(honkai:_star_rail),1,星穹铁道,17
phainon_(coconut_snow_cap)_(honkai:_star_rail),phainon_(honkai:_star_rail),1,星穹铁道,17
the_herta_(the_herta's_magic_kitchen)_(honkai:_star_rail),the_herta_(honkai:_star_rail),1,星穹铁道,17
acheron_(ambush)_(honkai:_star_rail),acheron_(honkai:_star_rail),1,星穹铁道,16
jingliu_(star_rail_live_2024)_(honkai:_star_rail),jingliu_(honkai:_star_rail),1,星穹铁道,16
anaxa_(alternate_spacetime)_(honkai:_star_rail),anaxa_(honkai:_star_rail),1,星穹铁道,16
jiaoqiu_(kfc)_(honkai:_star_rail),jiaoqiu_(honkai:_star_rail),1,星穹铁道,15
dan_heng_(toasty_dragon)_(honkai:_star_rail),dan_heng_(honkai:_star_rail),1,星穹铁道,15
phainon_(chimerric_park_epilogue)_(honkai:_star_rail),phainon_(honkai:_star_rail),1,星穹铁道,15
sparxie_(sparxiconofficial)_(honkai:_star_rail),sparxie_(honkai:_star_rail),1,星穹铁道,14
black_swan_(recollection)_(honkai:_star_rail),black_swan_(honkai:_star_rail),1,星穹铁道,14
cyrene_(chimerric_park)_(honkai:_star_rail),cyrene_(honkai:_star_rail),1,星穹铁道,14
clara_(pure_sugar_child)_(honkai:_star_rail),clara_(honkai:_star_rail),1,星穹铁道,13
jade_(stoneheart's_oath_ring)_(honkai:_star_rail),jade_(honkai:_star_rail),1,星穹铁道,13
silver_wolf_(opening)_(honkai:_star_rail),silver_wolf_(honkai:_star_rail),1,星穹铁道,13
castorice_(chrysos_chef)_(honkai:_star_rail),castorice_(honkai:_star_rail),1,星穹铁道,13
anaxa_(chimerric_park)_(honkai:_star_rail),anaxa_(honkai:_star_rail),1,星穹铁道,13
silver_wolf_(comfy_bunny_onesie)_(honkai:_star_rail),silver_wolf_(honkai:_star_rail),1,星穹铁道,13
castorice_(alternate_spacetime)_(honkai:_star_rail),castorice_(honkai:_star_rail),1,星穹铁道,13
march_7th_(march_bird)_(honkai:_star_rail),march_7th_(honkai:_star_rail),1,星穹铁道,12
topaz_(bullseye)_(honkai:_star_rail),topaz_(honkai:_star_rail),1,星穹铁道,12
mem_(star_rail_live_2025)_(honkai:_star_rail),mem_(honkai:_star_rail),1,星穹铁道,12
tribbie_(mom's_touch)_(honkai:_star_rail),tribbie_(honkai:_star_rail),1,星穹铁道,12
cerydra_(conquest)_(honkai:_star_rail),cerydra_(honkai:_star_rail),1,星穹铁道,12
hysilens_(conquest)_(honkai:_star_rail),hysilens_(honkai:_star_rail),1,星穹铁道,12
sunday_(impression)_(honkai:_star_rail),sunday_(honkai:_star_rail),1,星穹铁道,11
sparxie_(dean)_(honkai:_star_rail),sparxie_(honkai:_star_rail),1,星穹铁道,11
robin_(colors)_(honkai:_star_rail),robin_(honkai:_star_rail),1,星穹铁道,11
cyrene_(cyrup)_(honkai:_star_rail),cyrene_(honkai:_star_rail),1,星穹铁道,11
silver_wolf_(amusement)_(honkai:_star_rail),silver_wolf_(honkai:_star_rail),1,星穹铁道,11
himeko_(himekat)_(honkai:_star_rail),himeko_(honkai:_star_rail),1,星穹铁道,11
aventurine_(honey_dice)_(honkai:_star_rail),aventurine_(honkai:_star_rail),1,星穹铁道,11
pom-pom_(kfc)_(honkai:_star_rail),pom-pom_(honkai:_star_rail),1,星穹铁道,10
guinaifen_(troublemaker)_(honkai:_star_rail),guinaifen_(honkai:_star_rail),1,星穹铁道,10
qingque_(lucky_snack)_(honkai:_star_rail),qingque_(honkai:_star_rail),1,星穹铁道,10
stelle_(2nd_anniversary)_(honkai:_star_rail),stelle_(honkai:_star_rail),1,星穹铁道,10
caelus_(chinese_new_year_2024)_(honkai:_star_rail),caelus_(honkai:_star_rail),1,星穹铁道,9
argenti_(star_rail_live_2024)_(honkai:_star_rail),argenti_(honkai:_star_rail),1,星穹铁道,9
yanqing_(star_rail_live_2024)_(honkai:_star_rail),yanqing_(honkai:_star_rail),1,星穹铁道,9
jiaoqiu_(medical_practice)_(honkai:_star_rail),jiaoqiu_(honkai:_star_rail),1,星穹铁道,9
jingliu_(odyssey)_(honkai:_star_rail),jingliu_(honkai:_star_rail),1,星穹铁道,9
castorice_(the_flower_remembers)_(honkai:_star_rail),castorice_(honkai:_star_rail),1,星穹铁道,9
silver_wolf_(dark_zone_emperor)_(honkai:_star_rail),silver_wolf_(honkai:_star_rail),1,星穹铁道,9
cerydra_(dux_beast)_(honkai:_star_rail),cerydra_(honkai:_star_rail),1,星穹铁道,9
yao_guang_(ethereal_dance)_(honkai:_star_rail),yao_guang_(honkai:_star_rail),1,星穹铁道,9
evanescia_(amusement)_(honkai:_star_rail),evanescia_(honkai:_star_rail),1,星穹铁道,9
feixiao_(sweat_now_cry_less)_(honkai:_star_rail),feixiao_(honkai:_star_rail),1,星穹铁道,8
tribios_(teacher)_(honkai:_star_rail),tribios_(honkai:_star_rail),1,星穹铁道,8
hysilens_(alternate_spacetime)_(honkai:_star_rail),hysilens_(honkai:_star_rail),1,星穹铁道,8
silver_wolf_(beginner's_guide)_(honkai:_star_rail),silver_wolf_(honkai:_star_rail),1,星穹铁道,8
mydei_(hello_world!)_(honkai:_star_rail),mydei_(honkai:_star_rail),1,星穹铁道,8
anaxa_(world_tour_2025)_(honkai:_star_rail),anaxa_(honkai:_star_rail),1,星穹铁道,8
evernight_(gummy_roll)_(honkai:_star_rail),evernight_(honkai:_star_rail),1,星穹铁道,8
mortenax_blade_(emberblaze)_(honkai:_star_rail),mortenax_blade_(honkai:_star_rail),1,星穹铁道,8
dan_heng_(beta_design)_(honkai:_star_rail),dan_heng_(honkai:_star_rail),1,星穹铁道,7
boothill_(ambush)_(honkai:_star_rail),boothill_(honkai:_star_rail),1,星穹铁道,7
sparkle_(illusion)_(honkai:_star_rail),sparkle_(honkai:_star_rail),1,星穹铁道,7
tribbie_(delicacies)_(honkai:_star_rail),tribbie_(honkai:_star_rail),1,星穹铁道,7
tribbie_(honey_brew)_(honkai:_star_rail),tribbie_(honkai:_star_rail),1,星穹铁道,7
sunday_(sundove)_(honkai:_star_rail),sunday_(honkai:_star_rail),1,星穹铁道,7
cerydra_(alternate_spacetime)_(honkai:_star_rail),cerydra_(honkai:_star_rail),1,星穹铁道,7
firefly_(chimerric_park_countdown)_(honkai:_star_rail),firefly_(honkai:_star_rail),1,星穹铁道,7
hysilens_(gurgling_fish)_(honkai:_star_rail),hysilens_(honkai:_star_rail),1,星穹铁道,7
dan_heng_(impression)_(honkai:_star_rail),dan_heng_(honkai:_star_rail),1,星穹铁道,7
evernight_(alternate_spacetime)_(honkai:_star_rail),evernight_(honkai:_star_rail),1,星穹铁道,7
stelle_(chinese_new_year_2024)_(honkai:_star_rail),stelle_(honkai:_star_rail),1,星穹铁道,6
stelle_(chimerric_park_countdown)_(honkai:_star_rail),stelle_(honkai:_star_rail),1,星穹铁道,6
cyrene_(white_peach_pudding)_(honkai:_star_rail),cyrene_(honkai:_star_rail),1,星穹铁道,6
cyrene_(alternate_spacetime)_(honkai:_star_rail),cyrene_(honkai:_star_rail),1,星穹铁道,6
castorice_(chimerric_park_countdown)_(honkai:_star_rail),castorice_(honkai:_star_rail),1,星穹铁道,6
phainon_(hello_world!)_(honkai:_star_rail),phainon_(honkai:_star_rail),1,星穹铁道,6
anaxa_(hello_world!)_(honkai:_star_rail),anaxa_(honkai:_star_rail),1,星穹铁道,6
aglaea_(hello_world!)_(honkai:_star_rail),aglaea_(honkai:_star_rail),1,星穹铁道,6
cipher_(alternate_spacetime)_(honkai:_star_rail),cipher_(honkai:_star_rail),1,星穹铁道,6
clara_(galactic_grand_prix)_(honkai:_star_rail),clara_(honkai:_star_rail),1,星穹铁道,5
argenti_(galactic_grand_prix)_(honkai:_star_rail),argenti_(honkai:_star_rail),1,星穹铁道,5
pom-pom_(clamoring_fry-master!)_(honkai:_star_rail),pom-pom_(honkai:_star_rail),1,星穹铁道,5
robin_(on_the_journey)_(honkai:_star_rail),robin_(honkai:_star_rail),1,星穹铁道,5
caelus_(2nd_anniversary)_(honkai:_star_rail),caelus_(honkai:_star_rail),1,星穹铁道,5
cipher_(hello_world!)_(honkai:_star_rail),cipher_(honkai:_star_rail),1,星穹铁道,5
evernight_(impression)_(honkai:_star_rail),evernight_(honkai:_star_rail),1,星穹铁道,5
anaxa_(mint_tiramisu)_(honkai:_star_rail),anaxa_(honkai:_star_rail),1,星穹铁道,5
ashveil_(gallop)_(honkai:_star_rail),ashveil_(honkai:_star_rail),1,星穹铁道,5
silver_wolf_(wage-slave_workwear)_(honkai:_star_rail),silver_wolf_(honkai:_star_rail),1,星穹铁道,5
dan_heng_(alternate_spacetime)_(honkai:_star_rail),dan_heng_(honkai:_star_rail),1,星穹铁道,5
sunday_(sundae_angelica)_(honkai:_star_rail),sunday_(honkai:_star_rail),1,星穹铁道,5
dr._ratio_(blueberry_jar)_(honkai:_star_rail),dr._ratio_(honkai:_star_rail),1,星穹铁道,5
robin_(charmony_kitty)_(honkai:_star_rail),robin_(honkai:_star_rail),1,星穹铁道,5
yunli_(on_the_journey)_(honkai:_star_rail),yunli_(honkai:_star_rail),1,星穹铁道,4
mem_(2nd_anniversary)_(honkai:_star_rail),mem_(honkai:_star_rail),1,星穹铁道,4
sparkle_(flower-viewing_dango)_(honkai:_star_rail),sparkle_(honkai:_star_rail),1,星穹铁道,4
bailu_(medical_practice)_(honkai:_star_rail),bailu_(honkai:_star_rail),1,星穹铁道,4
sunday_(chimerric_park_countdown)_(honkai:_star_rail),sunday_(honkai:_star_rail),1,星穹铁道,4
aglaea_(alternate_spacetime)_(honkai:_star_rail),aglaea_(honkai:_star_rail),1,星穹铁道,4
rappa_(opening)_(honkai:_star_rail),rappa_(honkai:_star_rail),1,星穹铁道,3
pom-pom_(2nd_anniversary)_(honkai:_star_rail),pom-pom_(honkai:_star_rail),1,星穹铁道,3
yanqing_(odyssey)_(honkai:_star_rail),yanqing_(honkai:_star_rail),1,星穹铁道,3
cyrene_(chimerric_park_countdown)_(honkai:_star_rail),cyrene_(honkai:_star_rail),1,星穹铁道,3
march_7th_(chimerric_park_countdown)_(honkai:_star_rail),march_7th_(honkai:_star_rail),1,星穹铁道,3
tribbie_(chimerric_park_epilogue)_(honkai:_star_rail),tribbie_(honkai:_star_rail),1,星穹铁道,3
sparkle_(chimerric_park_countdown)_(honkai:_star_rail),sparkle_(honkai:_star_rail),1,星穹铁道,3
firefly_(fluffy_firefly)_(honkai:_star_rail),firefly_(honkai:_star_rail),1,星穹铁道,3
castorice_(butterfly_pea_mousse)_(honkai:_star_rail),castorice_(honkai:_star_rail),1,星穹铁道,3
aglaea_(impression)_(honkai:_star_rail),aglaea_(honkai:_star_rail),1,星穹铁道,3
jade_(gallop)_(honkai:_star_rail),jade_(honkai:_star_rail),1,星穹铁道,3
caelus_(chimerric_park_countdown)_(honkai:_star_rail),caelus_(honkai:_star_rail),1,星穹铁道,3
screwllum_(simulated_universe_avatar)_(honkai:_star_rail),screwllum_(honkai:_star_rail),1,星穹铁道,2
qingque_(on_the_journey)_(honkai:_star_rail),qingque_(honkai:_star_rail),1,星穹铁道,2
yingxing_(on_the_journey)_(honkai:_star_rail),yingxing_(honkai:_star_rail),1,星穹铁道,2
huohuo_(on_the_journey)_(honkai:_star_rail),huohuo_(honkai:_star_rail),1,星穹铁道,2
yunli_(emberblaze)_(honkai:_star_rail),yunli_(honkai:_star_rail),1,星穹铁道,2
silver_wolf_(gateau_gamer)_(honkai:_star_rail),silver_wolf_(honkai:_star_rail),1,星穹铁道,2
march_7th_(welcome)_(honkai:_star_rail),march_7th_(honkai:_star_rail),1,星穹铁道,2
hyacine_(red_bean_milk)_(honkai:_star_rail),hyacine_(honkai:_star_rail),1,星穹铁道,2
yanqing_(on_the_journey)_(honkai:_star_rail),yanqing_(honkai:_star_rail),1,星穹铁道,1
fu_xuan_(on_the_journey)_(honkai:_star_rail),fu_xuan_(honkai:_star_rail),1,星穹铁道,1
himeko_(astralatte)_(honkai:_star_rail),himeko_(honkai:_star_rail),1,星穹铁道,1
moze_(fitness)_(honkai:_star_rail),moze_(honkai:_star_rail),1,星穹铁道,1
silver_wolf_(wolf_onesie)_(honkai:_star_rail),silver_wolf_(honkai:_star_rail),1,星穹铁道,1
black_swan_(origami_bird)_(honkai:_star_rail),black_swan_(honkai:_star_rail),1,星穹铁道,1
fu_xuan_(diviner_mochi)_(honkai:_star_rail),fu_xuan_(honkai:_star_rail),1,星穹铁道,1
march_7th_(xianzhou)_(honkai:_star_rail),march_7th_(honkai:_star_rail),1,星穹铁道,0
blade_(nihility)_(honkai:_star_rail),blade_(honkai:_star_rail),1,星穹铁道,0
herta_(unknowable_domain_highlights_page)_(honkai:_star_rail),herta_(honkai:_star_rail),1,星穹铁道,0
bailu_(world_tour_2023)_(honkai:_star_rail),bailu_(honkai:_star_rail),1,星穹铁道,0
march_7th_(interposed_star_rail_navigator)_(honkai:_star_rail),march_7th_(honkai:_star_rail),1,星穹铁道,0
blade_(elation)_(honkai:_star_rail),blade_(honkai:_star_rail),1,星穹铁道,0
march_7th_(dress)_(honkai:_star_rail),march_7th_(honkai:_star_rail),1,星穹铁道,0
march_7th_(future_market)_(honkai:_star_rail),march_7th_(honkai:_star_rail),1,星穹铁道,0
kafka_(kafka_impression)_(honkai:_star_rail),kafka_(honkai:_star_rail),1,星穹铁道,0
silver_wolf_(critter_pick)_(honkai:_star_rail),silver_wolf_(honkai:_star_rail),1,星穹铁道,0
silver_wolf_(elation)_(honkai:_star_rail),silver_wolf_(honkai:_star_rail),1,星穹铁道,0
herta_(unknowable_domain)_(honkai:_star_rail),herta_(honkai:_star_rail),1,星穹铁道,0
cyrene_(keeping_promise)_(philia093)_(honkai:_star_rail),cyrene_(honkai:_star_rail),1,星穹铁道,0
cyrene_(keeping_promise)_(demiurge)_(honkai:_star_rail),cyrene_(honkai:_star_rail),1,星穹铁道,0
cyrene_(keeping_promise)_(honkai:_star_rail),cyrene_(honkai:_star_rail),1,星穹铁道,0
topaz_(stoneheart's_oath_ring:_both_ends_of_the_scale)_(honkai:_star_rail),topaz_(honkai:_star_rail),1,星穹铁道,0
aventurine_(stoneheart's_oath_ring:_both_ends_of_the_scale)_(honkai:_star_rail),aventurine_(honkai:_star_rail),1,星穹铁道,0
jade_(stoneheart's_oath_ring:_both_ends_of_the_scale)_(honkai:_star_rail),jade_(honkai:_star_rail),1,星穹铁道,0
makima_(chainsaw_man),makima_(chainsaw_man),0,电锯人,8540
power_(chainsaw_man),power_(chainsaw_man),0,电锯人,5407
denji_(chainsaw_man),denji_(chainsaw_man),0,电锯人,5041
reze_(chainsaw_man),reze_(chainsaw_man),0,电锯人,3262
yoru_(chainsaw_man),yoru_(chainsaw_man),0,电锯人,2646
pochita_(chainsaw_man),pochita_(chainsaw_man),0,电锯人,1780
himeno_(chainsaw_man),himeno_(chainsaw_man),0,电锯人,1750
fami_(chainsaw_man),fami_(chainsaw_man),0,电锯人,1105
quanxi_(chainsaw_man),quanxi_(chainsaw_man),0,电锯人,952
angel_devil_(chainsaw_man),angel_devil_(chainsaw_man),0,电锯人,871
nayuta_(chainsaw_man),nayuta_(chainsaw_man),0,电锯人,848
meowy_(chainsaw_man),meowy_(chainsaw_man),0,电锯人,647
kishibe_(chainsaw_man),kishibe_(chainsaw_man),0,电锯人,399
bomb_devil_(chainsaw_man),bomb_devil_(chainsaw_man),0,电锯人,307
falling_devil_(chainsaw_man),falling_devil_(chainsaw_man),0,电锯人,285
katana_man_(chainsaw_man),katana_man_(chainsaw_man),0,电锯人,262
sawatari_akane_(chainsaw_man),sawatari_akane_(chainsaw_man),0,电锯人,226
famine_devil_(chainsaw_man),famine_devil_(chainsaw_man),0,电锯人,215
beam_(chainsaw_man),beam_(chainsaw_man),0,电锯人,157
cosmo_(chainsaw_man),cosmo_(chainsaw_man),0,电锯人,145
octopus_devil_(chainsaw_man),octopus_devil_(chainsaw_man),0,电锯人,140
tanaka_(chainsaw_man),tanaka_(chainsaw_man),0,电锯人,140
fox_devil_(chainsaw_man),fox_devil_(chainsaw_man),0,电锯人,132
santa_claus_(chainsaw_man),santa_claus_(chainsaw_man),0,电锯人,124
violence_fiend_(chainsaw_man),violence_fiend_(chainsaw_man),0,电锯人,123
ghost_devil_(chainsaw_man),ghost_devil_(chainsaw_man),0,电锯人,118
pingtsi_(chainsaw_man),pingtsi_(chainsaw_man),0,电锯人,105
kishibe_(young)_(chainsaw_man),kishibe_(chainsaw_man),1,电锯人,105
djeeta_(granblue_fantasy),djeeta_(granblue_fantasy),0,碧蓝幻想,4491
narmaya_(granblue_fantasy),narmaya_(granblue_fantasy),0,碧蓝幻想,3741
gran_(granblue_fantasy),gran_(granblue_fantasy),0,碧蓝幻想,2740
anila_(granblue_fantasy),anila_(granblue_fantasy),0,碧蓝幻想,1624
zeta_(granblue_fantasy),zeta_(granblue_fantasy),0,碧蓝幻想,1516
cagliostro_(granblue_fantasy),cagliostro_(granblue_fantasy),0,碧蓝幻想,1501
vikala_(granblue_fantasy),vikala_(granblue_fantasy),0,碧蓝幻想,1469
sandalphon_(granblue_fantasy),sandalphon_(granblue_fantasy),0,碧蓝幻想,1198
lyria_(granblue_fantasy),lyria_(granblue_fantasy),0,碧蓝幻想,1141
ferry_(granblue_fantasy),ferry_(granblue_fantasy),0,碧蓝幻想,1121
vane_(granblue_fantasy),vane_(granblue_fantasy),0,碧蓝幻想,1113
clarisse_(granblue_fantasy),clarisse_(granblue_fantasy),0,碧蓝幻想,1103
vira_(granblue_fantasy),vira_(granblue_fantasy),0,碧蓝幻想,1028
andira_(granblue_fantasy),andira_(granblue_fantasy),0,碧蓝幻想,989
galleon_(granblue_fantasy),galleon_(granblue_fantasy),0,碧蓝幻想,952
beatrix_(granblue_fantasy),beatrix_(granblue_fantasy),0,碧蓝幻想,915
fighter_(granblue_fantasy),fighter_(granblue_fantasy),0,碧蓝幻想,911
zooey_(granblue_fantasy),zooey_(granblue_fantasy),0,碧蓝幻想,821
yuel_(granblue_fantasy),yuel_(granblue_fantasy),0,碧蓝幻想,792
vyrn_(granblue_fantasy),vyrn_(granblue_fantasy),0,碧蓝幻想,755
charlotta_(granblue_fantasy),charlotta_(granblue_fantasy),0,碧蓝幻想,701
silva_(granblue_fantasy),silva_(granblue_fantasy),0,碧蓝幻想,680
jeanne_d'arc_(granblue_fantasy),jeanne_d'arc_(granblue_fantasy),0,碧蓝幻想,678
vajra_(granblue_fantasy),vajra_(granblue_fantasy),0,碧蓝幻想,610
kumbhira_(granblue_fantasy),kumbhira_(granblue_fantasy),0,碧蓝幻想,606
catura_(granblue_fantasy),catura_(granblue_fantasy),0,碧蓝幻想,594
tweyen_(granblue_fantasy),tweyen_(granblue_fantasy),0,碧蓝幻想,580
nier_(granblue_fantasy),nier_(granblue_fantasy),0,碧蓝幻想,548
europa_(granblue_fantasy),europa_(granblue_fantasy),0,碧蓝幻想,512
katalina_(granblue_fantasy),katalina_(granblue_fantasy),0,碧蓝幻想,489
narmaya_(summer)_(granblue_fantasy),narmaya_(granblue_fantasy),1,碧蓝幻想,485
mahira_(granblue_fantasy),mahira_(granblue_fantasy),0,碧蓝幻想,473
ilsa_(granblue_fantasy),ilsa_(granblue_fantasy),0,碧蓝幻想,446
rosetta_(granblue_fantasy),rosetta_(granblue_fantasy),0,碧蓝幻想,441
sen_(granblue_fantasy),sen_(granblue_fantasy),0,碧蓝幻想,427
belial_(granblue_fantasy),belial_(granblue_fantasy),0,碧蓝幻想,421
percival_(granblue_fantasy),percival_(granblue_fantasy),0,碧蓝幻想,414
magisa_(granblue_fantasy),magisa_(granblue_fantasy),0,碧蓝幻想,413
aliza_(granblue_fantasy),aliza_(granblue_fantasy),0,碧蓝幻想,412
threo_(granblue_fantasy),threo_(granblue_fantasy),0,碧蓝幻想,393
sturm_(granblue_fantasy),sturm_(granblue_fantasy),0,碧蓝幻想,391
societte_(granblue_fantasy),societte_(granblue_fantasy),0,碧蓝幻想,389
yaia_(granblue_fantasy),yaia_(granblue_fantasy),0,碧蓝幻想,366
alicia_(granblue_fantasy),alicia_(granblue_fantasy),0,碧蓝幻想,365
yuisis_(granblue_fantasy),yuisis_(granblue_fantasy),0,碧蓝幻想,353
metera_(granblue_fantasy),metera_(granblue_fantasy),0,碧蓝幻想,348
io_(granblue_fantasy),io_(granblue_fantasy),0,碧蓝幻想,331
zeta_(summer)_(granblue_fantasy),zeta_(granblue_fantasy),1,碧蓝幻想,330
fediel_(granblue_fantasy),fediel_(granblue_fantasy),0,碧蓝幻想,325
niyon_(granblue_fantasy),niyon_(granblue_fantasy),0,碧蓝幻想,314
lecia_(granblue_fantasy),lecia_(granblue_fantasy),0,碧蓝幻想,308
anila_(summer)_(granblue_fantasy),anila_(granblue_fantasy),1,碧蓝幻想,297
sara_(granblue_fantasy),sara_(granblue_fantasy),0,碧蓝幻想,292
bai_(granblue_fantasy),bai_(granblue_fantasy),0,碧蓝幻想,285
yggdrasil_(granblue_fantasy),yggdrasil_(granblue_fantasy),0,碧蓝幻想,277
huang_(granblue_fantasy),huang_(granblue_fantasy),0,碧蓝幻想,277
zooey_(summer)_(granblue_fantasy),zooey_(granblue_fantasy),1,碧蓝幻想,275
scathacha_(granblue_fantasy),scathacha_(granblue_fantasy),0,碧蓝幻想,266
lancelot_(granblue_fantasy),lancelot_(granblue_fantasy),0,碧蓝幻想,257
cucouroux_(granblue_fantasy),cucouroux_(granblue_fantasy),0,碧蓝幻想,251
raziel_(granblue_fantasy),raziel_(granblue_fantasy),0,碧蓝幻想,251
tien_(granblue_fantasy),tien_(granblue_fantasy),0,碧蓝幻想,246
satyr_(granblue_fantasy),satyr_(granblue_fantasy),0,碧蓝幻想,245
sage_(granblue_fantasy),sage_(granblue_fantasy),0,碧蓝幻想,243
seofon_(granblue_fantasy),seofon_(granblue_fantasy),0,碧蓝幻想,242
wamdus_(granblue_fantasy),wamdus_(granblue_fantasy),0,碧蓝幻想,238
payila_(granblue_fantasy),payila_(granblue_fantasy),0,碧蓝幻想,227
lunalu_(granblue_fantasy),lunalu_(granblue_fantasy),0,碧蓝幻想,226
siegfried_(granblue_fantasy),siegfried_(granblue_fantasy),0,碧蓝幻想,220
seox_(granblue_fantasy),seox_(granblue_fantasy),0,碧蓝幻想,212
nicola_(granblue_fantasy),nicola_(granblue_fantasy),0,碧蓝幻想,210
jeanne_d'arc_(summer)_(granblue_fantasy),jeanne_d'arc_(granblue_fantasy),1,碧蓝幻想,208
vikala_(event)_(granblue_fantasy),vikala_(granblue_fantasy),1,碧蓝幻想,203
cupitan_(granblue_fantasy),cupitan_(granblue_fantasy),0,碧蓝幻想,190
vikala_(blooming_summer_wallflower)_(granblue_fantasy),vikala_(granblue_fantasy),1,碧蓝幻想,188
kou_(granblue_fantasy),kou_(granblue_fantasy),0,碧蓝幻想,187
feower_(granblue_fantasy),feower_(granblue_fantasy),0,碧蓝幻想,184
jessica_(granblue_fantasy),jessica_(granblue_fantasy),0,碧蓝幻想,182
andira_(summer)_(granblue_fantasy),andira_(granblue_fantasy),1,碧蓝幻想,182
lucilius_(granblue_fantasy),lucilius_(granblue_fantasy),0,碧蓝幻想,179
narmaya_(valentine)_(granblue_fantasy),narmaya_(granblue_fantasy),1,碧蓝幻想,178
gretel_(granblue_fantasy),gretel_(granblue_fantasy),0,碧蓝幻想,174
hansel_(granblue_fantasy),hansel_(granblue_fantasy),0,碧蓝幻想,172
drang_(granblue_fantasy),drang_(granblue_fantasy),0,碧蓝幻想,171
eustace_(granblue_fantasy),eustace_(granblue_fantasy),0,碧蓝幻想,170
lily_(granblue_fantasy),lily_(granblue_fantasy),0,碧蓝幻想,165
sophia_(granblue_fantasy),sophia_(granblue_fantasy),0,碧蓝幻想,164
lich_(granblue_fantasy),lich_(granblue_fantasy),0,碧蓝幻想,164
eugen_(granblue_fantasy),eugen_(granblue_fantasy),0,碧蓝幻想,158
makura_(granblue_fantasy),makura_(granblue_fantasy),0,碧蓝幻想,151
fugee_(granblue_fantasy),fugee_(granblue_fantasy),0,碧蓝幻想,150
sutera_(granblue_fantasy),sutera_(granblue_fantasy),0,碧蓝幻想,146
berserker_(granblue_fantasy),berserker_(granblue_fantasy),0,碧蓝幻想,145
warlock_(granblue_fantasy),warlock_(granblue_fantasy),0,碧蓝幻想,145
dark_jeanne_(granblue_fantasy),dark_jeanne_(granblue_fantasy),0,碧蓝幻想,144
carmelina_(granblue_fantasy),carmelina_(granblue_fantasy),0,碧蓝幻想,136
athena_(granblue_fantasy),athena_(granblue_fantasy),0,碧蓝幻想,136
pengy_(granblue_fantasy),pengy_(granblue_fantasy),0,碧蓝幻想,134
diola_(granblue_fantasy),diola_(granblue_fantasy),0,碧蓝幻想,133
gabriel_(granblue_fantasy),gabriel_(granblue_fantasy),0,碧蓝幻想,133
rackam_(granblue_fantasy),rackam_(granblue_fantasy),0,碧蓝幻想,132
vira_(summer)_(granblue_fantasy),vira_(granblue_fantasy),1,碧蓝幻想,132
diantha_(granblue_fantasy),diantha_(granblue_fantasy),0,碧蓝幻想,131
farrah_(granblue_fantasy),farrah_(granblue_fantasy),0,碧蓝幻想,129
apollonia_(granblue_fantasy),apollonia_(granblue_fantasy),0,碧蓝幻想,126
almeida_(granblue_fantasy),almeida_(granblue_fantasy),0,碧蓝幻想,123
raziel_(summer)_(granblue_fantasy),raziel_(granblue_fantasy),1,碧蓝幻想,121
black_knight_(granblue_fantasy),black_knight_(granblue_fantasy),0,碧蓝幻想,119
maria_theresa_(granblue_fantasy),maria_theresa_(granblue_fantasy),0,碧蓝幻想,119
yuel_(water)_(granblue_fantasy),yuel_(granblue_fantasy),1,碧蓝幻想,119
tweyen_(eternal's_summer_vacation)_(granblue_fantasy),tweyen_(granblue_fantasy),1,碧蓝幻想,118
galleon_(summer)_(granblue_fantasy),galleon_(granblue_fantasy),1,碧蓝幻想,118
narmaya_(holiday)_(granblue_fantasy),narmaya_(granblue_fantasy),1,碧蓝幻想,115
noa_(granblue_fantasy),noa_(granblue_fantasy),0,碧蓝幻想,112
sarya_(granblue_fantasy),sarya_(granblue_fantasy),0,碧蓝幻想,111
geegee_(granblue_fantasy),geegee_(granblue_fantasy),0,碧蓝幻想,110
aster_(granblue_fantasy),aster_(granblue_fantasy),0,碧蓝幻想,109
ouroboros_(granblue_fantasy),ouroboros_(granblue_fantasy),0,碧蓝幻想,108
grimnir_(granblue_fantasy),grimnir_(granblue_fantasy),0,碧蓝幻想,108
ogre_(granblue_fantasy),ogre_(granblue_fantasy),0,碧蓝幻想,105
mirin_(granblue_fantasy),mirin_(granblue_fantasy),0,碧蓝幻想,105
luchador_(granblue_fantasy),luchador_(granblue_fantasy),0,碧蓝幻想,105
zeta_(dark)_(granblue_fantasy),zeta_(granblue_fantasy),1,碧蓝幻想,105
lucio_(granblue_fantasy),lucio_(granblue_fantasy),0,碧蓝幻想,104
kumbhira_(summer)_(granblue_fantasy),kumbhira_(granblue_fantasy),1,碧蓝幻想,95
europa_(summer)_(granblue_fantasy),europa_(granblue_fantasy),1,碧蓝幻想,95
lecia_(summer)_(granblue_fantasy),lecia_(granblue_fantasy),1,碧蓝幻想,89
djeeta_(summer)_(granblue_fantasy),djeeta_(granblue_fantasy),1,碧蓝幻想,88
cupitan_(summer)_(granblue_fantasy),cupitan_(granblue_fantasy),1,碧蓝幻想,83
nier_(lover_by_the_lily_lake)_(granblue_fantasy),nier_(granblue_fantasy),1,碧蓝幻想,78
ilsa_(summer)_(granblue_fantasy),ilsa_(granblue_fantasy),1,碧蓝幻想,69
cagliostro_(halloween)_(granblue_fantasy),cagliostro_(granblue_fantasy),1,碧蓝幻想,69
beatrix_(halloween)_(granblue_fantasy),beatrix_(granblue_fantasy),1,碧蓝幻想,69
vikala_(summer)_(granblue_fantasy),vikala_(granblue_fantasy),1,碧蓝幻想,66
narmaya_(the_black_butterfly)_(granblue_fantasy),narmaya_(granblue_fantasy),1,碧蓝幻想,64
clarisse_(valentine)_(granblue_fantasy),clarisse_(granblue_fantasy),1,碧蓝幻想,62
vane_(halloween)_(granblue_fantasy),vane_(granblue_fantasy),1,碧蓝幻想,60
vajra_(summer)_(granblue_fantasy),vajra_(granblue_fantasy),1,碧蓝幻想,60
io_(summer)_(granblue_fantasy),io_(granblue_fantasy),1,碧蓝幻想,58
satyr_(halloween)_(granblue_fantasy),satyr_(granblue_fantasy),1,碧蓝幻想,57
ferry_(summer)_(granblue_fantasy),ferry_(granblue_fantasy),1,碧蓝幻想,56
andira_(flower_frolic)_(granblue_fantasy),andira_(granblue_fantasy),1,碧蓝幻想,53
ferry_(grand)_(granblue_fantasy),ferry_(granblue_fantasy),1,碧蓝幻想,53
sandalphon_(summer)_(granblue_fantasy),sandalphon_(granblue_fantasy),1,碧蓝幻想,50
yuel_(summer)_(granblue_fantasy),yuel_(granblue_fantasy),1,碧蓝幻想,49
sandalphon_(server_of_a_sublime_brew)_(granblue_fantasy),sandalphon_(granblue_fantasy),1,碧蓝幻想,47
cagliostro_(summer)_(granblue_fantasy),cagliostro_(granblue_fantasy),1,碧蓝幻想,47
threo_(eternal's_summer_vacation)_(granblue_fantasy),threo_(granblue_fantasy),1,碧蓝幻想,46
beatrix_(summer)_(granblue_fantasy),beatrix_(granblue_fantasy),1,碧蓝幻想,43
anila_(sleepyhead_sheep)_(granblue_fantasy),anila_(granblue_fantasy),1,碧蓝幻想,43
cagliostro_(youthful_uniform)_(granblue_fantasy),cagliostro_(granblue_fantasy),1,碧蓝幻想,42
ferry_(halloween)_(granblue_fantasy),ferry_(granblue_fantasy),1,碧蓝幻想,41
zeta_(halloween)_(granblue_fantasy),zeta_(granblue_fantasy),1,碧蓝幻想,41
galleon_(life's_compassionate_observer)_(granblue_fantasy),galleon_(granblue_fantasy),1,碧蓝幻想,39
silva_(summer)_(granblue_fantasy),silva_(granblue_fantasy),1,碧蓝幻想,39
clarisse_(soleil_blanc)_(granblue_fantasy),clarisse_(granblue_fantasy),1,碧蓝幻想,36
ferry_(santa_minidress)_(granblue_fantasy),ferry_(granblue_fantasy),1,碧蓝幻想,36
belial_(summer)_(granblue_fantasy),belial_(granblue_fantasy),1,碧蓝幻想,36
zeta_(grand)_(granblue_fantasy),zeta_(granblue_fantasy),1,碧蓝幻想,36
fediel_(summer)_(granblue_fantasy),fediel_(granblue_fantasy),1,碧蓝幻想,35
cagliostro_(dark)_(granblue_fantasy),cagliostro_(granblue_fantasy),1,碧蓝幻想,35
vane_(summer)_(granblue_fantasy),vane_(granblue_fantasy),1,碧蓝幻想,34
mahira_(summer)_(granblue_fantasy),mahira_(granblue_fantasy),1,碧蓝幻想,34
rosetta_(summer)_(granblue_fantasy),rosetta_(granblue_fantasy),1,碧蓝幻想,33
silva_(gentian_blue)_(granblue_fantasy),silva_(granblue_fantasy),1,碧蓝幻想,32
lich_(halloween)_(granblue_fantasy),lich_(granblue_fantasy),1,碧蓝幻想,32
cagliostro_(dreamy_dreamy_alchemist)_(granblue_fantasy),cagliostro_(granblue_fantasy),1,碧蓝幻想,32
sandalphon_(valentine)_(granblue_fantasy),sandalphon_(granblue_fantasy),1,碧蓝幻想,31
yuisis_(fire)_(granblue_fantasy),yuisis_(granblue_fantasy),1,碧蓝幻想,31
vane_(the_dragon_knights)_(granblue_fantasy),vane_(granblue_fantasy),1,碧蓝幻想,30
andira_(academic_adolescence)_(granblue_fantasy),andira_(granblue_fantasy),1,碧蓝幻想,30
gran_(summer)_(granblue_fantasy),gran_(granblue_fantasy),1,碧蓝幻想,29
vikala_(halloween)_(granblue_fantasy),vikala_(granblue_fantasy),1,碧蓝幻想,29
narmaya_(yukata)_(granblue_fantasy),narmaya_(granblue_fantasy),1,碧蓝幻想,29
sandalphon_(primarch_afterhours)_(granblue_fantasy),sandalphon_(granblue_fantasy),1,碧蓝幻想,25
lyria_(daughter_of_pearl)_(granblue_fantasy),lyria_(granblue_fantasy),1,碧蓝幻想,25
aliza_(summer)_(granblue_fantasy),aliza_(granblue_fantasy),1,碧蓝幻想,25
narmaya_(grand)_(granblue_fantasy),narmaya_(granblue_fantasy),1,碧蓝幻想,25
anila_(yukata)_(granblue_fantasy),anila_(granblue_fantasy),1,碧蓝幻想,24
mahira_(holiday)_(granblue_fantasy),mahira_(granblue_fantasy),1,碧蓝幻想,24
vajra_(ritual_robes)_(granblue_fantasy),vajra_(granblue_fantasy),1,碧蓝幻想,23
fediel_(soul_soother's_finery)_(granblue_fantasy),fediel_(granblue_fantasy),1,碧蓝幻想,22
cagliostro_(grand)_(granblue_fantasy),cagliostro_(granblue_fantasy),1,碧蓝幻想,22
lucio_(summer)_(granblue_fantasy),lucio_(granblue_fantasy),1,碧蓝幻想,20
kumbhira_(event)_(granblue_fantasy),kumbhira_(granblue_fantasy),1,碧蓝幻想,20
charlotta_(summer)_(granblue_fantasy),charlotta_(granblue_fantasy),1,碧蓝幻想,19
nier_(tormented_lover)_(granblue_fantasy),nier_(granblue_fantasy),1,碧蓝幻想,19
catura_(holiday)_(granblue_fantasy),catura_(granblue_fantasy),1,碧蓝幻想,19
vira_(festive_princess)_(granblue_fantasy),vira_(granblue_fantasy),1,碧蓝幻想,18
djeeta_(back_to_school_essentials)_(granblue_fantasy),djeeta_(granblue_fantasy),1,碧蓝幻想,18
ilsa_(yukata)_(granblue_fantasy),ilsa_(granblue_fantasy),1,碧蓝幻想,18
percival_(summer)_(granblue_fantasy),percival_(granblue_fantasy),1,碧蓝幻想,18
lich_(summer)_(granblue_fantasy),lich_(granblue_fantasy),1,碧蓝幻想,18
rosetta_(all_her_jazz)_(granblue_fantasy),rosetta_(granblue_fantasy),1,碧蓝幻想,17
vira_(scarlet_camellia_kimono)_(granblue_fantasy),vira_(granblue_fantasy),1,碧蓝幻想,17
clarisse_(summer)_(granblue_fantasy),clarisse_(granblue_fantasy),1,碧蓝幻想,17
magisa_(holiday)_(granblue_fantasy),magisa_(granblue_fantasy),1,碧蓝幻想,17
narmaya_(visions_of_butterflies)_(granblue_fantasy),narmaya_(granblue_fantasy),1,碧蓝幻想,16
cucouroux_(halloween)_(granblue_fantasy),cucouroux_(granblue_fantasy),1,碧蓝幻想,16
nier_(yukata)_(granblue_fantasy),nier_(granblue_fantasy),1,碧蓝幻想,16
rosetta_(holiday)_(granblue_fantasy),rosetta_(granblue_fantasy),1,碧蓝幻想,15
niyon_(lejonskrik)_(granblue_fantasy),niyon_(granblue_fantasy),1,碧蓝幻想,15
vikala_(yukata)_(granblue_fantasy),vikala_(granblue_fantasy),1,碧蓝幻想,15
raziel_(page_71_book_of_mischief_on_cataclysms)_(granblue_fantasy),raziel_(granblue_fantasy),1,碧蓝幻想,15
vikala_(parade_master)_(granblue_fantasy),vikala_(granblue_fantasy),1,碧蓝幻想,15
lyria_(cutie_apron)_(granblue_fantasy),lyria_(granblue_fantasy),1,碧蓝幻想,14
grimnir_(valentine)_(granblue_fantasy),grimnir_(granblue_fantasy),1,碧蓝幻想,14
ferry_(winter_moonlight_kimono)_(granblue_fantasy),ferry_(granblue_fantasy),1,碧蓝幻想,13
percival_(the_dragon_knights)_(granblue_fantasy),percival_(granblue_fantasy),1,碧蓝幻想,13
eustace_(halloween)_(granblue_fantasy),eustace_(granblue_fantasy),1,碧蓝幻想,12
katalina_(festive_corselet)_(granblue_fantasy),katalina_(granblue_fantasy),1,碧蓝幻想,12
katalina_(luck_be_a_lady)_(granblue_fantasy),katalina_(granblue_fantasy),1,碧蓝幻想,12
seofon_(eternal's_summer_vacation)_(granblue_fantasy),seofon_(granblue_fantasy),1,碧蓝幻想,12
niyon_(violet_anonymity)_(granblue_fantasy),niyon_(granblue_fantasy),1,碧蓝幻想,12
yuel_(grand)_(granblue_fantasy),yuel_(granblue_fantasy),1,碧蓝幻想,12
tien_(twins_on_vacation)_(granblue_fantasy),tien_(granblue_fantasy),1,碧蓝幻想,11
payila_(event)_(granblue_fantasy),payila_(granblue_fantasy),1,碧蓝幻想,11
andira_(event)_(granblue_fantasy),andira_(granblue_fantasy),1,碧蓝幻想,11
rosetta_(halloween)_(granblue_fantasy),rosetta_(granblue_fantasy),1,碧蓝幻想,10
lyria_(born_to_be_snowdos)_(granblue_fantasy),lyria_(granblue_fantasy),1,碧蓝幻想,9
silva_(yukata)_(granblue_fantasy),silva_(granblue_fantasy),1,碧蓝幻想,9
mahira_(event)_(granblue_fantasy),mahira_(granblue_fantasy),1,碧蓝幻想,9
vane_(sunrise_hakama)_(granblue_fantasy),vane_(granblue_fantasy),1,碧蓝幻想,8
ilsa_(formal)_(granblue_fantasy),ilsa_(granblue_fantasy),1,碧蓝幻想,8
rosetta_(rosebud_blush_kimono)_(granblue_fantasy),rosetta_(granblue_fantasy),1,碧蓝幻想,7
tweyen_(twilight_ties_kimono)_(granblue_fantasy),tweyen_(granblue_fantasy),1,碧蓝幻想,7
tien_(graceful_elf's_gown)_(granblue_fantasy),tien_(granblue_fantasy),1,碧蓝幻想,6
cagliostro_(super_jolly_pretty_alchemist)_(granblue_fantasy),cagliostro_(granblue_fantasy),1,碧蓝幻想,6
catura_(summer)_(granblue_fantasy),catura_(granblue_fantasy),1,碧蓝幻想,6
eustace_(summer)_(granblue_fantasy),eustace_(granblue_fantasy),1,碧蓝幻想,5
europa_(holiday)_(granblue_fantasy),europa_(granblue_fantasy),1,碧蓝幻想,5
sandalphon_(six_wings_of_supplication)_(granblue_fantasy),sandalphon_(granblue_fantasy),1,碧蓝幻想,5
katalina_(water_lily_kimono)_(granblue_fantasy),katalina_(granblue_fantasy),1,碧蓝幻想,4
makura_(valentine)_(granblue_fantasy),makura_(granblue_fantasy),1,碧蓝幻想,4
makura_(stylish_'n_lovely_bunny)_(granblue_fantasy),makura_(granblue_fantasy),1,碧蓝幻想,4
zeta_(water)_(granblue_fantasy),zeta_(granblue_fantasy),1,碧蓝幻想,3
siegfried_(yukata)_(granblue_fantasy),siegfried_(granblue_fantasy),1,碧蓝幻想,3
tweyen_(yukata)_(granblue_fantasy),tweyen_(granblue_fantasy),1,碧蓝幻想,3
zooey_(holiday)_(granblue_fantasy),zooey_(granblue_fantasy),1,碧蓝幻想,3
seofon_(perfect_santa_suit)_(granblue_fantasy),seofon_(granblue_fantasy),1,碧蓝幻想,2
gran_(holly_jolly)_(granblue_fantasy),gran_(granblue_fantasy),1,碧蓝幻想,1
siegfried_(siggy)_(granblue_fantasy),siegfried_(granblue_fantasy),1,碧蓝幻想,1
eugen_(summer)_(granblue_fantasy),eugen_(granblue_fantasy),1,碧蓝幻想,1
lancelot_(drachengesellschaft)_(granblue_fantasy),lancelot_(granblue_fantasy),1,碧蓝幻想,1
yuisis_(yukata)_(granblue_fantasy),yuisis_(granblue_fantasy),1,碧蓝幻想,0
maria_theresa_(granblue_fantasy)thalatha_(granblue_fantasy),maria_theresa_(granblue_fantasy),1,碧蓝幻想,0
manjuu_(azur_lane),manjuu_(azur_lane),0,碧蓝航线,10886
taihou_(azur_lane),taihou_(azur_lane),0,碧蓝航线,6256
bremerton_(azur_lane),bremerton_(azur_lane),0,碧蓝航线,5343
formidable_(azur_lane),formidable_(azur_lane),0,碧蓝航线,4947
prinz_eugen_(azur_lane),prinz_eugen_(azur_lane),0,碧蓝航线,4844
atago_(azur_lane),atago_(azur_lane),0,碧蓝航线,4837
commander_(azur_lane),commander_(azur_lane),0,碧蓝航线,4832
belfast_(azur_lane),belfast_(azur_lane),0,碧蓝航线,4248
sirius_(azur_lane),sirius_(azur_lane),0,碧蓝航线,4216
unicorn_(azur_lane),unicorn_(azur_lane),0,碧蓝航线,3637
ayanami_(azur_lane),ayanami_(azur_lane),0,碧蓝航线,3385
illustrious_(azur_lane),illustrious_(azur_lane),0,碧蓝航线,3259
laffey_(azur_lane),laffey_(azur_lane),0,碧蓝航线,2898
kaga_(azur_lane),kaga_(azur_lane),0,碧蓝航线,2819
enterprise_(azur_lane),enterprise_(azur_lane),0,碧蓝航线,2758
takao_(azur_lane),takao_(azur_lane),0,碧蓝航线,2724
akagi_(azur_lane),akagi_(azur_lane),0,碧蓝航线,2616
st._louis_(azur_lane),st._louis_(azur_lane),0,碧蓝航线,2361
javelin_(azur_lane),javelin_(azur_lane),0,碧蓝航线,2136
shinano_(azur_lane),shinano_(azur_lane),0,碧蓝航线,2047
z23_(azur_lane),z23_(azur_lane),0,碧蓝航线,1939
honolulu_(azur_lane),honolulu_(azur_lane),0,碧蓝航线,1903
le_malin_(azur_lane),le_malin_(azur_lane),0,碧蓝航线,1856
baltimore_(azur_lane),baltimore_(azur_lane),0,碧蓝航线,1818
bremerton_(scorching-hot_training)_(azur_lane),bremerton_(azur_lane),1,碧蓝航线,1711
dido_(azur_lane),dido_(azur_lane),0,碧蓝航线,1623
kashino_(azur_lane),kashino_(azur_lane),0,碧蓝航线,1616
new_jersey_(azur_lane),new_jersey_(azur_lane),0,碧蓝航线,1585
nagato_(azur_lane),nagato_(azur_lane),0,碧蓝航线,1509
zara_(azur_lane),zara_(azur_lane),0,碧蓝航线,1425
aegir_(azur_lane),aegir_(azur_lane),0,碧蓝航线,1408
cheshire_(azur_lane),cheshire_(azur_lane),0,碧蓝航线,1378
amagi_(azur_lane),amagi_(azur_lane),0,碧蓝航线,1353
yamashiro_(azur_lane),yamashiro_(azur_lane),0,碧蓝航线,1231
musashi_(azur_lane),musashi_(azur_lane),0,碧蓝航线,1181
prinz_eugen_(unfading_smile)_(azur_lane),prinz_eugen_(azur_lane),1,碧蓝航线,1158
jean_bart_(azur_lane),jean_bart_(azur_lane),0,碧蓝航线,1145
bismarck_(azur_lane),bismarck_(azur_lane),0,碧蓝航线,1115
st._louis_(luxurious_wheels)_(azur_lane),st._louis_(azur_lane),1,碧蓝航线,1096
implacable_(azur_lane),implacable_(azur_lane),0,碧蓝航线,1087
roon_(azur_lane),roon_(azur_lane),0,碧蓝航线,1069
ayanami_(retrofit)_(azur_lane),ayanami_(azur_lane),1,碧蓝航线,1025
akashi_(azur_lane),akashi_(azur_lane),0,碧蓝航线,1024
taihou_(enraptured_companion)_(azur_lane),taihou_(azur_lane),1,碧蓝航线,1020
hammann_(azur_lane),hammann_(azur_lane),0,碧蓝航线,1013
kisaragi_(azur_lane),kisaragi_(azur_lane),0,碧蓝航线,1006
graf_zeppelin_(azur_lane),graf_zeppelin_(azur_lane),0,碧蓝航线,1006
yuudachi_(azur_lane),yuudachi_(azur_lane),0,碧蓝航线,1002
cleveland_(azur_lane),cleveland_(azur_lane),0,碧蓝航线,995
zara_(poolside_coincidence)_(azur_lane),zara_(azur_lane),1,碧蓝航线,992
le_malin_(listless_lapin)_(azur_lane),le_malin_(azur_lane),1,碧蓝航线,971
atago_(stunning_speedster)_(azur_lane),atago_(azur_lane),1,碧蓝航线,962
owari_(azur_lane),owari_(azur_lane),0,碧蓝航线,961
shoukaku_(azur_lane),shoukaku_(azur_lane),0,碧蓝航线,955
sirius_(azure_horizons)_(azur_lane),sirius_(azur_lane),1,碧蓝航线,925
hindenburg_(azur_lane),hindenburg_(azur_lane),0,碧蓝航线,904
zuikaku_(azur_lane),zuikaku_(azur_lane),0,碧蓝航线,891
admiral_graf_spee_(azur_lane),admiral_graf_spee_(azur_lane),0,碧蓝航线,880
friedrich_der_grosse_(azur_lane),friedrich_der_grosse_(azur_lane),0,碧蓝航线,879
ulrich_von_hutten_(azur_lane),ulrich_von_hutten_(azur_lane),0,碧蓝航线,877
noshiro_(azur_lane),noshiro_(azur_lane),0,碧蓝航线,857
massachusetts_(azur_lane),massachusetts_(azur_lane),0,碧蓝航线,841
perseus_(azur_lane),perseus_(azur_lane),0,碧蓝航线,827
sirius_(scorching-hot_seirios)_(azur_lane),sirius_(azur_lane),1,碧蓝航线,808
taihou_(forbidden_fruit)_(azur_lane),taihou_(azur_lane),1,碧蓝航线,804
queen_elizabeth_(azur_lane),queen_elizabeth_(azur_lane),0,碧蓝航线,796
sheffield_(azur_lane),sheffield_(azur_lane),0,碧蓝航线,795
bache_(azur_lane),bache_(azur_lane),0,碧蓝航线,783
helena_(azur_lane),helena_(azur_lane),0,碧蓝航线,772
august_von_parseval_(azur_lane),august_von_parseval_(azur_lane),0,碧蓝航线,767
tashkent_(azur_lane),tashkent_(azur_lane),0,碧蓝航线,753
shimakaze_(azur_lane),shimakaze_(azur_lane),0,碧蓝航线,749
hood_(azur_lane),hood_(azur_lane),0,碧蓝航线,745
kashino_(hot_springs_relaxation)_(azur_lane),kashino_(azur_lane),1,碧蓝航线,735
indomitable_(azur_lane),indomitable_(azur_lane),0,碧蓝航线,731
pamiat_merkuria_(azur_lane),pamiat_merkuria_(azur_lane),0,碧蓝航线,727
eldridge_(azur_lane),eldridge_(azur_lane),0,碧蓝航线,724
deutschland_(azur_lane),deutschland_(azur_lane),0,碧蓝航线,686
admiral_hipper_(azur_lane),admiral_hipper_(azur_lane),0,碧蓝航线,686
mogador_(azur_lane),mogador_(azur_lane),0,碧蓝航线,672
atago_(summer_march)_(azur_lane),atago_(azur_lane),1,碧蓝航线,671
amagi-chan_(azur_lane),amagi-chan_(azur_lane),0,碧蓝航线,663
ping_hai_(azur_lane),ping_hai_(azur_lane),0,碧蓝航线,648
essex_(azur_lane),essex_(azur_lane),0,碧蓝航线,638
z46_(azur_lane),z46_(azur_lane),0,碧蓝航线,635
kearsarge_(azur_lane),kearsarge_(azur_lane),0,碧蓝航线,624
vampire_(azur_lane),vampire_(azur_lane),0,碧蓝航线,598
pola_(azur_lane),pola_(azur_lane),0,碧蓝航线,591
alsace_(azur_lane),alsace_(azur_lane),0,碧蓝航线,586
mutsuki_(azur_lane),mutsuki_(azur_lane),0,碧蓝航线,563
richelieu_(azur_lane),richelieu_(azur_lane),0,碧蓝航线,553
anchorage_(azur_lane),anchorage_(azur_lane),0,碧蓝航线,551
warspite_(azur_lane),warspite_(azur_lane),0,碧蓝航线,550
meowfficer_(azur_lane),meowfficer_(azur_lane),0,碧蓝航线,545
prince_of_wales_(azur_lane),prince_of_wales_(azur_lane),0,碧蓝航线,531
dunkerque_(azur_lane),dunkerque_(azur_lane),0,碧蓝航线,520
yorktown_(azur_lane),yorktown_(azur_lane),0,碧蓝航线,511
ning_hai_(azur_lane),ning_hai_(azur_lane),0,碧蓝航线,510
cygnet_(azur_lane),cygnet_(azur_lane),0,碧蓝航线,493
new_jersey_(exhilarating_steps!)_(azur_lane),new_jersey_(azur_lane),1,碧蓝航线,492
takao_(beach_rhapsody)_(azur_lane),takao_(azur_lane),1,碧蓝航线,489
formidable_(the_lady_of_the_beach)_(azur_lane),formidable_(azur_lane),1,碧蓝航线,488
tirpitz_(azur_lane),tirpitz_(azur_lane),0,碧蓝航线,487
prinz_heinrich_(azur_lane),prinz_heinrich_(azur_lane),0,碧蓝航线,487
chapayev_(azur_lane),chapayev_(azur_lane),0,碧蓝航线,481
belfast_(shopping_with_the_head_maid)_(azur_lane),belfast_(azur_lane),1,碧蓝航线,472
azuma_(azur_lane),azuma_(azur_lane),0,碧蓝航线,468
grim_(azur_lane),grim_(azur_lane),0,碧蓝航线,459
akagi-chan_(azur_lane),akagi-chan_(azur_lane),0,碧蓝航线,455
victorious_(azur_lane),victorious_(azur_lane),0,碧蓝航线,454
reno_(azur_lane),reno_(azur_lane),0,碧蓝航线,454
saratoga_(azur_lane),saratoga_(azur_lane),0,碧蓝航线,451
saint-louis_(azur_lane),saint-louis_(azur_lane),0,碧蓝航线,447
south_dakota_(azur_lane),south_dakota_(azur_lane),0,碧蓝航线,442
taihou_(fun_on_the_baize)_(azur_lane),taihou_(azur_lane),1,碧蓝航线,435
bremerton_(kung_fu_cruiser)_(azur_lane),bremerton_(azur_lane),1,碧蓝航线,433
north_carolina_(azur_lane),north_carolina_(azur_lane),0,碧蓝航线,424
kaga_(battleship)_(azur_lane),kaga_(azur_lane),1,碧蓝航线,421
hindenburg_(delirious_duel)_(azur_lane),hindenburg_(azur_lane),1,碧蓝航线,420
ark_royal_(azur_lane),ark_royal_(azur_lane),0,碧蓝航线,412
shigure_(azur_lane),shigure_(azur_lane),0,碧蓝航线,412
yukikaze_(azur_lane),yukikaze_(azur_lane),0,碧蓝航线,411
kawakaze_(azur_lane),kawakaze_(azur_lane),0,碧蓝航线,410
vittorio_veneto_(azur_lane),vittorio_veneto_(azur_lane),0,碧蓝航线,410
taihou_(temptation_on_the_sea_breeze)_(azur_lane),taihou_(azur_lane),1,碧蓝航线,410
tosa_(azur_lane),tosa_(azur_lane),0,碧蓝航线,408
little_bel_(azur_lane),little_bel_(azur_lane),0,碧蓝航线,408
taihou_(sweet_time_after_school)_(azur_lane),taihou_(azur_lane),1,碧蓝航线,402
monarch_(azur_lane),monarch_(azur_lane),0,碧蓝航线,399
perseus_(unfamiliar_duties)_(azur_lane),perseus_(azur_lane),1,碧蓝航线,393
unzen_(azur_lane),unzen_(azur_lane),0,碧蓝航线,389
mikasa_(azur_lane),mikasa_(azur_lane),0,碧蓝航线,386
elbe_(azur_lane),elbe_(azur_lane),0,碧蓝航线,377
baltimore_(finish_line_flagbearer)_(azur_lane),baltimore_(azur_lane),1,碧蓝航线,374
neptune_(azur_lane),neptune_(azur_lane),0,碧蓝航线,373
taihou_(seaside_daydreams)_(azur_lane),taihou_(azur_lane),1,碧蓝航线,373
nelson_(azur_lane),nelson_(azur_lane),0,碧蓝航线,371
prinz_eugen_(final_lap)_(azur_lane),prinz_eugen_(azur_lane),1,碧蓝航线,371
chen_hai_(azur_lane),chen_hai_(azur_lane),0,碧蓝航线,362
gascogne_(azur_lane),gascogne_(azur_lane),0,碧蓝航线,361
san_diego_(azur_lane),san_diego_(azur_lane),0,碧蓝航线,357
indianapolis_(azur_lane),indianapolis_(azur_lane),0,碧蓝航线,355
nagato_(great_fox's_respite)_(azur_lane),nagato_(azur_lane),1,碧蓝航线,350
indomitable_(ms._motivationless_maid)_(azur_lane),indomitable_(azur_lane),1,碧蓝航线,350
hornet_(azur_lane),hornet_(azur_lane),0,碧蓝航线,346
honolulu_(umbrella_girl)_(azur_lane),honolulu_(azur_lane),1,碧蓝航线,344
minneapolis_(azur_lane),minneapolis_(azur_lane),0,碧蓝航线,342
baltimore_(after-school_ace)_(azur_lane),baltimore_(azur_lane),1,碧蓝航线,332
scylla_(azur_lane),scylla_(azur_lane),0,碧蓝航线,331
takao_(full_throttle_charmer)_(azur_lane),takao_(azur_lane),1,碧蓝航线,329
portland_(azur_lane),portland_(azur_lane),0,碧蓝航线,325
pola_(seaside_coincidence)_(azur_lane),pola_(azur_lane),1,碧蓝航线,313
sovetskaya_rossiya_(azur_lane),sovetskaya_rossiya_(azur_lane),0,碧蓝航线,306
unicorn_(long-awaited_date)_(azur_lane),unicorn_(azur_lane),1,碧蓝航线,305
hakuhou_(azur_lane),hakuhou_(azur_lane),0,碧蓝航线,305
fusou_(azur_lane),fusou_(azur_lane),0,碧蓝航线,302
isokaze_(azur_lane),isokaze_(azur_lane),0,碧蓝航线,300
taihou_(phoenix's_spring_song)_(azur_lane),taihou_(azur_lane),1,碧蓝航线,300
hakuryuu_(azur_lane),hakuryuu_(azur_lane),0,碧蓝航线,300
long_island_(azur_lane),long_island_(azur_lane),0,碧蓝航线,296
atago_(school_traumerei)_(azur_lane),atago_(azur_lane),1,碧蓝航线,295
janus_(azur_lane),janus_(azur_lane),0,碧蓝航线,295
washington_(azur_lane),washington_(azur_lane),0,碧蓝航线,294
plymouth_(azur_lane),plymouth_(azur_lane),0,碧蓝航线,294
ibuki_(azur_lane),ibuki_(azur_lane),0,碧蓝航线,290
algerie_(azur_lane),algerie_(azur_lane),0,碧蓝航线,288
swiftsure_(azur_lane),swiftsure_(azur_lane),0,碧蓝航线,285
fumizuki_(azur_lane),fumizuki_(azur_lane),0,碧蓝航线,284
regensburg_(azur_lane),regensburg_(azur_lane),0,碧蓝航线,282
i-19_(azur_lane),i-19_(azur_lane),0,碧蓝航线,280
u-47_(azur_lane),u-47_(azur_lane),0,碧蓝航线,279
ajax_(azur_lane),ajax_(azur_lane),0,碧蓝航线,278
guam_(azur_lane),guam_(azur_lane),0,碧蓝航线,276
duke_of_york_(azur_lane),duke_of_york_(azur_lane),0,碧蓝航线,273
shoukaku_(sororal_wings)_(azur_lane),shoukaku_(azur_lane),1,碧蓝航线,273
honolulu_(summer_accident?!)_(azur_lane),honolulu_(azur_lane),1,碧蓝航线,268
gouden_leeuw_(azur_lane),gouden_leeuw_(azur_lane),0,碧蓝航线,265
sovetsky_soyuz_(azur_lane),sovetsky_soyuz_(azur_lane),0,碧蓝航线,261
illustrious_(morning_star_of_love_and_hope)_(azur_lane),illustrious_(azur_lane),1,碧蓝航线,255
rodney_(azur_lane),rodney_(azur_lane),0,碧蓝航线,254
intrepid_(azur_lane),intrepid_(azur_lane),0,碧蓝航线,253
sims_(azur_lane),sims_(azur_lane),0,碧蓝航线,251
mogador_(olfactory_nursery_call)_(azur_lane),mogador_(azur_lane),1,碧蓝航线,251
albacore_(azur_lane),albacore_(azur_lane),0,碧蓝航线,250
alabama_(azur_lane),alabama_(azur_lane),0,碧蓝航线,250
shinano_(dreamy_white_sands)_(azur_lane),shinano_(azur_lane),1,碧蓝航线,240
littorio_(azur_lane),littorio_(azur_lane),0,碧蓝航线,239
august_von_parseval_(the_conquered_unhulde)_(azur_lane),august_von_parseval_(azur_lane),1,碧蓝航线,239
admiral_nakhimov_(azur_lane),admiral_nakhimov_(azur_lane),0,碧蓝航线,238
illustrious_(maiden_lily's_radiance)_(azur_lane),illustrious_(azur_lane),1,碧蓝航线,236
formidable_(timeless_classics)_(azur_lane),formidable_(azur_lane),1,碧蓝航线,235
yorktown_ii_(azur_lane),yorktown_ii_(azur_lane),0,碧蓝航线,235
le_temeraire_(azur_lane),le_temeraire_(azur_lane),0,碧蓝航线,231
hermione_(azur_lane),hermione_(azur_lane),0,碧蓝航线,230
alsace_(heat_beating_summer_sacrament)_(azur_lane),alsace_(azur_lane),1,碧蓝航线,230
mogador_(locker_room_lechery)_(azur_lane),mogador_(azur_lane),1,碧蓝航线,227
hanazuki_(azur_lane),hanazuki_(azur_lane),0,碧蓝航线,226
hiei_(azur_lane),hiei_(azur_lane),0,碧蓝航线,225
shinano_(dreams_of_the_hazy_moon)_(azur_lane),shinano_(azur_lane),1,碧蓝航线,223
richelieu_(fleuron_of_the_waves)_(azur_lane),richelieu_(azur_lane),1,碧蓝航线,219
surcouf_(azur_lane),surcouf_(azur_lane),0,碧蓝航线,217
bremerton_(day-off_date)_(azur_lane),bremerton_(azur_lane),1,碧蓝航线,217
bremerton_(relaxation_consultation)_(azur_lane),bremerton_(azur_lane),1,碧蓝航线,216
suzuya_(azur_lane),suzuya_(azur_lane),0,碧蓝航线,215
glorious_(azur_lane),glorious_(azur_lane),0,碧蓝航线,214
baltimore_(black_ace)_(azur_lane),baltimore_(azur_lane),1,碧蓝航线,213
prinz_rupprecht_(azur_lane),prinz_rupprecht_(azur_lane),0,碧蓝航线,212
shinano_(moonlit_chrome)_(azur_lane),shinano_(azur_lane),1,碧蓝航线,211
gneisenau_(azur_lane),gneisenau_(azur_lane),0,碧蓝航线,210
kumano_(azur_lane),kumano_(azur_lane),0,碧蓝航线,209
emden_(azur_lane),emden_(azur_lane),0,碧蓝航线,209
cowpens_(azur_lane),cowpens_(azur_lane),0,碧蓝航线,208
hiryuu_(azur_lane),hiryuu_(azur_lane),0,碧蓝航线,207
kearsarge_(all_night_charge)_(azur_lane),kearsarge_(azur_lane),1,碧蓝航线,206
aegir_(golden_dragon_among_auspicious_clouds)_(azur_lane),aegir_(azur_lane),1,碧蓝航线,205
colorado_(azur_lane),colorado_(azur_lane),0,碧蓝航线,204
mutsu_(azur_lane),mutsu_(azur_lane),0,碧蓝航线,204
massachusetts_(dressed_to_impress)_(azur_lane),massachusetts_(azur_lane),1,碧蓝航线,203
hammann_(retrofit)_(azur_lane),hammann_(azur_lane),1,碧蓝航线,203
female_commander_(azur_lane),female_commander_(azur_lane),0,碧蓝航线,202
bismarck_zwei_(azur_lane),bismarck_zwei_(azur_lane),0,碧蓝航线,201
yat_sen_(azur_lane),yat_sen_(azur_lane),0,碧蓝航线,199
shimanto_(azur_lane),shimanto_(azur_lane),0,碧蓝航线,198
montpelier_(azur_lane),montpelier_(azur_lane),0,碧蓝航线,196
fubuki_(azur_lane),fubuki_(azur_lane),0,碧蓝航线,195
kongou_(azur_lane),kongou_(azur_lane),0,碧蓝航线,195
cheshire_(summery_date!)_(azur_lane),cheshire_(azur_lane),1,碧蓝航线,195
charybdis_(azur_lane),charybdis_(azur_lane),0,碧蓝航线,195
golden_hind_(azur_lane),golden_hind_(azur_lane),0,碧蓝航线,195
duca_degli_abruzzi_(azur_lane),duca_degli_abruzzi_(azur_lane),0,碧蓝航线,194
"implacable_(shepherd_of_the_""lost"")_(azur_lane)",implacable_(azur_lane),1,碧蓝航线,194
choukai_(azur_lane),choukai_(azur_lane),0,碧蓝航线,192
prinz_eugen_(cordial_cornflower)_(azur_lane),prinz_eugen_(azur_lane),1,碧蓝航线,192
kasumi_(azur_lane),kasumi_(azur_lane),0,碧蓝航线,192
tosa_(hometown_zest)_(azur_lane),tosa_(azur_lane),1,碧蓝航线,192
takao_(school_romanza)_(azur_lane),takao_(azur_lane),1,碧蓝航线,192
aquila_(azur_lane),aquila_(azur_lane),0,碧蓝航线,191
laffey_ii_(azur_lane),laffey_ii_(azur_lane),0,碧蓝航线,191
jade_(azur_lane),jade_(azur_lane),0,碧蓝航线,191
lion_(azur_lane),lion_(azur_lane),0,碧蓝航线,190
maya_(azur_lane),maya_(azur_lane),0,碧蓝航线,189
graf_zeppelin_(beachside_urd)_(azur_lane),graf_zeppelin_(azur_lane),1,碧蓝航线,189
brest_(azur_lane),brest_(azur_lane),0,碧蓝航线,189
new_jersey_(midsummer_leisure)_(azur_lane),new_jersey_(azur_lane),1,碧蓝航线,189
kronshtadt_(azur_lane),kronshtadt_(azur_lane),0,碧蓝航线,187
albion_(azur_lane),albion_(azur_lane),0,碧蓝航线,187
grenville_(azur_lane),grenville_(azur_lane),0,碧蓝航线,185
zuikaku_(the_wind's_true_name)_(azur_lane),zuikaku_(azur_lane),1,碧蓝航线,185
enterprise_(wind_catcher)_(azur_lane),enterprise_(azur_lane),1,碧蓝航线,183
little_boy_commander_(azur_lane),little_boy_commander_(azur_lane),0,碧蓝航线,182
sovetskaya_belorussiya_(azur_lane),sovetskaya_belorussiya_(azur_lane),0,碧蓝航线,182
i-26_(azur_lane),i-26_(azur_lane),0,碧蓝航线,181
gangut_(azur_lane),gangut_(azur_lane),0,碧蓝航线,181
tb_(azur_lane),tb_(azur_lane),0,碧蓝航线,180
unicorn_(the_gift_of_spring)_(azur_lane),unicorn_(azur_lane),1,碧蓝航线,180
shinano_(visions_of_fantasy)_(azur_lane),shinano_(azur_lane),1,碧蓝航线,180
dunkerque_(summer_sucre)_(azur_lane),dunkerque_(azur_lane),1,碧蓝航线,176
erebus_(azur_lane),erebus_(azur_lane),0,碧蓝航线,175
le_triomphant_(azur_lane),le_triomphant_(azur_lane),0,碧蓝航线,175
drake_(azur_lane),drake_(azur_lane),0,碧蓝航线,175
souryuu_(azur_lane),souryuu_(azur_lane),0,碧蓝航线,174
marco_polo_(azur_lane),marco_polo_(azur_lane),0,碧蓝航线,174
peter_strasser_(azur_lane),peter_strasser_(azur_lane),0,碧蓝航线,173
prinz_eugen_(symphonic_fate)_(azur_lane),prinz_eugen_(azur_lane),1,碧蓝航线,171
akagi_(paradise_amaryllis)_(azur_lane),akagi_(azur_lane),1,碧蓝航线,171
taihou_(muse)_(azur_lane),taihou_(azur_lane),1,碧蓝航线,168
unzen_(sojourn_through_clear_seas)_(azur_lane),unzen_(azur_lane),1,碧蓝航线,168
royal_fortune_(azur_lane),royal_fortune_(azur_lane),0,碧蓝航线,167
dido_(anxious_bisque_doll)_(azur_lane),dido_(azur_lane),1,碧蓝航线,166
howe_(azur_lane),howe_(azur_lane),0,碧蓝航线,165
amagi_(wending_waters_serene_lotus)_(azur_lane),amagi_(azur_lane),1,碧蓝航线,165
le_malin_(sleepy_sunday)_(azur_lane),le_malin_(azur_lane),1,碧蓝航线,165
z1_leberecht_maass_(azur_lane),z1_leberecht_maass_(azur_lane),0,碧蓝航线,164
z11_(azur_lane),z11_(azur_lane),0,碧蓝航线,164
yamashiro_(summer_offensive?)_(azur_lane),yamashiro_(azur_lane),1,碧蓝航线,163
belfast_(iridescent_rosa)_(azur_lane),belfast_(azur_lane),1,碧蓝航线,163
chen_hai_(vestibule_of_wonders)_(azur_lane),chen_hai_(azur_lane),1,碧蓝航线,163
mainz_(azur_lane),mainz_(azur_lane),0,碧蓝航线,162
foch_(azur_lane),foch_(azur_lane),0,碧蓝航线,162
owari_(shimmering_forsythia)_(azur_lane),owari_(azur_lane),1,碧蓝航线,162
edinburgh_(azur_lane),edinburgh_(azur_lane),0,碧蓝航线,161
jeanne_d'arc_(azur_lane),jeanne_d'arc_(azur_lane),0,碧蓝航线,161
leander_(azur_lane),leander_(azur_lane),0,碧蓝航线,160
aegir_(iron_blood's_dragon_maid)_(azur_lane),aegir_(azur_lane),1,碧蓝航线,160
hatsuzuki_(azur_lane),hatsuzuki_(azur_lane),0,碧蓝航线,159
lexington_(azur_lane),lexington_(azur_lane),0,碧蓝航线,157
amagi_(cv)_(azur_lane),amagi_(azur_lane),1,碧蓝航线,157
cleopatra_(azur_lane),cleopatra_(azur_lane),0,碧蓝航线,157
belfast_(blissful_service)_(azur_lane),belfast_(azur_lane),1,碧蓝航线,156
musashi_(the_purple_rabbit's_marksmanship)_(azur_lane),musashi_(azur_lane),1,碧蓝航线,156
surcouf_(loisirs_balneaires)_(azur_lane),surcouf_(azur_lane),1,碧蓝航线,155
joffre_(azur_lane),joffre_(azur_lane),0,碧蓝航线,155
kashino_(fresh_and_sweet)_(azur_lane),kashino_(azur_lane),1,碧蓝航线,154
observer_alpha_(azur_lane),observer_alpha_(azur_lane),0,碧蓝航线,153
shangri-la_(azur_lane),shangri-la_(azur_lane),0,碧蓝航线,153
ying_swei_(azur_lane),ying_swei_(azur_lane),0,碧蓝航线,153
admiral_graf_spee_(girl's_sunday)_(azur_lane),admiral_graf_spee_(azur_lane),1,碧蓝航线,153
tallinn_(azur_lane),tallinn_(azur_lane),0,碧蓝航线,152
vittorio_veneto_(the_flower_of_la_spezia)_(azur_lane),vittorio_veneto_(azur_lane),1,碧蓝航线,152
flandre_(azur_lane),flandre_(azur_lane),0,碧蓝航线,152
le_malin_(mercredi_at_the_secret_base)_(azur_lane),le_malin_(azur_lane),1,碧蓝航线,151
admiral_graf_spee_(peaceful_daily_life)_(azur_lane),admiral_graf_spee_(azur_lane),1,碧蓝航线,151
repulse_(azur_lane),repulse_(azur_lane),0,碧蓝航线,150
shiratsuyu_(azur_lane),shiratsuyu_(azur_lane),0,碧蓝航线,149
elbing_(azur_lane),elbing_(azur_lane),0,碧蓝航线,149
nagara_(azur_lane),nagara_(azur_lane),0,碧蓝航线,148
kaga_(everlasting_killing_stone)_(azur_lane),kaga_(azur_lane),1,碧蓝航线,147
prinz_eugen_(profusion_of_flowers)_(azur_lane),prinz_eugen_(azur_lane),1,碧蓝航线,147
tashkent_(the_bound_cruiser)_(azur_lane),tashkent_(azur_lane),1,碧蓝航线,147
trieste_(azur_lane),trieste_(azur_lane),0,碧蓝航线,147
jervis_(azur_lane),jervis_(azur_lane),0,碧蓝航线,147
shiranui_(azur_lane),shiranui_(azur_lane),0,碧蓝航线,146
newcastle_(azur_lane),newcastle_(azur_lane),0,碧蓝航线,146
avrora_(azur_lane),avrora_(azur_lane),0,碧蓝航线,146
jean_bart_(private_apres_midi)_(azur_lane),jean_bart_(azur_lane),1,碧蓝航线,146
kinu_(azur_lane),kinu_(azur_lane),0,碧蓝航线,145
franklin_(azur_lane),franklin_(azur_lane),0,碧蓝航线,145
chikuma_(azur_lane),chikuma_(azur_lane),0,碧蓝航线,144
de_zeven_provincien_(azur_lane),de_zeven_provincien_(azur_lane),0,碧蓝航线,144
reno_(biggest_little_cheerleader)_(azur_lane),reno_(azur_lane),1,碧蓝航线,143
javelin_(beach_picnic!)_(azur_lane),javelin_(azur_lane),1,碧蓝航线,141
ayanami_(niconico)_(azur_lane),ayanami_(azur_lane),1,碧蓝航线,141
bremerton_(school)_(azur_lane),bremerton_(azur_lane),1,碧蓝航线,141
napoli_(azur_lane),napoli_(azur_lane),0,碧蓝航线,140
bremerton_(pillowed_counseling)_(azur_lane),bremerton_(azur_lane),1,碧蓝航线,140
bataan_(azur_lane),bataan_(azur_lane),0,碧蓝航线,139
saint-louis_(holy_knight's_resplendence)_(azur_lane),saint-louis_(azur_lane),1,碧蓝航线,139
fritz_rumey_(azur_lane),fritz_rumey_(azur_lane),0,碧蓝航线,139
luetzow_(azur_lane),luetzow_(azur_lane),0,碧蓝航线,136
terror_(azur_lane),terror_(azur_lane),0,碧蓝航线,135
boise_(azur_lane),boise_(azur_lane),0,碧蓝航线,135
ping_hai_(summer_vacation)_(azur_lane),ping_hai_(azur_lane),1,碧蓝航线,135
bismarck_(beacon_of_the_iron_blood)_(azur_lane),bismarck_(azur_lane),1,碧蓝航线,133
marblehead_(azur_lane),marblehead_(azur_lane),0,碧蓝航线,132
bluecher_(azur_lane),bluecher_(azur_lane),0,碧蓝航线,132
laffey_(retrofit)_(azur_lane),laffey_(azur_lane),1,碧蓝航线,132
murmansk_(azur_lane),murmansk_(azur_lane),0,碧蓝航线,131
cygnet_(retrofit)_(azur_lane),cygnet_(azur_lane),1,碧蓝航线,131
aquila_(sardegnian_shallows_and_sunshine)_(azur_lane),aquila_(azur_lane),1,碧蓝航线,130
anchorage_(dolphins_and_swim_lessons)_(azur_lane),anchorage_(azur_lane),1,碧蓝航线,130
nuernberg_(azur_lane),nuernberg_(azur_lane),0,碧蓝航线,129
voroshilov_(azur_lane),voroshilov_(azur_lane),0,碧蓝航线,129
renown_(azur_lane),renown_(azur_lane),0,碧蓝航线,128
reno_(reno_bunnino)_(azur_lane),reno_(azur_lane),1,碧蓝航线,128
formidable_(the_lover's_heart_flutters_on_duty)_(azur_lane),formidable_(azur_lane),1,碧蓝航线,128
haruna_(azur_lane),haruna_(azur_lane),0,碧蓝航线,127
algerie_(white_sand_paradise)_(azur_lane),algerie_(azur_lane),1,碧蓝航线,127
raffaello_(azur_lane),raffaello_(azur_lane),0,碧蓝航线,127
leipzig_(azur_lane),leipzig_(azur_lane),0,碧蓝航线,126
suruga_(azur_lane),suruga_(azur_lane),0,碧蓝航线,126
friedrich_carl_(azur_lane),friedrich_carl_(azur_lane),0,碧蓝航线,126
sirius_(rabbit_of_paradise)_(azur_lane),sirius_(azur_lane),1,碧蓝航线,126
shouhou_(azur_lane),shouhou_(azur_lane),0,碧蓝航线,125
suzutsuki_(azur_lane),suzutsuki_(azur_lane),0,碧蓝航线,125
north_carolina_(the_heart's_desire)_(azur_lane),north_carolina_(azur_lane),1,碧蓝航线,125
chang_chun_(azur_lane),chang_chun_(azur_lane),0,碧蓝航线,124
prinz_adalbert_(azur_lane),prinz_adalbert_(azur_lane),0,碧蓝航线,124
clemenceau_(azur_lane),clemenceau_(azur_lane),0,碧蓝航线,124
gneisenau_(nightmarish_succubus)_(azur_lane),gneisenau_(azur_lane),1,碧蓝航线,123
ting_an_(azur_lane),ting_an_(azur_lane),0,碧蓝航线,123
deutschland_(service_time?!)_(azur_lane),deutschland_(azur_lane),1,碧蓝航线,122
champagne_(azur_lane),champagne_(azur_lane),0,碧蓝航线,121
illustrious_(muse)_(azur_lane),illustrious_(azur_lane),1,碧蓝航线,121
hammann_(rebellious_summer)_(azur_lane),hammann_(azur_lane),1,碧蓝航线,120
glorious_(pungent_plum)_(azur_lane),glorious_(azur_lane),1,碧蓝航线,119
new_jersey_(snow-white_ceremony)_(azur_lane),new_jersey_(azur_lane),1,碧蓝航线,119
javelin_(retrofit)_(azur_lane),javelin_(azur_lane),1,碧蓝航线,119
independence_(azur_lane),independence_(azur_lane),0,碧蓝航线,118
georgia_(azur_lane),georgia_(azur_lane),0,碧蓝航线,118
azuma_(soft_voice_of_spring)_(azur_lane),azuma_(azur_lane),1,碧蓝航线,118
argus_(azur_lane),argus_(azur_lane),0,碧蓝航线,118
fancy_(azur_lane),fancy_(azur_lane),0,碧蓝航线,118
cowpens_(milky_ministrations)_(azur_lane),cowpens_(azur_lane),1,碧蓝航线,118
chao_ho_(azur_lane),chao_ho_(azur_lane),0,碧蓝航线,117
bellona_(azur_lane),bellona_(azur_lane),0,碧蓝航线,117
vanguard_(azur_lane),vanguard_(azur_lane),0,碧蓝航线,117
yamashiro_(retrofit)_(azur_lane),yamashiro_(azur_lane),1,碧蓝航线,117
mecklenburg_(azur_lane),mecklenburg_(azur_lane),0,碧蓝航线,117
king_george_v_(azur_lane),king_george_v_(azur_lane),0,碧蓝航线,116
belfast_(the_noble_attendant)_(azur_lane),belfast_(azur_lane),1,碧蓝航线,115
roon_(muse)_(azur_lane),roon_(azur_lane),1,碧蓝航线,115
guam_(stage-setting_charmer)_(azur_lane),guam_(azur_lane),1,碧蓝航线,115
ulrich_von_hutten_(mayhem_maid)_(azur_lane),ulrich_von_hutten_(azur_lane),1,碧蓝航线,114
denver_(azur_lane),denver_(azur_lane),0,碧蓝航线,113
u-81_(azur_lane),u-81_(azur_lane),0,碧蓝航线,113
little_illustrious_(azur_lane),little_illustrious_(azur_lane),0,碧蓝航线,113
baltimore_(muse)_(azur_lane),baltimore_(azur_lane),1,碧蓝航线,113
zeppy_(azur_lane),zeppy_(azur_lane),0,碧蓝航线,113
isuzu_(azur_lane),isuzu_(azur_lane),0,碧蓝航线,112
u-556_(azur_lane),u-556_(azur_lane),0,碧蓝航线,112
helena_(meta)_(azur_lane),helena_(azur_lane),1,碧蓝航线,112
st._louis_(an_afternoon_on_the_lido_deck)_(azur_lane),st._louis_(azur_lane),1,碧蓝航线,112
indiana_(azur_lane),indiana_(azur_lane),0,碧蓝航线,112
vestal_(azur_lane),vestal_(azur_lane),0,碧蓝航线,111
sovetskaya_rossiya_(the_lackadaisical_lookout)_(azur_lane),sovetskaya_rossiya_(azur_lane),1,碧蓝航线,111
prince_of_wales_(sun_shining_upon_windsor)_(azur_lane),prince_of_wales_(azur_lane),1,碧蓝航线,111
kiev_(azur_lane),kiev_(azur_lane),0,碧蓝航线,111
pittsburgh_(azur_lane),pittsburgh_(azur_lane),0,碧蓝航线,111
scharnhorst_(azur_lane),scharnhorst_(azur_lane),0,碧蓝航线,110
hobby_(azur_lane),hobby_(azur_lane),0,碧蓝航线,110
bache_(showy_sports_star)_(azur_lane),bache_(azur_lane),1,碧蓝航线,110
queen_anne's_revenge_(azur_lane),queen_anne's_revenge_(azur_lane),0,碧蓝航线,110
yuudachi_(shogun_of_snowballs)_(azur_lane),yuudachi_(azur_lane),1,碧蓝航线,109
hibiki_(azur_lane),hibiki_(azur_lane),0,碧蓝航线,109
universal_bulin_(azur_lane),universal_bulin_(azur_lane),0,碧蓝航线,109
trento_(azur_lane),trento_(azur_lane),0,碧蓝航线,108
le_malin_(muse)_(azur_lane),le_malin_(azur_lane),1,碧蓝航线,108
aegir_(one-on-one_leisure_time)_(azur_lane),aegir_(azur_lane),1,碧蓝航线,108
admiral_zenker_(azur_lane),admiral_zenker_(azur_lane),0,碧蓝航线,108
aurora_(azur_lane),aurora_(azur_lane),0,碧蓝航线,107
ooshio_(azur_lane),ooshio_(azur_lane),0,碧蓝航线,107
south_dakota_(solo_concert)_(azur_lane),south_dakota_(azur_lane),1,碧蓝航线,107
seydlitz_(azur_lane),seydlitz_(azur_lane),0,碧蓝航线,107
kashino_(maid_for_mayhem)_(azur_lane),kashino_(azur_lane),1,碧蓝航线,107
maggiore_baracca_(azur_lane),maggiore_baracca_(azur_lane),0,碧蓝航线,107
ryuujou_(azur_lane),ryuujou_(azur_lane),0,碧蓝航线,106
nicholas_(azur_lane),nicholas_(azur_lane),0,碧蓝航线,106
asashio_(azur_lane),asashio_(azur_lane),0,碧蓝航线,106
i-13_(azur_lane),i-13_(azur_lane),0,碧蓝航线,106
u-110_(azur_lane),u-110_(azur_lane),0,碧蓝航线,106
st._louis_(blue_and_white_pottery)_(azur_lane),st._louis_(azur_lane),1,碧蓝航线,106
franklin_(heart-throbbing_records)_(azur_lane),franklin_(azur_lane),1,碧蓝航线,106
jintsuu_(azur_lane),jintsuu_(azur_lane),0,碧蓝航线,105
izumo_(azur_lane),izumo_(azur_lane),0,碧蓝航线,105
allen_m._sumner_(azur_lane),allen_m._sumner_(azur_lane),0,碧蓝航线,105
purifier_(azur_lane),purifier_(azur_lane),0,碧蓝航线,105
new_jersey_(black_blur_prelude)_(azur_lane),new_jersey_(azur_lane),1,碧蓝航线,105
london_(azur_lane),london_(azur_lane),0,碧蓝航线,104
ikazuchi_(azur_lane),ikazuchi_(azur_lane),0,碧蓝航线,104
ning_hai_(summer_hunger)_(azur_lane),ning_hai_(azur_lane),1,碧蓝航线,104
ajax_(retrofit)_(azur_lane),ajax_(azur_lane),1,碧蓝航线,104
alvitr_(azur_lane),alvitr_(azur_lane),0,碧蓝航线,104
prinz_eugen_(between_tipsiness_and_a_wager)_(azur_lane),prinz_eugen_(azur_lane),1,碧蓝航线,104
inazuma_(azur_lane),inazuma_(azur_lane),0,碧蓝航线,103
illustrious_(never-ending_tea_party)_(azur_lane),illustrious_(azur_lane),1,碧蓝航线,103
roon_(dark_red_grin)_(azur_lane),roon_(azur_lane),1,碧蓝航线,103
sakawa_(azur_lane),sakawa_(azur_lane),0,碧蓝航线,103
crescent_(azur_lane),crescent_(azur_lane),0,碧蓝航线,102
enterprise_(reindeer_master)_(azur_lane),enterprise_(azur_lane),1,碧蓝航线,102
jean_bart_(uninhibited_bloodstone)_(azur_lane),jean_bart_(azur_lane),1,碧蓝航线,102
cooper_(azur_lane),cooper_(azur_lane),0,碧蓝航线,102
owari_(my_wish_is_for_love)_(azur_lane),owari_(azur_lane),1,碧蓝航线,102
atago_(full_moon's_feral_wolf)_(azur_lane),atago_(azur_lane),1,碧蓝航线,102
pearl_(azur_lane),pearl_(azur_lane),0,碧蓝航线,102
columbia_(azur_lane),columbia_(azur_lane),0,碧蓝航线,101
belfast_(piping-hot_perfection)_(azur_lane),belfast_(azur_lane),1,碧蓝航线,101
bruenhilde_(azur_lane),bruenhilde_(azur_lane),0,碧蓝航线,101
yoizuki_(azur_lane),yoizuki_(azur_lane),0,碧蓝航线,100
felix_schultz_(azur_lane),felix_schultz_(azur_lane),0,碧蓝航线,100
kearsarge_(springtime_monitoring)_(azur_lane),kearsarge_(azur_lane),1,碧蓝航线,100
lion_(the_reclining_dandelion)_(azur_lane),lion_(azur_lane),1,碧蓝航线,100
bois_belleau_(azur_lane),bois_belleau_(azur_lane),0,碧蓝航线,100
akagi_(ruby-laced_beauty)_(azur_lane),akagi_(azur_lane),1,碧蓝航线,99
yorktown_ii_(bright-sky_mermaid)_(azur_lane),yorktown_ii_(azur_lane),1,碧蓝航线,99
hood_(lady_of_the_shining_sun)_(azur_lane),hood_(azur_lane),1,碧蓝航线,97
regensburg_(dark_dragon_brilliant_beach)_(azur_lane),regensburg_(azur_lane),1,碧蓝航线,97
atago_(hallmarks_of_winter)_(azur_lane),atago_(azur_lane),1,碧蓝航线,95
akagi_(plum_and_snow)_(azur_lane),akagi_(azur_lane),1,碧蓝航线,94
dido_(muse)_(azur_lane),dido_(azur_lane),1,碧蓝航线,94
laffey_ii_(sleepy_on_a_busy_day)_(azur_lane),laffey_ii_(azur_lane),1,碧蓝航线,94
cheshire_(cait_sith_crooner)_(azur_lane),cheshire_(azur_lane),1,碧蓝航线,93
monarch_(black_gerard)_(azur_lane),monarch_(azur_lane),1,碧蓝航线,93
cheshire_(the_cat_in_the_magic_hat)_(azur_lane),cheshire_(azur_lane),1,碧蓝航线,91
kaga_(white_fox's_new_year)_(azur_lane),kaga_(azur_lane),1,碧蓝航线,90
gascogne_(tropical_environs_acclimation_service_equipment)_(azur_lane),gascogne_(azur_lane),1,碧蓝航线,90
swiftsure_(midsummer_special_service)_(azur_lane),swiftsure_(azur_lane),1,碧蓝航线,89
javelin_(slow_ahead!)_(azur_lane),javelin_(azur_lane),1,碧蓝航线,88
z46_(her_first_summer)_(azur_lane),z46_(azur_lane),1,碧蓝航线,88
z23_(upgrade_failure?!)_(azur_lane),z23_(azur_lane),1,碧蓝航线,88
kisaragi_(retrofit)_(azur_lane),kisaragi_(azur_lane),1,碧蓝航线,87
z11_(service_sincerity_and_insolvency)_(azur_lane),z11_(azur_lane),1,碧蓝航线,87
chen_hai_(retrofit)_(azur_lane),chen_hai_(azur_lane),1,碧蓝航线,86
laffey_(white_rabbit's_oath)_(azur_lane),laffey_(azur_lane),1,碧蓝航线,84
hakuhou_(floral_ninja_roleplay)_(azur_lane),hakuhou_(azur_lane),1,碧蓝航线,84
chapayev_(the_captive_cavalier)_(azur_lane),chapayev_(azur_lane),1,碧蓝航线,83
fritz_rumey_(schwarzes_kaninchen)_(azur_lane),fritz_rumey_(azur_lane),1,碧蓝航线,83
laffey_(bunny_idol_@unmotivated)_(azur_lane),laffey_(azur_lane),1,碧蓝航线,82
musashi_(violet_moonglow)_(azur_lane),musashi_(azur_lane),1,碧蓝航线,82
atago_(space_atago)_(greyeth)_(azur_lane),atago_(azur_lane),1,碧蓝航线,82
august_von_parseval_(the_unhulde's_midday_respite)_(azur_lane),august_von_parseval_(azur_lane),1,碧蓝航线,82
drake_(the_golden_hind's_respite)_(azur_lane),drake_(azur_lane),1,碧蓝航线,80
ayanami_(nightfall_raiment)_(azur_lane),ayanami_(azur_lane),1,碧蓝航线,80
tashkent_(muse)_(azur_lane),tashkent_(azur_lane),1,碧蓝航线,80
atago_(lily-white_vow)_(azur_lane),atago_(azur_lane),1,碧蓝航线,80
hindenburg_(dancer_of_the_deep_chamber)_(azur_lane),hindenburg_(azur_lane),1,碧蓝航线,80
ayanami_(rock_'n'_demon)_(azur_lane),ayanami_(azur_lane),1,碧蓝航线,79
vampire_(little_devil_in_white)_(azur_lane),vampire_(azur_lane),1,碧蓝航线,78
scylla_(a_maid's_judgment)_(azur_lane),scylla_(azur_lane),1,碧蓝航线,78
pamiat_merkuria_(caged_minx)_(azur_lane),pamiat_merkuria_(azur_lane),1,碧蓝航线,77
baltimore_(evening_breeze_minuet)_(azur_lane),baltimore_(azur_lane),1,碧蓝航线,76
tirpitz_(snow-melting_summer)_(azur_lane),tirpitz_(azur_lane),1,碧蓝航线,75
honolulu_(among_the_stalls)_(azur_lane),honolulu_(azur_lane),1,碧蓝航线,75
noshiro_(hold_the_ice)_(azur_lane),noshiro_(azur_lane),1,碧蓝航线,75
cleopatra_(stars_and_roses)_(azur_lane),cleopatra_(azur_lane),1,碧蓝航线,75
cygnet_(royal_fanfare)_(azur_lane),cygnet_(azur_lane),1,碧蓝航线,74
ayanami_(low-key_idol_@confused)_(azur_lane),ayanami_(azur_lane),1,碧蓝航线,73
kaga_(exalted_white_wings)_(azur_lane),kaga_(azur_lane),1,碧蓝航线,73
bismarck_zwei_(crystal-clear_holiday)_(azur_lane),bismarck_zwei_(azur_lane),1,碧蓝航线,73
helena_(shimmering_triangle_wave)_(azur_lane),helena_(azur_lane),1,碧蓝航线,73
leander_(retrofit)_(azur_lane),leander_(azur_lane),1,碧蓝航线,73
cygnet_(sea_star_on_shore)_(azur_lane),cygnet_(azur_lane),1,碧蓝航线,72
janus_(fright-night_scaredy-cat)_(azur_lane),janus_(azur_lane),1,碧蓝航线,72
kashino_(robust_floral_strings)_(azur_lane),kashino_(azur_lane),1,碧蓝航线,71
hermione_(pure_white_angel)_(azur_lane),hermione_(azur_lane),1,碧蓝航线,70
taihou_(meta)_(azur_lane),taihou_(azur_lane),1,碧蓝航线,70
enterprise_(anniversary_ride)_(azur_lane),enterprise_(azur_lane),1,碧蓝航线,69
ayanami_(lunar_demon)_(azur_lane),ayanami_(azur_lane),1,碧蓝航线,69
kronshtadt_(begin_the_rush!)_(azur_lane),kronshtadt_(azur_lane),1,碧蓝航线,69
shigure_(retrofit)_(azur_lane),shigure_(azur_lane),1,碧蓝航线,69
prinz_eugen_(brilliant_touchdown)_(azur_lane),prinz_eugen_(azur_lane),1,碧蓝航线,69
maggiore_baracca_(the_god_craves_punishment)_(azur_lane),maggiore_baracca_(azur_lane),1,碧蓝航线,69
saint-louis_(alluring_administrator)_(azur_lane),saint-louis_(azur_lane),1,碧蓝航线,68
ayanami_(demon's_finest_dress)_(azur_lane),ayanami_(azur_lane),1,碧蓝航线,68
elbe_(time_to_show_off?)_(azur_lane),elbe_(azur_lane),1,碧蓝航线,68
scylla_(femme_fatale_fresher)_(azur_lane),scylla_(azur_lane),1,碧蓝航线,68
nagato_(meta)_(azur_lane),nagato_(azur_lane),1,碧蓝航线,68
queen_anne's_revenge_(call_of_the_creeping_embrace)_(azur_lane),queen_anne's_revenge_(azur_lane),1,碧蓝航线,68
sirius_(white_rose)_(azur_lane),sirius_(azur_lane),1,碧蓝航线,67
swiftsure_(study_hall_cyclamen)_(azur_lane),swiftsure_(azur_lane),1,碧蓝航线,67
z23_(retrofit)_(azur_lane),z23_(azur_lane),1,碧蓝航线,67
hatsuzuki_(august's_first_romance)_(azur_lane),hatsuzuki_(azur_lane),1,碧蓝航线,67
sovetsky_soyuz_(stringed_interrogation)_(azur_lane),sovetsky_soyuz_(azur_lane),1,碧蓝航线,67
sovetskaya_belorussiya_(relaxation_stratagem)_(azur_lane),sovetskaya_belorussiya_(azur_lane),1,碧蓝航线,66
isokaze_(new_year's_campaign)_(azur_lane),isokaze_(azur_lane),1,碧蓝航线,66
z23_(philosophy_sensei)_(azur_lane),z23_(azur_lane),1,碧蓝航线,66
dunkerque_(afternoon_venus)_(azur_lane),dunkerque_(azur_lane),1,碧蓝航线,66
shimakaze_(the_white_rabbit_of_wonderland)_(azur_lane),shimakaze_(azur_lane),1,碧蓝航线,66
formidable_(anniversary_memories)_(azur_lane),formidable_(azur_lane),1,碧蓝航线,66
belfast_(the_pledge_of_claddagh)_(azur_lane),belfast_(azur_lane),1,碧蓝航线,65
enterprise_(diving_under_blue_skies)_(azur_lane),enterprise_(azur_lane),1,碧蓝航线,65
fumizuki_(sleepy_fairy)_(azur_lane),fumizuki_(azur_lane),1,碧蓝航线,64
laffey_(snow_rabbit_and_candy_apple)_(azur_lane),laffey_(azur_lane),1,碧蓝航线,64
jeanne_d'arc_(saintess_of_the_sea)_(azur_lane),jeanne_d'arc_(azur_lane),1,碧蓝航线,64
takao_(inner_cultivation)_(azur_lane),takao_(azur_lane),1,碧蓝航线,64
charybdis_(red_chamber_of_healing)_(azur_lane),charybdis_(azur_lane),1,碧蓝航线,63
elbe_(pure-hearted_bad_girl)_(azur_lane),elbe_(azur_lane),1,碧蓝航线,63
friedrich_der_grosse_(one_summer_night's_intimacy)_(azur_lane),friedrich_der_grosse_(azur_lane),1,碧蓝航线,63
ayanami_(pulse_of_the_new_year)_(azur_lane),ayanami_(azur_lane),1,碧蓝航线,62
friedrich_der_grosse_(dark_raiments_of_gagaku)_(azur_lane),friedrich_der_grosse_(azur_lane),1,碧蓝航线,62
z23_(schwarze_hochzeit)_(azur_lane),z23_(azur_lane),1,碧蓝航线,62
saratoga_(seven_seas_of_rest)_(azur_lane),saratoga_(azur_lane),1,碧蓝航线,62
cleveland_(gentry_knight)_(azur_lane),cleveland_(azur_lane),1,碧蓝航线,61
musashi_(purest_wisteria)_(azur_lane),musashi_(azur_lane),1,碧蓝航线,61
de_zeven_provincien_(snuggling_for_warmth)_(azur_lane),de_zeven_provincien_(azur_lane),1,碧蓝航线,61
albion_(a_fairy-tale_breakfast)_(azur_lane),albion_(azur_lane),1,碧蓝航线,61
anchorage_(sweet_evening_milk)_(azur_lane),anchorage_(azur_lane),1,碧蓝航线,61
unicorn_(a_dream_of_pure_vows)_(azur_lane),unicorn_(azur_lane),1,碧蓝航线,60
illustrious_(illustrious_ball)_(azur_lane),illustrious_(azur_lane),1,碧蓝航线,60
ulrich_von_hutten_(ignition_matrician)_(azur_lane),ulrich_von_hutten_(azur_lane),1,碧蓝航线,60
noshiro_(dressed-up_date)_(azur_lane),noshiro_(azur_lane),1,碧蓝航线,60
bremerton_(western_cowgirl)_(azur_lane),bremerton_(azur_lane),1,碧蓝航线,60
mogador_(diving_for_desire)_(azur_lane),mogador_(azur_lane),1,碧蓝航线,60
essex_(craft_fairytail)_(azur_lane),essex_(azur_lane),1,碧蓝航线,59
cygnet_(an_offer_to_be_maid)_(azur_lane),cygnet_(azur_lane),1,碧蓝航线,59
hakuryuu_(slice_dice_and_serve)_(azur_lane),hakuryuu_(azur_lane),1,碧蓝航线,59
plymouth_(heart-throbbing_refreshment)_(azur_lane),plymouth_(azur_lane),1,碧蓝航线,59
alvitr_(muspel's_torrid_secrets)_(azur_lane),alvitr_(azur_lane),1,碧蓝航线,59
formidable_(rockin'_encore)_(azur_lane),formidable_(azur_lane),1,碧蓝航线,59
bois_belleau_(steamy_therapy)_(azur_lane),bois_belleau_(azur_lane),1,碧蓝航线,59
unicorn_(little_star_songstress)_(azur_lane),unicorn_(azur_lane),1,碧蓝航线,58
eldridge_(holy_night's_embrace)_(azur_lane),eldridge_(azur_lane),1,碧蓝航线,58
duke_of_york_(prestige_of_the_glorious_formula)_(azur_lane),duke_of_york_(azur_lane),1,碧蓝航线,58
st._louis_(spirits_in_the_snow)_(azur_lane),st._louis_(azur_lane),1,碧蓝航线,58
nagato_(old_design)_(azur_lane),nagato_(azur_lane),1,碧蓝航线,58
kumano_(fancy_waves)_(azur_lane),kumano_(azur_lane),1,碧蓝航线,57
admiral_zenker_(fun_with...interrogations?)_(azur_lane),admiral_zenker_(azur_lane),1,碧蓝航线,57
enterprise_(heroic_finery)_(azur_lane),enterprise_(azur_lane),1,碧蓝航线,56
friedrich_der_grosse_(zeremonie_of_the_cradle)_(azur_lane),friedrich_der_grosse_(azur_lane),1,碧蓝航线,56
bremerton_(joyride_of_love)_(azur_lane),bremerton_(azur_lane),1,碧蓝航线,56
reno_(summer_spin-off)_(azur_lane),reno_(azur_lane),1,碧蓝航线,55
eldridge_(the_inquisitive_recluse)_(azur_lane),eldridge_(azur_lane),1,碧蓝航线,55
long_island_(long_island_-_indoor_slacker)_(azur_lane),long_island_(azur_lane),1,碧蓝航线,55
pamiat_merkuria_(playboy_bunny)_(azur_lane),pamiat_merkuria_(azur_lane),1,碧蓝航线,55
admiral_graf_spee_(a_novel_anniversary)_(azur_lane),admiral_graf_spee_(azur_lane),1,碧蓝航线,54
ping_hai_(osmanthus_moon_rabbit)_(azur_lane),ping_hai_(azur_lane),1,碧蓝航线,54
littorio_(calabria_aurea)_(azur_lane),littorio_(azur_lane),1,碧蓝航线,54
yukikaze_(sovereign_of_the_swing)_(azur_lane),yukikaze_(azur_lane),1,碧蓝航线,54
janus_(fear_of_changing...clothes)_(azur_lane),janus_(azur_lane),1,碧蓝航线,54
helena_(retrofit)_(azur_lane),helena_(azur_lane),1,碧蓝航线,54
enterprise_(starlight_oath)_(azur_lane),enterprise_(azur_lane),1,碧蓝航线,53
trento_(summer's_hotness?)_(azur_lane),trento_(azur_lane),1,碧蓝航线,53
prince_of_wales_(the_laureate's_victory_lap)_(azur_lane),prince_of_wales_(azur_lane),1,碧蓝航线,53
amagi_(cv)_(throne_of_fallen_petals)_(azur_lane),amagi_(azur_lane),1,碧蓝航线,53
takao_(the_lessons_of_spring)_(azur_lane),takao_(azur_lane),1,碧蓝航线,52
napoli_(dreamy_night)_(azur_lane),napoli_(azur_lane),1,碧蓝航线,52
pamiat_merkuria_(sweet_cherry_memories)_(azur_lane),pamiat_merkuria_(azur_lane),1,碧蓝航线,51
chapayev_(white_cavalier's_respite)_(azur_lane),chapayev_(azur_lane),1,碧蓝航线,51
prinz_eugen_(kindred_evening_spirits)_(azur_lane),prinz_eugen_(azur_lane),1,碧蓝航线,51
minneapolis_(wild_huntress_schoolgirl)_(azur_lane),minneapolis_(azur_lane),1,碧蓝航线,50
warspite_(retrofit)_(azur_lane),warspite_(azur_lane),1,碧蓝航线,50
friedrich_carl_(a_game_of_love)_(azur_lane),friedrich_carl_(azur_lane),1,碧蓝航线,50
implacable_(her_beauty_runneth_over)_(azur_lane),implacable_(azur_lane),1,碧蓝航线,50
gouden_leeuw_(an_intimate_cleaning)_(azur_lane),gouden_leeuw_(azur_lane),1,碧蓝航线,50
prinz_heinrich_(fireworks_and_tapestries)_(azur_lane),prinz_heinrich_(azur_lane),1,碧蓝航线,49
yamashiro_(meta)_(azur_lane),yamashiro_(azur_lane),1,碧蓝航线,49
royal_fortune_(eyes_on_the_prize)_(azur_lane),royal_fortune_(azur_lane),1,碧蓝航线,49
pamiat_merkuria_(retrofit)_(azur_lane),pamiat_merkuria_(azur_lane),1,碧蓝航线,49
nagato_(guardian_fox's_blessed_bonds)_(azur_lane),nagato_(azur_lane),1,碧蓝航线,49
vampire_(the_breath_of_spring)_(azur_lane),vampire_(azur_lane),1,碧蓝航线,48
z23_(breezy_doubles)_(azur_lane),z23_(azur_lane),1,碧蓝航线,48
u-47_(rookie_rider)_(azur_lane),u-47_(azur_lane),1,碧蓝航线,48
bellona_(armed_to_clean)_(azur_lane),bellona_(azur_lane),1,碧蓝航线,48
london_(retrofit)_(azur_lane),london_(azur_lane),1,碧蓝航线,48
formidable_(muse)_(azur_lane),formidable_(azur_lane),1,碧蓝航线,48
new_jersey_(dancing_in_the_moonlight)_(azur_lane),new_jersey_(azur_lane),1,碧蓝航线,48
azuma_(career_counseling_for_the_groom)_(azur_lane),azuma_(azur_lane),1,碧蓝航线,48
nagato_(great_fox's_white_gown)_(azur_lane),nagato_(azur_lane),1,碧蓝航线,47
luetzow_(everlasting_blood_banquet)_(azur_lane),luetzow_(azur_lane),1,碧蓝航线,47
shimanto_(the_comfy_dragon_god)_(azur_lane),shimanto_(azur_lane),1,碧蓝航线,47
ting_an_(undercover_or_uncovered?!)_(azur_lane),ting_an_(azur_lane),1,碧蓝航线,47
brest_(moonlit_night's_spring_vista)_(azur_lane),brest_(azur_lane),1,碧蓝航线,47
shimanto_(the_relaxing_dragon_god)_(azur_lane),shimanto_(azur_lane),1,碧蓝航线,47
akagi_(deep_crimson_poppy)_(azur_lane),akagi_(azur_lane),1,碧蓝航线,46
admiral_hipper_(muse)_(azur_lane),admiral_hipper_(azur_lane),1,碧蓝航线,46
roon_(viridescent_lullaby)_(azur_lane),roon_(azur_lane),1,碧蓝航线,46
tb_(type-s)_(azur_lane),tb_(azur_lane),1,碧蓝航线,46
sovetsky_soyuz_(skyfall_agent)_(azur_lane),sovetsky_soyuz_(azur_lane),1,碧蓝航线,46
helena_(may_i_have_this_dance?)_(azur_lane),helena_(azur_lane),1,碧蓝航线,45
takao_(divine_exorcist's_blade)_(azur_lane),takao_(azur_lane),1,碧蓝航线,45
admiral_nakhimov_(cheerleading_mechanic?)_(azur_lane),admiral_nakhimov_(azur_lane),1,碧蓝航线,45
friedrich_der_grosse_(boudoir's_lingering_flame)_(azur_lane),friedrich_der_grosse_(azur_lane),1,碧蓝航线,45
yuudachi_(the_bride_of_solomon)_(azur_lane),yuudachi_(azur_lane),1,碧蓝航线,44
ning_hai_(moon_palace_rabbit)_(azur_lane),ning_hai_(azur_lane),1,碧蓝航线,44
littorio_(the_glory_of_naples)_(azur_lane),littorio_(azur_lane),1,碧蓝航线,44
duca_degli_abruzzi_(lustrous_onyx_sirenetta)_(azur_lane),duca_degli_abruzzi_(azur_lane),1,碧蓝航线,44
azuma_(lily-white_longing)_(azur_lane),azuma_(azur_lane),1,碧蓝航线,44
javelin_(blissful_purity)_(azur_lane),javelin_(azur_lane),1,碧蓝航线,44
hood_(gentlewoman_and_stallion)_(azur_lane),hood_(azur_lane),1,碧蓝航线,44
perseus_(spring_lackadaisical_leisure)_(azur_lane),perseus_(azur_lane),1,碧蓝航线,44
mecklenburg_(branding_witchcraft)_(azur_lane),mecklenburg_(azur_lane),1,碧蓝航线,44
eldridge_(kitty_idol)_(azur_lane),eldridge_(azur_lane),1,碧蓝航线,43
zuikaku_(ceremonial_crane)_(azur_lane),zuikaku_(azur_lane),1,碧蓝航线,43
laffey_(bunny_clerk?)_(azur_lane),laffey_(azur_lane),1,碧蓝航线,42
deutschland_(demon_princess'_dark_hour_banquet)_(azur_lane),deutschland_(azur_lane),1,碧蓝航线,42
bache_(gorgeous_speed-star)_(azur_lane),bache_(azur_lane),1,碧蓝航线,42
vampire_(eloi's_blessing)_(azur_lane),vampire_(azur_lane),1,碧蓝航线,42
honolulu_(manjuu_mischief)_(azur_lane),honolulu_(azur_lane),1,碧蓝航线,42
cheshire_(the_cat_and_the_white_steed)_(azur_lane),cheshire_(azur_lane),1,碧蓝航线,42
bismarck_(iron_black_elysium)_(azur_lane),bismarck_(azur_lane),1,碧蓝航线,42
howe_(pastry_princess)_(azur_lane),howe_(azur_lane),1,碧蓝航线,42
shimakaze_(world's_speediest_bunny_waitress)_(azur_lane),shimakaze_(azur_lane),1,碧蓝航线,42
brest_(marine_muse)_(azur_lane),brest_(azur_lane),1,碧蓝航线,42
z46_(girls'_relay)_(azur_lane),z46_(azur_lane),1,碧蓝航线,41
i-19_(pillowy_paradise)_(azur_lane),i-19_(azur_lane),1,碧蓝航线,41
boise_(sheepish_sapphire)_(azur_lane),boise_(azur_lane),1,碧蓝航线,41
fusou_(meta)_(azur_lane),fusou_(azur_lane),1,碧蓝航线,41
foch_(rainbow_rendezvous)_(azur_lane),foch_(azur_lane),1,碧蓝航线,41
akagi_(dawn_phoenix's_summons)_(azur_lane),akagi_(azur_lane),1,碧蓝航线,41
vanguard_(half-hearted_masquerade)_(azur_lane),vanguard_(azur_lane),1,碧蓝航线,41
golden_hind_(forlorn_femme_fatale)_(azur_lane),golden_hind_(azur_lane),1,碧蓝航线,41
washington_(making_the_rounds)_(azur_lane),washington_(azur_lane),1,碧蓝航线,41
nagato_(guardian_fox's_shining_furisode)_(azur_lane),nagato_(azur_lane),1,碧蓝航线,40
noshiro_(uncharted_festival_grounds?)_(azur_lane),noshiro_(azur_lane),1,碧蓝航线,40
murmansk_(sceneries_of_pure_snow)_(azur_lane),murmansk_(azur_lane),1,碧蓝航线,40
laffey_(sleep_to_clean_another_day)_(azur_lane),laffey_(azur_lane),1,碧蓝航线,40
noshiro_(xanadu's_eventide)_(azur_lane),noshiro_(azur_lane),1,碧蓝航线,40
admiral_graf_spee_(world's_cutest)_(azur_lane),admiral_graf_spee_(azur_lane),1,碧蓝航线,40
rodney_(future_seaside_admiral)_(azur_lane),rodney_(azur_lane),1,碧蓝航线,40
yuudachi_(retrofit)_(azur_lane),yuudachi_(azur_lane),1,碧蓝航线,40
joffre_(blessings'_first_flight)_(azur_lane),joffre_(azur_lane),1,碧蓝航线,40
pittsburgh_(the_bartender's_gambit)_(azur_lane),pittsburgh_(azur_lane),1,碧蓝航线,40
alabama_(through_your_lens_my_everything)_(azur_lane),alabama_(azur_lane),1,碧蓝航线,40
laffey_(white_rabbit_welcomes_the_spring)_(azur_lane),laffey_(azur_lane),1,碧蓝航线,39
jade_(a_lick_of_summer)_(azur_lane),jade_(azur_lane),1,碧蓝航线,39
portland_(retrofit)_(azur_lane),portland_(azur_lane),1,碧蓝航线,39
shouhou_(retrofit)_(azur_lane),shouhou_(azur_lane),1,碧蓝航线,39
admiral_nakhimov_(first_time_in_the_limelight)_(azur_lane),admiral_nakhimov_(azur_lane),1,碧蓝航线,39
shigure_(attack_i-490!)_(azur_lane),shigure_(azur_lane),1,碧蓝航线,38
tallinn_(nostalgic_pilsner)_(azur_lane),tallinn_(azur_lane),1,碧蓝航线,38
hood_(dawnlight's_dame)_(azur_lane),hood_(azur_lane),1,碧蓝航线,38
noshiro_(cozy_enclave)_(azur_lane),noshiro_(azur_lane),1,碧蓝航线,38
asashio_(the_transfer_student_underneath_the_dancing_petals)_(azur_lane),asashio_(azur_lane),1,碧蓝航线,38
z23_(the_eyecatch_in_the_rye?)_(azur_lane),z23_(azur_lane),1,碧蓝航线,38
marco_polo_(the_queen_of_hearts)_(azur_lane),marco_polo_(azur_lane),1,碧蓝航线,38
prinz_heinrich_(rabbit_on_watch)_(azur_lane),prinz_heinrich_(azur_lane),1,碧蓝航线,38
voroshilov_(devoted_as_the_warm_snow)_(azur_lane),voroshilov_(azur_lane),1,碧蓝航线,38
bismarck_(unpacked_surprise)_(azur_lane),bismarck_(azur_lane),1,碧蓝航线,38
taihou_(private_quarters)_(azur_lane),taihou_(azur_lane),1,碧蓝航线,38
ayanami_(grade_a_sailor_uniform)_(azur_lane),ayanami_(azur_lane),1,碧蓝航线,37
javelin_(energetic_idol_@120%_motivation!)_(azur_lane),javelin_(azur_lane),1,碧蓝航线,37
z23_(serious_idol_@acting_manager?!)_(azur_lane),z23_(azur_lane),1,碧蓝航线,37
kashino_(playboy_bunny)_(azur_lane),kashino_(azur_lane),1,碧蓝航线,37
yamashiro_(street_corner_offensive!)_(azur_lane),yamashiro_(azur_lane),1,碧蓝航线,36
howe_(noble_rouge)_(azur_lane),howe_(azur_lane),1,碧蓝航线,36
hiei_(moonlit_cruise)_(azur_lane),hiei_(azur_lane),1,碧蓝航线,36
hood_(rosey_love_poem)_(azur_lane),hood_(azur_lane),1,碧蓝航线,36
ark_royal_(coast_watcher)_(azur_lane),ark_royal_(azur_lane),1,碧蓝航线,36
ying_swei_(frolicking_flowers_verse_i)_(azur_lane),ying_swei_(azur_lane),1,碧蓝航线,36
ulrich_von_hutten_(what_comes_after_the_bell)_(azur_lane),ulrich_von_hutten_(azur_lane),1,碧蓝航线,36
yorktown_ii_(an_evening's_companionship)_(azur_lane),yorktown_ii_(azur_lane),1,碧蓝航线,36
yorktown_(evening_i_can't_remember)_(azur_lane),yorktown_(azur_lane),1,碧蓝航线,35
essex_(a_trip_down_route_66)_(azur_lane),essex_(azur_lane),1,碧蓝航线,35
javelin_(operation:_pillow_fight!)_(azur_lane),javelin_(azur_lane),1,碧蓝航线,35
yuudachi_(woofy_floofy_christmas_night)_(azur_lane),yuudachi_(azur_lane),1,碧蓝航线,35
tashkent_(the_blue_snoozer)_(azur_lane),tashkent_(azur_lane),1,碧蓝航线,35
trieste_(rooftop_lunch_break)_(azur_lane),trieste_(azur_lane),1,碧蓝航线,35
albion_(silvermoon_faerie_princess)_(azur_lane),albion_(azur_lane),1,碧蓝航线,35
argus_(a_hundred_sleepless_eye)_(azur_lane),argus_(azur_lane),1,碧蓝航线,35
queen_elizabeth_(meta)_(azur_lane),queen_elizabeth_(azur_lane),1,碧蓝航线,35
crescent_(retrofit)_(azur_lane),crescent_(azur_lane),1,碧蓝航线,35
ping_hai_(retrofit)_(azur_lane),ping_hai_(azur_lane),1,碧蓝航线,35
tashkent_(the_sprite's_snapshot)_(azur_lane),tashkent_(azur_lane),1,碧蓝航线,35
pearl_(fallen_angel_in_the_dark_castle)_(azur_lane),pearl_(azur_lane),1,碧蓝航线,35
z23_(the_banquet's_honor_student)_(azur_lane),z23_(azur_lane),1,碧蓝航线,34
neptune_(princess_of_the_reindeers)_(azur_lane),neptune_(azur_lane),1,碧蓝航线,34
prinz_adalbert_(after-hours_service)_(azur_lane),prinz_adalbert_(azur_lane),1,碧蓝航线,34
prinz_rupprecht_(the_gate_dragon_advent)_(azur_lane),prinz_rupprecht_(azur_lane),1,碧蓝航线,34
jade_(a_good_girl's_magic)_(azur_lane),jade_(azur_lane),1,碧蓝航线,34
"illustrious_(our_private_""study""_session)_(azur_lane)",illustrious_(azur_lane),1,碧蓝航线,34
raffaello_(protector_of_love_and_beauty)_(azur_lane),raffaello_(azur_lane),1,碧蓝航线,34
friedrich_carl_(tender_summer_care)_(azur_lane),friedrich_carl_(azur_lane),1,碧蓝航线,34
queen_elizabeth_(the_queen's_ball)_(azur_lane),queen_elizabeth_(azur_lane),1,碧蓝航线,33
i-19_(departure's_gentle_breeze)_(azur_lane),i-19_(azur_lane),1,碧蓝航线,33
allen_m._sumner_(charming_rabbit)_(azur_lane),allen_m._sumner_(azur_lane),1,碧蓝航线,33
shangri-la_(utopia's_collector)_(azur_lane),shangri-la_(azur_lane),1,碧蓝航线,33
elbing_(the_throne_of_misfortune)_(azur_lane),elbing_(azur_lane),1,碧蓝航线,33
janus_(a_lesson_in_billiards)_(azur_lane),janus_(azur_lane),1,碧蓝航线,33
regensburg_(the_dark_dragon's_dungeon)_(azur_lane),regensburg_(azur_lane),1,碧蓝航线,33
voroshilov_(the_nurse's_special_rehearsal)_(azur_lane),voroshilov_(azur_lane),1,碧蓝航线,33
enterprise_(blooming_peony)_(azur_lane),enterprise_(azur_lane),1,碧蓝航线,32
cleveland_(reaper_fever)_(azur_lane),cleveland_(azur_lane),1,碧蓝航线,32
monarch_(sovereign_of_the_beach)_(azur_lane),monarch_(azur_lane),1,碧蓝航线,32
argus_(dignified_swimsuit_training)_(azur_lane),argus_(azur_lane),1,碧蓝航线,32
akagi_(muse)_(azur_lane),akagi_(azur_lane),1,碧蓝航线,31
cleveland_(muse)_(azur_lane),cleveland_(azur_lane),1,碧蓝航线,31
akashi_(welcome_to_sofmap!)_(azur_lane),akashi_(azur_lane),1,碧蓝航线,31
cooper_(blazing_tennis_battle)_(azur_lane),cooper_(azur_lane),1,碧蓝航线,31
belfast_(serene_steel)_(azur_lane),belfast_(azur_lane),1,碧蓝航线,31
peter_strasser_(chronos's_kalendae)_(azur_lane),peter_strasser_(azur_lane),1,碧蓝航线,31
peter_strasser_(a_moment_frozen_in_pure_white)_(azur_lane),peter_strasser_(azur_lane),1,碧蓝航线,31
elbing_(sleepless_night's_wishes)_(azur_lane),elbing_(azur_lane),1,碧蓝航线,31
pamiat_merkuria_(meta)_(azur_lane),pamiat_merkuria_(azur_lane),1,碧蓝航线,31
neptune_(officer_bunneptune_is_on_the_case!)_(azur_lane),neptune_(azur_lane),1,碧蓝航线,31
new_jersey_(private_quarters)_(azur_lane),new_jersey_(azur_lane),1,碧蓝航线,31
akashi_(welcome_to_azurcon!)_(azur_lane),akashi_(azur_lane),1,碧蓝航线,30
kisaragi_(new_year's_wish)_(azur_lane),kisaragi_(azur_lane),1,碧蓝航线,30
akashi_(akashi's_in_the_red_nya!)_(azur_lane),akashi_(azur_lane),1,碧蓝航线,30
hakuryuu_(flash_of_silk_and_strings)_(azur_lane),hakuryuu_(azur_lane),1,碧蓝航线,30
tb_(young)_(azur_lane),tb_(azur_lane),1,碧蓝航线,30
fancy_(grave_of_your_liking)_(azur_lane),fancy_(azur_lane),1,碧蓝航线,30
helena_(basking_in_the_cypress'_warmth)_(azur_lane),helena_(azur_lane),1,碧蓝航线,30
tirpitz_(iron_blood_snowstorm)_(azur_lane),tirpitz_(azur_lane),1,碧蓝航线,29
kawakaze_(unsullied_white_fox)_(azur_lane),kawakaze_(azur_lane),1,碧蓝航线,29
yamashiro_(holiday_offensive)_(azur_lane),yamashiro_(azur_lane),1,碧蓝航线,29
fusou_(perfect_partner?)_(azur_lane),fusou_(azur_lane),1,碧蓝航线,29
enterprise_(meta)_(azur_lane),enterprise_(azur_lane),1,碧蓝航线,29
mutsuki_(retrofit)_(azur_lane),mutsuki_(azur_lane),1,碧蓝航线,29
illustrious_(sweet_afternoon_teatime)_(azur_lane),illustrious_(azur_lane),1,碧蓝航线,29
enterprise_(bathing_under_sunny_skies)_(azur_lane),enterprise_(azur_lane),1,碧蓝航线,29
shiratsuyu_(retrofit)_(azur_lane),shiratsuyu_(azur_lane),1,碧蓝航线,29
gascogne_(muse)_(azur_lane),gascogne_(azur_lane),1,碧蓝航线,28
gangut_(imposing_warden)_(azur_lane),gangut_(azur_lane),1,碧蓝航线,28
helena_(new_year's_bluebird)_(azur_lane),helena_(azur_lane),1,碧蓝航线,28
kiev_(backstreet_silver_sonata)_(azur_lane),kiev_(azur_lane),1,碧蓝航线,28
nagato_(guardian_fox's_procession)_(azur_lane),nagato_(azur_lane),1,碧蓝航线,28
mainz_(the_silkiest_brew)_(azur_lane),mainz_(azur_lane),1,碧蓝航线,28
anchorage_(moonlit_boat_ride)_(azur_lane),anchorage_(azur_lane),1,碧蓝航线,28
indiana_(high_noon_arrest)_(azur_lane),indiana_(azur_lane),1,碧蓝航线,28
shinano_(embrace_upon_a_melted_dream)_(azur_lane),shinano_(azur_lane),1,碧蓝航线,28
ayanami_(witch_in_ambush)_(azur_lane),ayanami_(azur_lane),1,碧蓝航线,27
saratoga_(retrofit)_(azur_lane),saratoga_(azur_lane),1,碧蓝航线,27
unicorn_(prayer_of_plum_and_snow)_(azur_lane),unicorn_(azur_lane),1,碧蓝航线,27
avrora_(shackled_saule)_(azur_lane),avrora_(azur_lane),1,碧蓝航线,27
prinz_eugen_(muse)_(azur_lane),prinz_eugen_(azur_lane),1,碧蓝航线,27
albacore_(muse)_(azur_lane),albacore_(azur_lane),1,碧蓝航线,27
noshiro_(fragrance_of_the_eastern_snow)_(azur_lane),noshiro_(azur_lane),1,碧蓝航线,27
ajax_(valentine's_reward?)_(azur_lane),ajax_(azur_lane),1,碧蓝航线,27
kasumi_(at_school_with_foo)_(azur_lane),kasumi_(azur_lane),1,碧蓝航线,27
le_temeraire_(summery_temeraire!)_(azur_lane),le_temeraire_(azur_lane),1,碧蓝航线,27
swiftsure_(beauty_of_white_jade)_(azur_lane),swiftsure_(azur_lane),1,碧蓝航线,27
chao_ho_(frolicking_flowers_verse_ii)_(azur_lane),chao_ho_(azur_lane),1,碧蓝航线,27
pamiat_merkuria_(mercurial_chocolate_love)_(azur_lane),pamiat_merkuria_(azur_lane),1,碧蓝航线,27
unicorn_(angelic_nurse)_(azur_lane),unicorn_(azur_lane),1,碧蓝航线,27
maya_(hunter_of_the_heart)_(azur_lane),maya_(azur_lane),1,碧蓝航线,27
shoukaku_(the_crane_that_dances_with_the_wind)_(azur_lane),shoukaku_(azur_lane),1,碧蓝航线,26
yamashiro_(sales_clerk_offensive?!)_(azur_lane),yamashiro_(azur_lane),1,碧蓝航线,26
yukikaze_(winter's_snowy_wind)_(azur_lane),yukikaze_(azur_lane),1,碧蓝航线,26
unicorn_(icy-sweet_storytime)_(azur_lane),unicorn_(azur_lane),1,碧蓝航线,26
duke_of_york_(eternal_night's_carola)_(azur_lane),duke_of_york_(azur_lane),1,碧蓝航线,26
javelin_(a_legend_is_born?!)_(azur_lane),javelin_(azur_lane),1,碧蓝航线,26
yat_sen_(paragon_of_celestial_grace)_(azur_lane),yat_sen_(azur_lane),1,碧蓝航线,26
suzuya_(midnight_care)_(azur_lane),suzuya_(azur_lane),1,碧蓝航线,26
roon_(the_abyssal_embrace)_(azur_lane),roon_(azur_lane),1,碧蓝航线,26
unzen_(arcane_ninja_knowledge)_(azur_lane),unzen_(azur_lane),1,碧蓝航线,26
javelin_(let's_become_waitresses!)_(azur_lane),javelin_(azur_lane),1,碧蓝航线,25
bataan_(comfy_cotton_jammies)_(azur_lane),bataan_(azur_lane),1,碧蓝航线,25
terror_(halloween_terror)_(azur_lane),terror_(azur_lane),1,碧蓝航线,25
tirpitz_(seasonal_pine_and_the_frost_flower)_(azur_lane),tirpitz_(azur_lane),1,碧蓝航线,25
richelieu_(evergreen_prophecy)_(azur_lane),richelieu_(azur_lane),1,碧蓝航线,25
suzutsuki_(suzutsuki_hanetsuki_adept!)_(azur_lane),suzutsuki_(azur_lane),1,碧蓝航线,25
belfast_(folded_fascination)_(azur_lane),belfast_(azur_lane),1,碧蓝航线,25
akashi_(the_black_cat_cometh!)_(azur_lane),akashi_(azur_lane),1,碧蓝航线,25
monarch_(white_warrick)_(azur_lane),monarch_(azur_lane),1,碧蓝航线,25
z46_(chronicles_of_the_dust_wars)_(azur_lane),z46_(azur_lane),1,碧蓝航线,25
neptune_(nereid's_invitation)_(azur_lane),neptune_(azur_lane),1,碧蓝航线,25
laffey_(sleepageddon)_(azur_lane),laffey_(azur_lane),1,碧蓝航线,25
chapayev_(melody_of_the_white_cavalier)_(azur_lane),chapayev_(azur_lane),1,碧蓝航线,25
choukai_(steal_your_heart)_(azur_lane),choukai_(azur_lane),1,碧蓝航线,25
z23_(perfect_smile?)_(azur_lane),z23_(azur_lane),1,碧蓝航线,24
glorious_(glorious_school_life)_(azur_lane),glorious_(azur_lane),1,碧蓝航线,24
suzutsuki_(beachside_attendant!)_(azur_lane),suzutsuki_(azur_lane),1,碧蓝航线,24
essex_(brush_and_ink)_(azur_lane),essex_(azur_lane),1,碧蓝航线,24
san_diego_(sandy_claus)_(azur_lane),san_diego_(azur_lane),1,碧蓝航线,24
indianapolis_(at_school_with_my_sister...)_(azur_lane),indianapolis_(azur_lane),1,碧蓝航线,24
nelson_(luna_witch)_(azur_lane),nelson_(azur_lane),1,碧蓝航线,24
kaga_(sacred_blue_lily)_(azur_lane),kaga_(azur_lane),1,碧蓝航线,24
kaga_(dusk-simurgh's_vigil)_(azur_lane),kaga_(azur_lane),1,碧蓝航线,24
ooshio_(let's_'ave_lunch)_(azur_lane),ooshio_(azur_lane),1,碧蓝航线,24
bruenhilde_(grain-seizing_grani)_(azur_lane),bruenhilde_(azur_lane),1,碧蓝航线,24
essex_(crossbones_especial)_(azur_lane),essex_(azur_lane),1,碧蓝航线,24
san_diego_(retrofit)_(azur_lane),san_diego_(azur_lane),1,碧蓝航线,24
monarch_(detective_arriving_on_the_scene)_(azur_lane),monarch_(azur_lane),1,碧蓝航线,24
tosa_(a_glimpse_of_greatness)_(azur_lane),tosa_(azur_lane),1,碧蓝航线,24
mainz_(a_blend_of_serenity)_(azur_lane),mainz_(azur_lane),1,碧蓝航线,24
sheffield_(muse)_(azur_lane),sheffield_(azur_lane),1,碧蓝航线,23
rodney_(one_day_as_a_trainee_clerk)_(azur_lane),rodney_(azur_lane),1,碧蓝航线,23
enterprise_(soaring_wings_of_freedom)_(azur_lane),enterprise_(azur_lane),1,碧蓝航线,23
hermione_(pure_white_holiday)_(azur_lane),hermione_(azur_lane),1,碧蓝航线,23
nagato_(guardian_fox's_vacation)_(azur_lane),nagato_(azur_lane),1,碧蓝航线,23
warspite_(christmas_warrior)_(azur_lane),warspite_(azur_lane),1,碧蓝航线,23
victorious_(the_goddess'_day_off)_(azur_lane),victorious_(azur_lane),1,碧蓝航线,23
bluecher_(high-altitude_head_over_heels)_(azur_lane),bluecher_(azur_lane),1,碧蓝航线,23
royal_fortune_(treats_from_the_deep)_(azur_lane),royal_fortune_(azur_lane),1,碧蓝航线,23
noshiro_(unwinding_in_the_sunshine)_(azur_lane),noshiro_(azur_lane),1,碧蓝航线,23
illustrious_(soft_light_and_a_melody)_(azur_lane),illustrious_(azur_lane),1,碧蓝航线,23
hiryuu_(retrofit)_(azur_lane),hiryuu_(azur_lane),1,碧蓝航线,23
z23_(tanz_der_blumen)_(azur_lane),z23_(azur_lane),1,碧蓝航线,23
unicorn_(snow_white_guardian_angel)_(azur_lane),unicorn_(azur_lane),1,碧蓝航线,23
duke_of_york_(the_chic_counselor)_(azur_lane),duke_of_york_(azur_lane),1,碧蓝航线,23
alsace_(tipsy_oni_on_a_sacred_night)_(azur_lane),alsace_(azur_lane),1,碧蓝航线,23
cleveland_(road_trip!)_(azur_lane),cleveland_(azur_lane),1,碧蓝航线,22
haruna_(free_time_before_class)_(azur_lane),haruna_(azur_lane),1,碧蓝航线,22
unicorn_(angelic_night)_(azur_lane),unicorn_(azur_lane),1,碧蓝航线,22
portland_(at_school_with_indy!)_(azur_lane),portland_(azur_lane),1,碧蓝航线,22
yamashiro_(dressy_black_cat)_(azur_lane),yamashiro_(azur_lane),1,碧蓝航线,22
hiryuu_(after_school_bullies)_(azur_lane),hiryuu_(azur_lane),1,碧蓝航线,22
ayanami_(dynamic_kick!)_(azur_lane),ayanami_(azur_lane),1,碧蓝航线,22
algerie_(meta)_(azur_lane),algerie_(azur_lane),1,碧蓝航线,22
kasumi_(retrofit)_(azur_lane),kasumi_(azur_lane),1,碧蓝航线,22
"felix_schultz_(sweet_sleepy_""revenge"")_(azur_lane)",felix_schultz_(azur_lane),1,碧蓝航线,22
albion_(scent_of_spring_in_the_red_pavilion)_(azur_lane),albion_(azur_lane),1,碧蓝航线,22
prinz_rupprecht_(midnight_pearl)_(azur_lane),prinz_rupprecht_(azur_lane),1,碧蓝航线,22
izumo_(tail-stirred_cocktail)_(azur_lane),izumo_(azur_lane),1,碧蓝航线,22
amagi_(cv)_(the_mermaid_of_the_emerald_sea)_(azur_lane),amagi_(azur_lane),1,碧蓝航线,22
essex_(start_line_splash)_(azur_lane),essex_(azur_lane),1,碧蓝航线,22
isuzu_(cozy_christmas_eve)_(azur_lane),isuzu_(azur_lane),1,碧蓝航线,21
albacore_(beneath_the_black_dress)_(azur_lane),albacore_(azur_lane),1,碧蓝航线,21
i-26_(deep-sea_rabbit)_(azur_lane),i-26_(azur_lane),1,碧蓝航线,21
hiryuu_(meta)_(azur_lane),hiryuu_(azur_lane),1,碧蓝航线,21
yamashiro_(vacation_offensive!)_(azur_lane),yamashiro_(azur_lane),1,碧蓝航线,21
z23_(keeper_of_the_comf-fort)_(azur_lane),z23_(azur_lane),1,碧蓝航线,21
yukikaze_(the_warmth_of_spring)_(azur_lane),yukikaze_(azur_lane),1,碧蓝航线,21
rodney_(immaculate_beauty)_(azur_lane),rodney_(azur_lane),1,碧蓝航线,21
chen_hai_(cerulean_ripples)_(azur_lane),chen_hai_(azur_lane),1,碧蓝航线,21
isuzu_(retrofit)_(azur_lane),isuzu_(azur_lane),1,碧蓝航线,21
long_island_(retrofit)_(azur_lane),long_island_(azur_lane),1,碧蓝航线,21
leipzig_(retrofit)_(azur_lane),leipzig_(azur_lane),1,碧蓝航线,21
chang_chun_(retrofit)_(azur_lane),chang_chun_(azur_lane),1,碧蓝航线,21
prinz_adalbert_(bathroom_slip_up)_(azur_lane),prinz_adalbert_(azur_lane),1,碧蓝航线,21
ark_royal_(guardian_of_the_ball)_(azur_lane),ark_royal_(azur_lane),1,碧蓝航线,20
hornet_(bubbly_anniversary!)_(azur_lane),hornet_(azur_lane),1,碧蓝航线,20
cygnet_(holy_night's_hymn)_(azur_lane),cygnet_(azur_lane),1,碧蓝航线,20
victorious_(guidance_of_the_spring_goddess)_(azur_lane),victorious_(azur_lane),1,碧蓝航线,20
i-19_(blossoming_bunny)_(azur_lane),i-19_(azur_lane),1,碧蓝航线,20
eldridge_(new_year's_outing)_(azur_lane),eldridge_(azur_lane),1,碧蓝航线,20
hanazuki_(blossoming_spring_resplendent_moon)_(azur_lane),hanazuki_(azur_lane),1,碧蓝航线,20
enterprise_(hms)_(azur_lane),enterprise_(azur_lane),1,碧蓝航线,20
helena_(miracle_in_white)_(azur_lane),helena_(azur_lane),1,碧蓝航线,20
takao_(meta)_(azur_lane),takao_(azur_lane),1,碧蓝航线,20
flandre_(if_love_is_a_sin_thou_art_forgiven)_(azur_lane),flandre_(azur_lane),1,碧蓝航线,20
tb_(type-l)_(azur_lane),tb_(azur_lane),1,碧蓝航线,20
peter_strasser_(lustrous_jade_of_the_golden_house)_(azur_lane),peter_strasser_(azur_lane),1,碧蓝航线,20
le_temeraire_(muse)_(azur_lane),le_temeraire_(azur_lane),1,碧蓝航线,20
boise_(muse)_(azur_lane),boise_(azur_lane),1,碧蓝航线,20
ying_swei_(blue_waves_limpid_summer)_(azur_lane),ying_swei_(azur_lane),1,碧蓝航线,20
guam_(the_kunoichi's_dangerous_variety_show)_(azur_lane),guam_(azur_lane),1,碧蓝航线,20
yamashiro_(bridal_attack!)_(azur_lane),yamashiro_(azur_lane),1,碧蓝航线,19
ibuki_(arrival_of_spring)_(azur_lane),ibuki_(azur_lane),1,碧蓝航线,19
ibuki_(winter_sylph's_reverie)_(azur_lane),ibuki_(azur_lane),1,碧蓝航线,19
vestal_(revigorating_hestia)_(azur_lane),vestal_(azur_lane),1,碧蓝航线,19
marblehead_(boxing_girl!)_(azur_lane),marblehead_(azur_lane),1,碧蓝航线,19
hobby_(little_idol_schoolgirl)_(azur_lane),hobby_(azur_lane),1,碧蓝航线,19
z46_(jianzhi_fantasia)_(azur_lane),z46_(azur_lane),1,碧蓝航线,19
"z1_leberecht_maass_(""rebellious""_top_student)_(azur_lane)",z1_leberecht_maass_(azur_lane),1,碧蓝航线,19
joffre_(ensorcelled_snow_white)_(azur_lane),joffre_(azur_lane),1,碧蓝航线,19
algerie_(red_queen's_decree)_(azur_lane),algerie_(azur_lane),1,碧蓝航线,19
kumano_(one_thousand_and_one_nights'_wishes)_(azur_lane),kumano_(azur_lane),1,碧蓝航线,19
sakawa_(the_colors_of_love)_(azur_lane),sakawa_(azur_lane),1,碧蓝航线,19
shimakaze_(the_island_wind_rests)_(azur_lane),shimakaze_(azur_lane),1,碧蓝航线,19
sims_(retrofit)_(azur_lane),sims_(azur_lane),1,碧蓝航线,19
noshiro_(muse)_(azur_lane),noshiro_(azur_lane),1,碧蓝航线,19
anchorage_(private_quarters)_(azur_lane),anchorage_(azur_lane),1,碧蓝航线,19
takao_(sakura_hanami)_(azur_lane),takao_(azur_lane),1,碧蓝航线,18
inazuma_(vanilla_pudding)_(azur_lane),inazuma_(azur_lane),1,碧蓝航线,18
georgia_(lanier_swan)_(azur_lane),georgia_(azur_lane),1,碧蓝航线,18
yuudachi_(carnivore_carnival!)_(azur_lane),yuudachi_(azur_lane),1,碧蓝航线,18
akashi_(white_cat's_repayment)_(azur_lane),akashi_(azur_lane),1,碧蓝航线,18
ning_hai_(dragon_sisters!_-n)_(azur_lane),ning_hai_(azur_lane),1,碧蓝航线,18
albacore_(a_catty_surprise!)_(azur_lane),albacore_(azur_lane),1,碧蓝航线,18
tb_(type-a)_(azur_lane),tb_(azur_lane),1,碧蓝航线,18
ning_hai_(retrofit)_(azur_lane),ning_hai_(azur_lane),1,碧蓝航线,18
allen_m._sumner_(two_faces_of_justice)_(azur_lane),allen_m._sumner_(azur_lane),1,碧蓝航线,18
ulrich_von_hutten_(liebestrank)_(azur_lane),ulrich_von_hutten_(azur_lane),1,碧蓝航线,18
georgia_(south_town_pearl)_(azur_lane),georgia_(azur_lane),1,碧蓝航线,17
hibiki_(new_year's_little_imp)_(azur_lane),hibiki_(azur_lane),1,碧蓝航线,17
yat_sen_(coronal_afterglow)_(azur_lane),yat_sen_(azur_lane),1,碧蓝航线,17
hiei_(beauty_of_the_white_sands)_(azur_lane),hiei_(azur_lane),1,碧蓝航线,17
jean_bart_(first_snow_upon_the_cutlass's_edge)_(azur_lane),jean_bart_(azur_lane),1,碧蓝航线,17
fubuki_(5_minutes_till_i'm_late)_(azur_lane),fubuki_(azur_lane),1,碧蓝航线,17
shigure_(the_ballroom's_lucky_star)_(azur_lane),shigure_(azur_lane),1,碧蓝航线,17
ping_hai_(dragon_sisters!_-p)_(azur_lane),ping_hai_(azur_lane),1,碧蓝航线,17
aquila_(a_sip_of_sardegnian_elegance)_(azur_lane),aquila_(azur_lane),1,碧蓝航线,17
queen_elizabeth_(yes_your_maidness!)_(azur_lane),queen_elizabeth_(azur_lane),1,碧蓝航线,17
pamiat_merkuria_(chic_and_cheeky)_(azur_lane),pamiat_merkuria_(azur_lane),1,碧蓝航线,17
champagne_(adulation_eternal)_(azur_lane),champagne_(azur_lane),1,碧蓝航线,17
littorio_(sitting_in_the_rain)_(azur_lane),littorio_(azur_lane),1,碧蓝航线,17
unicorn_(retrofit)_(azur_lane),unicorn_(azur_lane),1,碧蓝航线,17
yat_sen_(retrofit)_(azur_lane),yat_sen_(azur_lane),1,碧蓝航线,17
clemenceau_(splendid_breeze)_(azur_lane),clemenceau_(azur_lane),1,碧蓝航线,17
kinu_(retrofit)_(azur_lane),kinu_(azur_lane),1,碧蓝航线,17
shimakaze_(clumsy_moon_rabbit)_(azur_lane),shimakaze_(azur_lane),1,碧蓝航线,17
kongou_(muse)_(azur_lane),kongou_(azur_lane),1,碧蓝航线,17
kongou_(troubled_seas)_(azur_lane),kongou_(azur_lane),1,碧蓝航线,17
seydlitz_(an_officer's_streetwear)_(azur_lane),seydlitz_(azur_lane),1,碧蓝航线,17
trieste_(a_brush_of_springtime_ink)_(azur_lane),trieste_(azur_lane),1,碧蓝航线,17
yuudachi_(meta)_(azur_lane),yuudachi_(azur_lane),1,碧蓝航线,17
king_george_v_(rose's_regalia)_(azur_lane),king_george_v_(azur_lane),1,碧蓝航线,16
mikasa_(style_of_the_sakura_capital)_(azur_lane),mikasa_(azur_lane),1,碧蓝航线,16
ikazuchi_(sakura_tea)_(azur_lane),ikazuchi_(azur_lane),1,碧蓝航线,16
scharnhorst_(panther_und_pflaume)_(azur_lane),scharnhorst_(azur_lane),1,碧蓝航线,16
intrepid_(one_intrepid_pitch)_(azur_lane),intrepid_(azur_lane),1,碧蓝航线,16
minneapolis_(trapper_white)_(azur_lane),minneapolis_(azur_lane),1,碧蓝航线,16
erebus_(illusory_happiness)_(azur_lane),erebus_(azur_lane),1,碧蓝航线,16
colorado_(traveling_melody)_(azur_lane),colorado_(azur_lane),1,碧蓝航线,16
kongou_(breezy_commute)_(azur_lane),kongou_(azur_lane),1,碧蓝航线,16
emden_(moonsilver_union)_(azur_lane),emden_(azur_lane),1,碧蓝航线,16
prinz_heinrich_(heinrich_on_stage)_(azur_lane),prinz_heinrich_(azur_lane),1,碧蓝航线,16
nelson_(retrofit)_(azur_lane),nelson_(azur_lane),1,碧蓝航线,16
z1_leberecht_maass_(retrofit)_(azur_lane),z1_leberecht_maass_(azur_lane),1,碧蓝航线,16
prince_of_wales_(a_knight's_song_a_lady's_night)_(azur_lane),prince_of_wales_(azur_lane),1,碧蓝航线,16
souryuu_(retrofit)_(azur_lane),souryuu_(azur_lane),1,碧蓝航线,16
le_temeraire_(cheering_star)_(azur_lane),le_temeraire_(azur_lane),1,碧蓝航线,16
boise_(flawed_but_delectable)_(azur_lane),boise_(azur_lane),1,碧蓝航线,16
emden_(duet_of_guiding_stars)_(azur_lane),emden_(azur_lane),1,碧蓝航线,16
laffey_ii_(lady_laffey's_languid_tour)_(azur_lane),laffey_ii_(azur_lane),1,碧蓝航线,16
ibuki_(traces_of_summery_love)_(azur_lane),ibuki_(azur_lane),1,碧蓝航线,16
hammann_(hammanyan_pawnch!)_(azur_lane),hammann_(azur_lane),1,碧蓝航线,15
saratoga_(silent_night_songstress)_(azur_lane),saratoga_(azur_lane),1,碧蓝航线,15
georgia_(exalted_vibrance)_(azur_lane),georgia_(azur_lane),1,碧蓝航线,15
gangut_(keeper_of_the_firewater)_(azur_lane),gangut_(azur_lane),1,碧蓝航线,15
ayanami_(off-duty_battle_station_gear)_(azur_lane),ayanami_(azur_lane),1,碧蓝航线,15
kumano_(pj_poker_party)_(azur_lane),kumano_(azur_lane),1,碧蓝航线,15
montpelier_(flower_of_the_snowy_night)_(azur_lane),montpelier_(azur_lane),1,碧蓝航线,15
kongou_(hospital_talent)_(azur_lane),kongou_(azur_lane),1,碧蓝航线,15
u-110_(a_cute_sharky_reverie)_(azur_lane),u-110_(azur_lane),1,碧蓝航线,15
izumo_(izumo's_thousand_cherry_trees)_(azur_lane),izumo_(azur_lane),1,碧蓝航线,15
enterprise_(bon_voyage)_(azur_lane),enterprise_(azur_lane),1,碧蓝航线,15
ark_royal_(cafe_lookout)_(azur_lane),ark_royal_(azur_lane),1,碧蓝航线,15
trieste_(amore_termico)_(azur_lane),trieste_(azur_lane),1,碧蓝航线,15
amagi_(red_kite_respite)_(azur_lane),amagi_(azur_lane),1,碧蓝航线,15
laffey_(lazy_days)_(azur_lane),laffey_(azur_lane),1,碧蓝航线,15
javelin_(a_different_dance)_(azur_lane),javelin_(azur_lane),1,碧蓝航线,15
bluecher_(skyward_burning_love)_(azur_lane),bluecher_(azur_lane),1,碧蓝航线,15
eldridge_(retrofit)_(azur_lane),eldridge_(azur_lane),1,碧蓝航线,15
bismarck_(wedding_dominion)_(azur_lane),bismarck_(azur_lane),1,碧蓝航线,15
dunkerque_(meta)_(azur_lane),dunkerque_(azur_lane),1,碧蓝航线,15
kronshtadt_(animal_agent)_(azur_lane),kronshtadt_(azur_lane),1,碧蓝航线,15
roon_(enticement_in_the_indigo_darkness)_(azur_lane),roon_(azur_lane),1,碧蓝航线,15
ajax_(party_queen)_(azur_lane),ajax_(azur_lane),1,碧蓝航线,14
hammann_(prideful_fairy_of_the_ballroom)_(azur_lane),hammann_(azur_lane),1,碧蓝航线,14
hood_(porcelain_grace)_(azur_lane),hood_(azur_lane),1,碧蓝航线,14
suruga_(straightfaced_model_student)_(azur_lane),suruga_(azur_lane),1,碧蓝航线,14
noshiro_(a_tale_of_two_lovers)_(azur_lane),noshiro_(azur_lane),1,碧蓝航线,14
ibuki_(tranquil_sunya)_(azur_lane),ibuki_(azur_lane),1,碧蓝航线,14
"nicholas_(summer_cleaning_""volunteer"")_(azur_lane)",nicholas_(azur_lane),1,碧蓝航线,14
isuzu_(night_of_fairy_tale)_(azur_lane),isuzu_(azur_lane),1,碧蓝航线,14
fusou_(the_celebration_of_spring)_(azur_lane),fusou_(azur_lane),1,碧蓝航线,14
independence_(transfer_student_from_afar)_(azur_lane),independence_(azur_lane),1,碧蓝航线,14
emden_(white_black_partita)_(azur_lane),emden_(azur_lane),1,碧蓝航线,14
nicholas_(retrofit)_(azur_lane),nicholas_(azur_lane),1,碧蓝航线,14
anchorage_(oath_of_sunsets_and_fireworks)_(azur_lane),anchorage_(azur_lane),1,碧蓝航线,14
repulse_(dance_of_spring_blooms)_(azur_lane),repulse_(azur_lane),1,碧蓝航线,14
pamiat_merkuria_(pick_and_choose!)_(azur_lane),pamiat_merkuria_(azur_lane),1,碧蓝航线,14
cheshire_(white_seaside_melody)_(azur_lane),cheshire_(azur_lane),1,碧蓝航线,14
yoizuki_(sports_festival_preparations)_(azur_lane),yoizuki_(azur_lane),1,碧蓝航线,13
ibuki_(snow_on_the_wind)_(azur_lane),ibuki_(azur_lane),1,碧蓝航线,13
cleveland_(new_year's_challenge!)_(azur_lane),cleveland_(azur_lane),1,碧蓝航线,13
hiei_(fragrant_red_plum)_(azur_lane),hiei_(azur_lane),1,碧蓝航线,13
mutsuki_(spring_festival_sweets)_(azur_lane),mutsuki_(azur_lane),1,碧蓝航线,13
minneapolis_(extreme_games)_(azur_lane),minneapolis_(azur_lane),1,碧蓝航线,13
warspite_(under_pleasure)_(azur_lane),warspite_(azur_lane),1,碧蓝航线,13
marblehead_(charmer_in_the_snowy_reflection)_(azur_lane),marblehead_(azur_lane),1,碧蓝航线,13
fubuki_(stormy_waitress-in-training!)_(azur_lane),fubuki_(azur_lane),1,碧蓝航线,13
kaga_(gentle_blossom's_sigh)_(azur_lane),kaga_(azur_lane),1,碧蓝航线,13
kinu_(token_and_ghost)_(azur_lane),kinu_(azur_lane),1,碧蓝航线,13
rodney_(palace_of_blessings)_(azur_lane),rodney_(azur_lane),1,碧蓝航线,13
long_island_(long_island's_spooky_stream)_(azur_lane),long_island_(azur_lane),1,碧蓝航线,13
leipzig_(storefront_training)_(azur_lane),leipzig_(azur_lane),1,碧蓝航线,13
avrora_(not_cut_out_for_this?)_(azur_lane),avrora_(azur_lane),1,碧蓝航线,13
howe_(evening_marvels)_(azur_lane),howe_(azur_lane),1,碧蓝航线,13
hornet_(cheering_justice!)_(azur_lane),hornet_(azur_lane),1,碧蓝航线,13
u-556_(meta)_(azur_lane),u-556_(azur_lane),1,碧蓝航线,13
jintsuu_(retrofit)_(azur_lane),jintsuu_(azur_lane),1,碧蓝航线,13
yorktown_(towards_tomorrow's_brilliant_breeze)_(azur_lane),yorktown_(azur_lane),1,碧蓝航线,13
jean_bart_(springlight_etoiles)_(azur_lane),jean_bart_(azur_lane),1,碧蓝航线,13
tallinn_(night_of_full_moon_and_overflowing_love)_(azur_lane),tallinn_(azur_lane),1,碧蓝航线,13
cygnet_(winter_date)_(azur_lane),cygnet_(azur_lane),1,碧蓝航线,12
saratoga_(hibiscus-scented_idol)_(azur_lane),saratoga_(azur_lane),1,碧蓝航线,12
shouhou_(patrolling_witch)_(azur_lane),shouhou_(azur_lane),1,碧蓝航线,12
u-110_(kleiner_hai)_(azur_lane),u-110_(azur_lane),1,碧蓝航线,12
ryuujou_(slacking_samurai)_(azur_lane),ryuujou_(azur_lane),1,碧蓝航线,12
champagne_(lapis_lazuli's_first_dream)_(azur_lane),champagne_(azur_lane),1,碧蓝航线,12
nicholas_(after-school_promise)_(azur_lane),nicholas_(azur_lane),1,碧蓝航线,12
littorio_(lounging_emerald)_(azur_lane),littorio_(azur_lane),1,碧蓝航线,12
ooshio_(the_reindeer's_present)_(azur_lane),ooshio_(azur_lane),1,碧蓝航线,12
fubuki_(mascot_bucky)_(azur_lane),fubuki_(azur_lane),1,碧蓝航线,12
le_temeraire_(dreamy_dolce)_(azur_lane),le_temeraire_(azur_lane),1,碧蓝航线,12
vampire_(night_princess's_regalia)_(azur_lane),vampire_(azur_lane),1,碧蓝航线,12
jintsuu_(the_tactician's_vacation)_(azur_lane),jintsuu_(azur_lane),1,碧蓝航线,12
sheffield_(meta)_(azur_lane),sheffield_(azur_lane),1,碧蓝航线,12
akagi_(precipice_of_sweetness)_(azur_lane),akagi_(azur_lane),1,碧蓝航线,12
rodney_(meta)_(azur_lane),rodney_(azur_lane),1,碧蓝航线,12
long_island_(ghostly_receptionist)_(azur_lane),long_island_(azur_lane),1,碧蓝航线,12
chen_hai_(sylvan_gaden's_embroidery)_(azur_lane),chen_hai_(azur_lane),1,碧蓝航线,12
eldridge_(after-school_good_girl)_(azur_lane),eldridge_(azur_lane),1,碧蓝航线,12
zuikaku_(zoom_like_the_wind)_(azur_lane),zuikaku_(azur_lane),1,碧蓝航线,12
admiral_hipper_(meta)_(azur_lane),admiral_hipper_(azur_lane),1,碧蓝航线,12
chikuma_(premium_prize_on_the_table)_(azur_lane),chikuma_(azur_lane),1,碧蓝航线,12
murmansk_(chamber_of_fragrance)_(azur_lane),murmansk_(azur_lane),1,碧蓝航线,12
hornet_(meta)_(azur_lane),hornet_(azur_lane),1,碧蓝航线,12
glorious_(meta)_(azur_lane),glorious_(azur_lane),1,碧蓝航线,12
hatsuzuki_(luxurious_celebration_time)_(azur_lane),hatsuzuki_(azur_lane),1,碧蓝航线,12
chao_ho_(azur_ripples_shimmering_sun)_(azur_lane),chao_ho_(azur_lane),1,碧蓝航线,12
u-556_(party_knight!)_(azur_lane),u-556_(azur_lane),1,碧蓝航线,11
saratoga_(superstar_of_the_blue_seas)_(azur_lane),saratoga_(azur_lane),1,碧蓝航线,11
hanazuki_(morning_moon_beachside_flower)_(azur_lane),hanazuki_(azur_lane),1,碧蓝航线,11
kawakaze_(monochromatic_interlude)_(azur_lane),kawakaze_(azur_lane),1,碧蓝航线,11
z46_(star-lit_chocolate)_(azur_lane),z46_(azur_lane),1,碧蓝航线,11
hornet_(freshly-baked_bonding!)_(azur_lane),hornet_(azur_lane),1,碧蓝航线,11
mikasa_(blossom-viewing_season)_(azur_lane),mikasa_(azur_lane),1,碧蓝航线,11
mikasa_(reverence_for_rest_and_relaxation)_(azur_lane),mikasa_(azur_lane),1,碧蓝航线,11
yorktown_(saintly_wings)_(azur_lane),yorktown_(azur_lane),1,碧蓝航线,11
gneisenau_(meta)_(azur_lane),gneisenau_(azur_lane),1,碧蓝航线,11
choukai_(tidy_store_tidy_mind)_(azur_lane),choukai_(azur_lane),1,碧蓝航线,11
hermione_(pristine_herbalist)_(azur_lane),hermione_(azur_lane),1,碧蓝航线,11
prinz_heinrich_(secret_boss_o'_the_underworld?)_(azur_lane),prinz_heinrich_(azur_lane),1,碧蓝航线,11
newcastle_(retrofit)_(azur_lane),newcastle_(azur_lane),1,碧蓝航线,11
erebus_(meta)_(azur_lane),erebus_(azur_lane),1,碧蓝航线,11
mutsuki_(cotton_candy_dreams)_(azur_lane),mutsuki_(azur_lane),1,碧蓝航线,11
ryuujou_(the_dragon_slides_in!)_(azur_lane),ryuujou_(azur_lane),1,碧蓝航线,11
hakuryuu_(four_fine_layers)_(azur_lane),hakuryuu_(azur_lane),1,碧蓝航线,11
janus_(oath_under_the_morning_sun)_(azur_lane),janus_(azur_lane),1,碧蓝航线,11
amagi_(cv)_(moonlit_blossom_on_placid_seas)_(azur_lane),amagi_(azur_lane),1,碧蓝航线,11
seydlitz_(double_the_danger)_(azur_lane),seydlitz_(azur_lane),1,碧蓝航线,11
regensburg_(meta)_(azur_lane),regensburg_(azur_lane),1,碧蓝航线,11
august_von_parseval_(night_rendezvous_with_the_unhulde)_(azur_lane),august_von_parseval_(azur_lane),1,碧蓝航线,11
z23_(inky_antics)_(azur_lane),z23_(azur_lane),1,碧蓝航线,11
deutschland_(dark_demon_princess)_(azur_lane),deutschland_(azur_lane),1,碧蓝航线,10
sheffield_(a_moment's_respite)_(azur_lane),sheffield_(azur_lane),1,碧蓝航线,10
erebus_(wardrobe_witchery)_(azur_lane),erebus_(azur_lane),1,碧蓝航线,10
kasumi_(new_year's_comfort)_(azur_lane),kasumi_(azur_lane),1,碧蓝航线,10
suruga_(hundred_flower's_auspice)_(azur_lane),suruga_(azur_lane),1,碧蓝航线,10
sheffield_(cloak_and_dagger)_(azur_lane),sheffield_(azur_lane),1,碧蓝航线,10
hammann_(holy_night_surprise!)_(azur_lane),hammann_(azur_lane),1,碧蓝航线,10
asashio_(snow-dusted_lynx_tips)_(azur_lane),asashio_(azur_lane),1,碧蓝航线,10
ying_swei_(snowy_pine's_warmth)_(azur_lane),ying_swei_(azur_lane),1,碧蓝航线,10
baltimore_(ace's_travel_journal)_(azur_lane),baltimore_(azur_lane),1,碧蓝航线,10
sheffield_(black_crow's_finery)_(azur_lane),sheffield_(azur_lane),1,碧蓝航线,10
souryuu_(the_counselor_girl)_(azur_lane),souryuu_(azur_lane),1,碧蓝航线,10
u-47_(eigenen_raum)_(azur_lane),u-47_(azur_lane),1,碧蓝航线,10
souryuu_(the_crane_amidst_the_pines)_(azur_lane),souryuu_(azur_lane),1,碧蓝航线,10
essex_(detective_essex)_(azur_lane),essex_(azur_lane),1,碧蓝航线,10
isuzu_(charge_my_trusty_steeds!)_(azur_lane),isuzu_(azur_lane),1,碧蓝航线,10
alabama_(untarnished_silver_silken_gold)_(azur_lane),alabama_(azur_lane),1,碧蓝航线,10
argus_(cerulean_enthrallment)_(azur_lane),argus_(azur_lane),1,碧蓝航线,10
shiranui_(retrofit)_(azur_lane),shiranui_(azur_lane),1,碧蓝航线,10
hammann_(blushing_fellow)_(azur_lane),hammann_(azur_lane),1,碧蓝航线,10
unicorn_(champion_of_unicorn)_(azur_lane),unicorn_(azur_lane),1,碧蓝航线,10
mutsu_(old_design)_(azur_lane),mutsu_(azur_lane),1,碧蓝航线,10
colorado_(sunset_cavatina)_(azur_lane),colorado_(azur_lane),1,碧蓝航线,10
montpelier_(heat_relief_for_the_tipsy)_(azur_lane),montpelier_(azur_lane),1,碧蓝航线,10
tirpitz_(pit_stop_standby)_(azur_lane),tirpitz_(azur_lane),1,碧蓝航线,10
saint-louis_(holiness_to_haziness)_(azur_lane),saint-louis_(azur_lane),1,碧蓝航线,10
kawakaze_(guardian_fox_forever_loyal)_(azur_lane),kawakaze_(azur_lane),1,碧蓝航线,10
shiratsuyu_(is_the_order_a_torpedo?)_(azur_lane),shiratsuyu_(azur_lane),1,碧蓝航线,9
yuudachi_(meat_bun_hunter)_(azur_lane),yuudachi_(azur_lane),1,碧蓝航线,9
ning_hai_(gorgeous_violet)_(azur_lane),ning_hai_(azur_lane),1,碧蓝航线,9
ayanami_(covert_ops_cloak)_(azur_lane),ayanami_(azur_lane),1,碧蓝航线,9
minneapolis_(holy_night_ride)_(azur_lane),minneapolis_(azur_lane),1,碧蓝航线,9
montpelier_(persephone's_throne)_(azur_lane),montpelier_(azur_lane),1,碧蓝航线,9
ark_royal_(pure-white_protector)_(azur_lane),ark_royal_(azur_lane),1,碧蓝航线,9
chao_ho_(plum_blossom's_illumination)_(azur_lane),chao_ho_(azur_lane),1,碧蓝航线,9
san_diego_(no._1_june_bride!)_(azur_lane),san_diego_(azur_lane),1,碧蓝航线,9
kongou_(the_beauties_of_nature)_(azur_lane),kongou_(azur_lane),1,碧蓝航线,9
queen_elizabeth_(one_night_of_the_queen)_(azur_lane),queen_elizabeth_(azur_lane),1,碧蓝航线,9
queen_elizabeth_(queen_of_the_campus)_(azur_lane),queen_elizabeth_(azur_lane),1,碧蓝航线,9
saratoga_(spring's_opening_act!)_(azur_lane),saratoga_(azur_lane),1,碧蓝航线,9
u-81_(soft_serenade)_(azur_lane),u-81_(azur_lane),1,碧蓝航线,9
u-47_(urban_maid)_(azur_lane),u-47_(azur_lane),1,碧蓝航线,9
scharnhorst_(meta)_(azur_lane),scharnhorst_(azur_lane),1,碧蓝航线,9
jervis_(fluttering_in_the_fair_breeze)_(azur_lane),jervis_(azur_lane),1,碧蓝航线,9
tirpitz_(a_vase_for_the_frost_flower)_(azur_lane),tirpitz_(azur_lane),1,碧蓝航线,9
trento_(meta)_(azur_lane),trento_(azur_lane),1,碧蓝航线,9
vestal_(meta)_(azur_lane),vestal_(azur_lane),1,碧蓝航线,9
kiev_(vila_of_the_crystal_lake)_(azur_lane),kiev_(azur_lane),1,碧蓝航线,9
cleveland_(knight_of_the_pop-up_shop)_(azur_lane),cleveland_(azur_lane),1,碧蓝航线,9
z46_(the_bard_of_hamelin)_(azur_lane),z46_(azur_lane),1,碧蓝航线,9
eldridge_(afternoon_worship_in_the_woods)_(azur_lane),eldridge_(azur_lane),1,碧蓝航线,9
hakuryuu_(folded_over_a_thousand_times)_(azur_lane),hakuryuu_(azur_lane),1,碧蓝航线,9
admiral_nakhimov_(a_fresh_green_day)_(azur_lane),admiral_nakhimov_(azur_lane),1,碧蓝航线,9
janus_(shimmering_splashes_above_the_clouds)_(azur_lane),janus_(azur_lane),1,碧蓝航线,9
north_carolina_(unique_sunshine)_(azur_lane),north_carolina_(azur_lane),1,碧蓝航线,9
saratoga_(virtual_idol)_(azur_lane),saratoga_(azur_lane),1,碧蓝航线,8
aurora_(heritage_of_yu_city)_(azur_lane),aurora_(azur_lane),1,碧蓝航线,8
laffey_(picnic_adventure?)_(azur_lane),laffey_(azur_lane),1,碧蓝航线,8
independence_(the_independent_line)_(azur_lane),independence_(azur_lane),1,碧蓝航线,8
aurora_(garb_of_eternal_prosperity)_(azur_lane),aurora_(azur_lane),1,碧蓝航线,8
hermione_(graceful_afternoon_tea)_(azur_lane),hermione_(azur_lane),1,碧蓝航线,8
chang_chun_(the_joy_of_spring)_(azur_lane),chang_chun_(azur_lane),1,碧蓝航线,8
nicholas_(nurse_nicholas)_(azur_lane),nicholas_(azur_lane),1,碧蓝航线,8
aurora_(the_tale_of_spring)_(azur_lane),aurora_(azur_lane),1,碧蓝航线,8
edinburgh_(the_library_fairy)_(azur_lane),edinburgh_(azur_lane),1,碧蓝航线,8
illustrious_(resplendent_hibiscus)_(azur_lane),illustrious_(azur_lane),1,碧蓝航线,8
independence_(the_tailwind_of_opportunity)_(azur_lane),independence_(azur_lane),1,碧蓝航线,8
yoizuki_(firecrackers_and_steamed_buns)_(azur_lane),yoizuki_(azur_lane),1,碧蓝航线,8
ayanami_(dynasty_shipgirl)_(azur_lane),ayanami_(azur_lane),1,碧蓝航线,8
shigure_(lucky_chocolate)_(azur_lane),shigure_(azur_lane),1,碧蓝航线,8
sheffield_(bulletborne)_(azur_lane),sheffield_(azur_lane),1,碧蓝航线,8
seydlitz_(floral_liberation)_(azur_lane),seydlitz_(azur_lane),1,碧蓝航线,8
charybdis_(prim_sea_breeze)_(azur_lane),charybdis_(azur_lane),1,碧蓝航线,8
ting_an_(tender_white_jade)_(azur_lane),ting_an_(azur_lane),1,碧蓝航线,8
joffre_(sublime_elysium)_(azur_lane),joffre_(azur_lane),1,碧蓝航线,8
sakawa_(icy_indulgence)_(azur_lane),sakawa_(azur_lane),1,碧蓝航线,8
janus_(don't_turn_off_the_lights)_(azur_lane),janus_(azur_lane),1,碧蓝航线,8
elbing_(beauty_beneath_the_spring_limelight)_(azur_lane),elbing_(azur_lane),1,碧蓝航线,8
hermione_(winter_dearest)_(azur_lane),hermione_(azur_lane),1,碧蓝航线,8
colorado_(retrofit)_(azur_lane),colorado_(azur_lane),1,碧蓝航线,8
foch_(meta)_(azur_lane),foch_(azur_lane),1,碧蓝航线,8
kasumi_(meta)_(azur_lane),kasumi_(azur_lane),1,碧蓝航线,8
kawakaze_(meta)_(azur_lane),kawakaze_(azur_lane),1,碧蓝航线,8
sheffield_(occult_clash)_(azur_lane),sheffield_(azur_lane),1,碧蓝航线,8
akagi_(meta)_(azur_lane),akagi_(azur_lane),1,碧蓝航线,8
sovetskaya_belorussiya_(ripples_and_a_fluttering_veil)_(azur_lane),sovetskaya_belorussiya_(azur_lane),1,碧蓝航线,8
warspite_(the_grand_old_lady_sunders_all)_(azur_lane),warspite_(azur_lane),1,碧蓝航线,8
bremerton_(u-treasure)_(azur_lane),bremerton_(azur_lane),1,碧蓝航线,8
chao_ho_(retrofit)_(azur_lane),chao_ho_(azur_lane),1,碧蓝航线,8
universal_bulin_(transform!_magical_girl_bulin!)_(azur_lane),universal_bulin_(azur_lane),1,碧蓝航线,8
edinburgh_(candy_maid)_(azur_lane),edinburgh_(azur_lane),1,碧蓝航线,7
deutschland_(lantern-lit_ruler)_(azur_lane),deutschland_(azur_lane),1,碧蓝航线,7
z23_(cafe_trainee_@new_base)_(azur_lane),z23_(azur_lane),1,碧蓝航线,7
lexington_(the_beauty_of_spring)_(azur_lane),lexington_(azur_lane),1,碧蓝航线,7
inazuma_(flash_of_fireworks)_(azur_lane),inazuma_(azur_lane),1,碧蓝航线,7
indianapolis_(the_light_of_circle_city)_(azur_lane),indianapolis_(azur_lane),1,碧蓝航线,7
cooper_(heartwarming_holiday_hearth)_(azur_lane),cooper_(azur_lane),1,碧蓝航线,7
queen_elizabeth_(crown_jewel_of_the_royal_navy)_(azur_lane),queen_elizabeth_(azur_lane),1,碧蓝航线,7
souryuu_(meta)_(azur_lane),souryuu_(azur_lane),1,碧蓝航线,7
fubuki_(fubuki_halation!)_(azur_lane),fubuki_(azur_lane),1,碧蓝航线,7
nicholas_(surprise!?)_(azur_lane),nicholas_(azur_lane),1,碧蓝航线,7
cleveland_(heartfelt_moment)_(azur_lane),cleveland_(azur_lane),1,碧蓝航线,7
boise_(castle_tales)_(azur_lane),boise_(azur_lane),1,碧蓝航线,7
suruga_(uneventful_holiday_greetings)_(azur_lane),suruga_(azur_lane),1,碧蓝航线,7
reno_(spring's_inspiration)_(azur_lane),reno_(azur_lane),1,碧蓝航线,7
nelson_(azure_and_gold_summer_night)_(azur_lane),nelson_(azur_lane),1,碧蓝航线,7
seydlitz_(heir_of_the_vampire_killer)_(azur_lane),seydlitz_(azur_lane),1,碧蓝航线,7
washington_(jubilant_smile)_(azur_lane),washington_(azur_lane),1,碧蓝航线,7
saratoga_(ring_the_bell_of_joy)_(azur_lane),saratoga_(azur_lane),1,碧蓝航线,7
mutsu_(a_maid's_mis-service?)_(azur_lane),mutsu_(azur_lane),1,碧蓝航线,7
jintsuu_(meta)_(azur_lane),jintsuu_(azur_lane),1,碧蓝航线,7
luetzow_(steaming_hot_treat)_(azur_lane),luetzow_(azur_lane),1,碧蓝航线,7
marblehead_(not-so-serendipitous_rain)_(azur_lane),marblehead_(azur_lane),1,碧蓝航线,7
kaga_(snowsilk_fox_dance)_(azur_lane),kaga_(azur_lane),1,碧蓝航线,7
hiei_(meta)_(azur_lane),hiei_(azur_lane),1,碧蓝航线,7
shoukaku_(white_crane_of_domestic_bliss)_(azur_lane),shoukaku_(azur_lane),1,碧蓝航线,7
independence_(retrofit)_(azur_lane),independence_(azur_lane),1,碧蓝航线,7
graf_zeppelin_(intoxicating_crimson)_(azur_lane),graf_zeppelin_(azur_lane),1,碧蓝航线,7
boise_(meta)_(azur_lane),boise_(azur_lane),1,碧蓝航线,7
yat_sen_(pristine_waves_embrace_the_wind)_(azur_lane),yat_sen_(azur_lane),1,碧蓝航线,7
shimakaze_(the_unmoving_rabbit)_(azur_lane),shimakaze_(azur_lane),1,碧蓝航线,7
ying_swei_(retrofit)_(azur_lane),ying_swei_(azur_lane),1,碧蓝航线,7
aegir_(private_quarters)_(azur_lane),aegir_(azur_lane),1,碧蓝航线,7
admiral_hipper_(retrofit)_(azur_lane),admiral_hipper_(azur_lane),1,碧蓝航线,7
mutsuki_(mr._reindeer_depart!)_(azur_lane),mutsuki_(azur_lane),1,碧蓝航线,6
mutsu_(warring_states_warship)_(azur_lane),mutsu_(azur_lane),1,碧蓝航线,6
kinu_(new_year's_blade_demon)_(azur_lane),kinu_(azur_lane),1,碧蓝航线,6
ping_hai_(great_gourmet_expedition)_(azur_lane),ping_hai_(azur_lane),1,碧蓝航线,6
marblehead_(moongazing_on_the_29.5th)_(azur_lane),marblehead_(azur_lane),1,碧蓝航线,6
mikasa_(untarnished_splendor)_(azur_lane),mikasa_(azur_lane),1,碧蓝航线,6
asashio_(robes_of_dancing_clouds)_(azur_lane),asashio_(azur_lane),1,碧蓝航线,6
nuernberg_(spring_wanderer)_(azur_lane),nuernberg_(azur_lane),1,碧蓝航线,6
prince_of_wales_(sakura_elegance)_(azur_lane),prince_of_wales_(azur_lane),1,碧蓝航线,6
chapayev_(indigo_and_lantern_lit_summer_night)_(azur_lane),chapayev_(azur_lane),1,碧蓝航线,6
boise_(jade_mermaid)_(azur_lane),boise_(azur_lane),1,碧蓝航线,6
mikasa_(a_romantic_respite)_(azur_lane),mikasa_(azur_lane),1,碧蓝航线,6
london_(platinum_ceremony)_(azur_lane),london_(azur_lane),1,碧蓝航线,6
queen_elizabeth_(seaside_orders)_(azur_lane),queen_elizabeth_(azur_lane),1,碧蓝航线,6
mikasa_(beauty_in_indigo)_(azur_lane),mikasa_(azur_lane),1,碧蓝航线,6
yat_sen_(pristine_leaves_rich_warmth)_(azur_lane),yat_sen_(azur_lane),1,碧蓝航线,6
unicorn_(blissful_movement)_(azur_lane),unicorn_(azur_lane),1,碧蓝航线,6
london_(the_sterling_secretary)_(azur_lane),london_(azur_lane),1,碧蓝航线,6
ark_royal_(retrofit)_(azur_lane),ark_royal_(azur_lane),1,碧蓝航线,6
essex_(the_gale_of_course_88)_(azur_lane),essex_(azur_lane),1,碧蓝航线,6
fusou_(retrofit)_(azur_lane),fusou_(azur_lane),1,碧蓝航线,6
renown_(graceful_royal_pride)_(azur_lane),renown_(azur_lane),1,碧蓝航线,6
scylla_(bathed_in_the_limelight)_(azur_lane),scylla_(azur_lane),1,碧蓝航线,6
saratoga_(morning_over_azure_sky)_(azur_lane),saratoga_(azur_lane),1,碧蓝航线,6
ark_royal_(order_amidst_amusement)_(azur_lane),ark_royal_(azur_lane),1,碧蓝航线,6
essex_(retrofit)_(azur_lane),essex_(azur_lane),1,碧蓝航线,6
gascogne_(traveling_mood_mechanism)_(azur_lane),gascogne_(azur_lane),1,碧蓝航线,6
bismarck_zwei_(bathed_in_brightness_and_spirit)_(azur_lane),bismarck_zwei_(azur_lane),1,碧蓝航线,6
fubuki_(music_pixy)_(azur_lane),fubuki_(azur_lane),1,碧蓝航线,5
surcouf_(shopping_time!)_(azur_lane),surcouf_(azur_lane),1,碧蓝航线,5
ning_hai_(springtime_sojourn)_(azur_lane),ning_hai_(azur_lane),1,碧蓝航线,5
ping_hai_(delicious_crimson)_(azur_lane),ping_hai_(azur_lane),1,碧蓝航线,5
ikazuchi_(thunderous_festival)_(azur_lane),ikazuchi_(azur_lane),1,碧蓝航线,5
haruna_(the_elegant_lotus)_(azur_lane),haruna_(azur_lane),1,碧蓝航线,5
ryuujou_(dragon_hunter:_ryuujou's_rise)_(azur_lane),ryuujou_(azur_lane),1,碧蓝航线,5
newcastle_(hibiscus_garments)_(azur_lane),newcastle_(azur_lane),1,碧蓝航线,5
eldridge_(moon_festival_spacewalk)_(azur_lane),eldridge_(azur_lane),1,碧蓝航线,5
nagara_(spring_breeze_leisure)_(azur_lane),nagara_(azur_lane),1,碧蓝航线,5
isuzu_(accidental_overheat?)_(azur_lane),isuzu_(azur_lane),1,碧蓝航线,5
haruna_(scarlet_innocence)_(azur_lane),haruna_(azur_lane),1,碧蓝航线,5
independence_(liberty_and_leisure)_(azur_lane),independence_(azur_lane),1,碧蓝航线,5
i-26_(shortly_before_the_fireworks)_(azur_lane),i-26_(azur_lane),1,碧蓝航线,5
tallinn_(as_you_say_ma'am!)_(azur_lane),tallinn_(azur_lane),1,碧蓝航线,5
admiral_hipper_(sunshine_by_the_hot_spring)_(azur_lane),admiral_hipper_(azur_lane),1,碧蓝航线,5
repulse_(meta)_(azur_lane),repulse_(azur_lane),1,碧蓝航线,5
jintsuu_(the_gray_wolf's_ploy)_(azur_lane),jintsuu_(azur_lane),1,碧蓝航线,5
z23_(fries_and_smiles!)_(azur_lane),z23_(azur_lane),1,碧蓝航线,5
ayanami_(cola_fills_you_with_determination)_(azur_lane),ayanami_(azur_lane),1,碧蓝航线,5
chang_chun_(fortune_arrives_in_red)_(azur_lane),chang_chun_(azur_lane),1,碧蓝航线,5
vampire_(meta)_(azur_lane),vampire_(azur_lane),1,碧蓝航线,5
u-556_(prairie_knight)_(azur_lane),u-556_(azur_lane),1,碧蓝航线,5
grenville_(meta)_(azur_lane),grenville_(azur_lane),1,碧蓝航线,5
baltimore_(when_the_breeze_blows)_(azur_lane),baltimore_(azur_lane),1,碧蓝航线,5
bluecher_(the_after-school_wait)_(azur_lane),bluecher_(azur_lane),1,碧蓝航线,5
noshiro_(a_dip_in_the_moonlight)_(azur_lane),noshiro_(azur_lane),1,碧蓝航线,5
denver_(steam_dream)_(azur_lane),denver_(azur_lane),1,碧蓝航线,5
long_island_(bring_on_the_red_envelopes!)_(azur_lane),long_island_(azur_lane),1,碧蓝航线,5
i-13_(after-school_observations)_(azur_lane),i-13_(azur_lane),1,碧蓝航线,5
yorktown_(meta)_(azur_lane),yorktown_(azur_lane),1,碧蓝航线,5
ooshio_(woozy_party)_(azur_lane),ooshio_(azur_lane),1,碧蓝航线,4
ark_royal_(new_year's_protectress)_(azur_lane),ark_royal_(azur_lane),1,碧蓝航线,4
shiranui_(mooncake_merchant)_(azur_lane),shiranui_(azur_lane),1,碧蓝航线,4
shangri-la_(explorer_of_the_lost_world)_(azur_lane),shangri-la_(azur_lane),1,碧蓝航线,4
ping_hai_(baobao's_buddy!)_(azur_lane),ping_hai_(azur_lane),1,碧蓝航线,4
ark_royal_(meta)_(azur_lane),ark_royal_(azur_lane),1,碧蓝航线,4
ning_hai_(da_bao's_friend)_(azur_lane),ning_hai_(azur_lane),1,碧蓝航线,4
columbia_(across_the_vast_prairies)_(azur_lane),columbia_(azur_lane),1,碧蓝航线,4
ooshio_(bringer_of_fortunes)_(azur_lane),ooshio_(azur_lane),1,碧蓝航线,4
u-47_(sanguine_moon_sojourn)_(azur_lane),u-47_(azur_lane),1,碧蓝航线,4
cleveland_(southbound_journey)_(azur_lane),cleveland_(azur_lane),1,碧蓝航线,4
laffey_(sleepy_teriyaki_twister)_(azur_lane),laffey_(azur_lane),1,碧蓝航线,4
ayanami_(disarming_deep_blue)_(azur_lane),ayanami_(azur_lane),1,碧蓝航线,4
hermione_(dawn's_oath)_(azur_lane),hermione_(azur_lane),1,碧蓝航线,4
foch_(majestic_majordomo)_(azur_lane),foch_(azur_lane),1,碧蓝航线,4
shiratsuyu_(thawing_snow_fireworks_alight)_(azur_lane),shiratsuyu_(azur_lane),1,碧蓝航线,4
taihou_(u-treasure)_(azur_lane),taihou_(azur_lane),1,碧蓝航线,4
avrora_(mellow_seaspray)_(azur_lane),avrora_(azur_lane),1,碧蓝航线,4
emden_(waterside_whispers_at_dusk)_(azur_lane),emden_(azur_lane),1,碧蓝航线,4
independence_(aching_for_relaxation)_(azur_lane),independence_(azur_lane),1,碧蓝航线,4
aurora_(dawn's_paean)_(azur_lane),aurora_(azur_lane),1,碧蓝航线,3
mutsuki_(candy_festival!)_(azur_lane),mutsuki_(azur_lane),1,碧蓝航线,3
u-110_(garnished_supershark)_(azur_lane),u-110_(azur_lane),1,碧蓝航线,3
u-110_(new_year_small_shark)_(azur_lane),u-110_(azur_lane),1,碧蓝航线,3
saratoga_(the_sweetest_picnic!)_(azur_lane),saratoga_(azur_lane),1,碧蓝航线,3
saratoga_(cup_ramen_ambassador?)_(azur_lane),saratoga_(azur_lane),1,碧蓝航线,3
inazuma_(dusk's_lightning)_(azur_lane),inazuma_(azur_lane),1,碧蓝航线,3
isokaze_(sengoku_smasher)_(azur_lane),isokaze_(azur_lane),1,碧蓝航线,3
renown_(meta)_(azur_lane),renown_(azur_lane),1,碧蓝航线,3
charybdis_(brilliant_belle)_(azur_lane),charybdis_(azur_lane),1,碧蓝航线,3
u-47_(hook_line_and_sinker)_(azur_lane),u-47_(azur_lane),1,碧蓝航线,3
cleveland_(golden_conductor)_(azur_lane),cleveland_(azur_lane),1,碧蓝航线,3
sakawa_(the_keys_of_love)_(azur_lane),sakawa_(azur_lane),1,碧蓝航线,3
luetzow_(sleeping_white_beauty)_(azur_lane),luetzow_(azur_lane),1,碧蓝航线,3
victorious_(upon_nights_brisk_and_beautiful)_(azur_lane),victorious_(azur_lane),1,碧蓝航线,3
drake_(meowfficer)_(azur_lane),drake_(azur_lane),1,碧蓝航线,3
vampire_(night_princess's_festive_feast)_(azur_lane),vampire_(azur_lane),1,碧蓝航线,3
ping_hai_(lively_banquet_preparations)_(azur_lane),ping_hai_(azur_lane),1,碧蓝航线,3
inazuma_(maid's_flower_offering)_(azur_lane),inazuma_(azur_lane),1,碧蓝航线,3
fubuki_(caught_under_the_lights)_(azur_lane),fubuki_(azur_lane),1,碧蓝航线,3
chikuma_(old_design)_(azur_lane),chikuma_(azur_lane),1,碧蓝航线,3
jeanne_d'arc_(patron_saintess_of_celebration)_(azur_lane),jeanne_d'arc_(azur_lane),1,碧蓝航线,3
shinano_(u-treasure)_(azur_lane),shinano_(azur_lane),1,碧蓝航线,3
columbia_(after-school_odette)_(azur_lane),columbia_(azur_lane),1,碧蓝航线,2
ikazuchi_(dawn's_thunder)_(azur_lane),ikazuchi_(azur_lane),1,碧蓝航线,2
vampire_(night_princess_idol)_(azur_lane),vampire_(azur_lane),1,碧蓝航线,2
u-110_(springtime_shark)_(azur_lane),u-110_(azur_lane),1,碧蓝航线,2
u-81_(lantern_lit_full_moon)_(azur_lane),u-81_(azur_lane),1,碧蓝航线,2
ikazuchi_(courtyard_maid_ikazuchi)_(azur_lane),ikazuchi_(azur_lane),1,碧蓝航线,2
ning_hai_(hectic_kitchen)_(azur_lane),ning_hai_(azur_lane),1,碧蓝航线,2
zuikaku_(old_design)_(azur_lane),zuikaku_(azur_lane),1,碧蓝航线,2
tb_(data_set:_my_countless_selves)_(azur_lane),tb_(azur_lane),1,碧蓝航线,2
cleveland_(meta)_(azur_lane),cleveland_(azur_lane),1,碧蓝航线,2
z23_(u-treasure)_(azur_lane),z23_(azur_lane),1,碧蓝航线,2
takao_(u-treasure)_(azur_lane),takao_(azur_lane),1,碧蓝航线,2
illustrious_(u-treasure)_(azur_lane),illustrious_(azur_lane),1,碧蓝航线,2
essex_(meta)_(azur_lane),essex_(azur_lane),1,碧蓝航线,1
nagato_(summer_fashion)_(azur_lane),nagato_(azur_lane),1,碧蓝航线,1
colorado_(old_design)_(azur_lane),colorado_(azur_lane),1,碧蓝航线,1
fusou_(united_in_heart_and_soul)_(azur_lane),fusou_(azur_lane),1,碧蓝航线,1
hood_(elegance_meant_for_one)_(azur_lane),hood_(azur_lane),1,碧蓝航线,1
gangut_(meta)_(azur_lane),gangut_(azur_lane),1,碧蓝航线,1
sirius_(alba_sirius)_(azur_lane),sirius_(azur_lane),1,碧蓝航线,1
elbe_(meta)_(azur_lane),elbe_(azur_lane),1,碧蓝航线,1
atago_(amazing_max_speed)_(azur_lane),atago_(azur_lane),1,碧蓝航线,0
prince_of_wales_(the_laurate's_victory_lap)_(azur_lane),prince_of_wales_(azur_lane),1,碧蓝航线,0
ning_hai_(dragon_sisters!)_(azur_lane),ning_hai_(azur_lane),1,碧蓝航线,0
belfast_(perfect_acting_manager?)_(azur_lane),belfast_(azur_lane),1,碧蓝航线,0
enterprise_(light_cruiser)_(azur_lane),enterprise_(azur_lane),1,碧蓝航线,0
cygnet_(offer_has_been_maid)_(azur_lane),cygnet_(azur_lane),1,碧蓝航线,0
swiftsure_(pearlescent_beauty)_(azur_lane),swiftsure_(azur_lane),1,碧蓝航线,0
nagara_(relaxing_spring_day)_(azur_lane),nagara_(azur_lane),1,碧蓝航线,0
chao_ho_(blossoming_grace)_(azur_lane),chao_ho_(azur_lane),1,碧蓝航线,0
isuzu_(overheating)_(azur_lane),isuzu_(azur_lane),1,碧蓝航线,0
laffey_(new_year_rabbit)_(azur_lane),laffey_(azur_lane),1,碧蓝航线,0
eldridge_(astro_lunar_day)_(azur_lane),eldridge_(azur_lane),1,碧蓝航线,0
u-110_(shark's_dreamland)_(azur_lane),u-110_(azur_lane),1,碧蓝航线,0
ayanami_(navalistic_showdown)_(azur_lane),ayanami_(azur_lane),1,碧蓝航线,0
anchorage_(moonlite_boat_ride)_(azur_lane),anchorage_(azur_lane),1,碧蓝航线,0
edinburgh_(fairy_of_the_library)_(azur_lane),edinburgh_(azur_lane),1,碧蓝航线,0
shangri-la_(the_collector's_paradise)_(azur_lane),shangri-la_(azur_lane),1,碧蓝航线,0
saint-louis_(brillaint_paladin)_(azur_lane),saint-louis_(azur_lane),1,碧蓝航线,0
ayanami_(troubled_star_idol)_(azur_lane),ayanami_(azur_lane),1,碧蓝航线,0
haruna_(break_time_before_class)_(azur_lane),haruna_(azur_lane),1,碧蓝航线,0
laffey_(halfhearted_bunny_idol)_(azur_lane),laffey_(azur_lane),1,碧蓝航线,0
z23_(serious_idol_-_is_she_also_the_manager!?)_(azur_lane),z23_(azur_lane),1,碧蓝航线,0
admiral_graf_spee_(ironblood_cutie)_(azur_lane),admiral_graf_spee_(azur_lane),1,碧蓝航线,0
eldridge_(catgirl_idol?)_(azur_lane),eldridge_(azur_lane),1,碧蓝航线,0
fubuki_(snow_storm!)_(azur_lane),fubuki_(azur_lane),1,碧蓝航线,0
ping_hai_(dragon_sisters!)_(azur_lane),ping_hai_(azur_lane),1,碧蓝航线,0
saint-louis_(brilliant_paladin)_(azur_lane),saint-louis_(azur_lane),1,碧蓝航线,0
grim_(starlight_oath)_(azur_lane),grim_(azur_lane),1,碧蓝航线,0
z46_(chronicles_of_the_dust_war)_(azur_lane),z46_(azur_lane),1,碧蓝航线,0
izumo_(thousand_towering_cherry_blossoms)_(azur_lane),izumo_(azur_lane),1,碧蓝航线,0
sheffield_(low-cut_elegance)_(azur_lane),sheffield_(azur_lane),1,碧蓝航线,0
unicorn_(angel's_care_time)_(azur_lane),unicorn_(azur_lane),1,碧蓝航线,0
warspite_(gift_from_a_warrior)_(azur_lane),warspite_(azur_lane),1,碧蓝航线,0
noshiro_(the_gala's_sanctuary)_(azur_lane),noshiro_(azur_lane),1,碧蓝航线,0
vampire_(spring's_wind)_(azur_lane),vampire_(azur_lane),1,碧蓝航线,0
amagi_(throne_of_fallen_petals)_(azur_lane),amagi_(azur_lane),1,碧蓝航线,0
bremerton_(school_outfit)_(azur_lane),bremerton_(azur_lane),1,碧蓝航线,0
ooshio_(present_from_a_reindeer)_(azur_lane),ooshio_(azur_lane),1,碧蓝航线,0
i-26_(before_the_fireworks_viewing)_(azur_lane),i-26_(azur_lane),1,碧蓝航线,0
zuikaku_(festive_crane)_(azur_lane),zuikaku_(azur_lane),1,碧蓝航线,0
vampire_(princess_of_the_night)_(azur_lane),vampire_(azur_lane),1,碧蓝航线,0
honolulu_(festival_date)_(azur_lane),honolulu_(azur_lane),1,碧蓝航线,0
mikasa_(ship_side_vows)_(azur_lane),mikasa_(azur_lane),1,碧蓝航线,0
nicholas_(mispackaging?)_(azur_lane),nicholas_(azur_lane),1,碧蓝航线,0
honolulu_(fire_red_present)_(azur_lane),honolulu_(azur_lane),1,碧蓝航线,0
gascogne_(beach_adaptive_armor)_(azur_lane),gascogne_(azur_lane),1,碧蓝航线,0
honolulu_(parasol_girl)_(azur_lane),honolulu_(azur_lane),1,碧蓝航线,0
taihou_(forbidden_feast)_(azur_lane),taihou_(azur_lane),1,碧蓝航线,0
javelin_(aspiring_new_idol)_(azur_lane),javelin_(azur_lane),1,碧蓝航线,0
z23_(teacher_of_philosophy)_(azur_lane),z23_(azur_lane),1,碧蓝航线,0
nelson_(lunar_witch)_(azur_lane),nelson_(azur_lane),1,碧蓝航线,0
u-47_(beginner_rider)_(azur_lane),u-47_(azur_lane),1,碧蓝航线,0
cooper_(holy_night's_warm_gift)_(azur_lane),cooper_(azur_lane),1,碧蓝航线,0
cheshire_(highness_in_white)_(azur_lane),cheshire_(azur_lane),1,碧蓝航线,0
i-26_(coral_reef_bunny)_(azur_lane),i-26_(azur_lane),1,碧蓝航线,0
z46_(first_summer)_(azur_lane),z46_(azur_lane),1,碧蓝航线,0
javelin_(very_slow_advance!)_(azur_lane),javelin_(azur_lane),1,碧蓝航线,0
shimakaze_(fastest_bunny's_invitation)_(azur_lane),shimakaze_(azur_lane),1,碧蓝航线,0
le_malin_(the_knight's_true_nature)_(azur_lane),le_malin_(azur_lane),1,碧蓝航线,0
dunkerque_(afternoon_aphrodite)_(azur_lane),dunkerque_(azur_lane),1,碧蓝航线,0
yamashiro_(christmas_offensive)_(azur_lane),yamashiro_(azur_lane),1,碧蓝航线,0
eldridge_(mystery_of_the_empty_classroom)_(azur_lane),eldridge_(azur_lane),1,碧蓝航线,0
san_diego_(sandy_claus!)_(azur_lane),san_diego_(azur_lane),1,碧蓝航线,0
isokaze_(new_year's_battle)_(azur_lane),isokaze_(azur_lane),1,碧蓝航线,0
kongou_(natural_beauty)_(azur_lane),kongou_(azur_lane),1,碧蓝航线,0
nagato_(great_fox's_shiroshouzoku)_(azur_lane),nagato_(azur_lane),1,碧蓝航线,0
fusou_(spring's_celebration)_(azur_lane),fusou_(azur_lane),1,碧蓝航线,0
fusou_(fluffy_helpmate)_(azur_lane),fusou_(azur_lane),1,碧蓝航线,0
rodney_(future_beach_admiral)_(azur_lane),rodney_(azur_lane),1,碧蓝航线,0
minneapolis_(wild_student)_(azur_lane),minneapolis_(azur_lane),1,碧蓝航线,0
yukikaze_(swings-sama)_(azur_lane),yukikaze_(azur_lane),1,碧蓝航线,0
z23_(secret_care_room)_(azur_lane),z23_(azur_lane),1,碧蓝航线,0
fumizuki_(half-asleep_fairy)_(azur_lane),fumizuki_(azur_lane),1,碧蓝航线,0
akashi_(white_cat's_gratitude)_(azur_lane),akashi_(azur_lane),1,碧蓝航线,0
ping_hai_(merry_summer)_(azur_lane),ping_hai_(azur_lane),1,碧蓝航线,0
asashio_(flowering_season's_transfer_student)_(azur_lane),asashio_(azur_lane),1,碧蓝航线,0
yukikaze_(spring's_warmth)_(azur_lane),yukikaze_(azur_lane),1,碧蓝航线,0
fubuki_(slapstick_waitress)_(azur_lane),fubuki_(azur_lane),1,碧蓝航线,0
u-81_(tranquil_serenade)_(azur_lane),u-81_(azur_lane),1,碧蓝航线,0
souryuu_(crane_amongst_the_pines)_(azur_lane),souryuu_(azur_lane),1,碧蓝航线,0
hiryuu_(afterschool_boss)_(azur_lane),hiryuu_(azur_lane),1,碧蓝航线,0
isokaze_(sengoke_smasher)_(azur_lane),isokaze_(azur_lane),1,碧蓝航线,0
independence_(relaxation_i)_(azur_lane),independence_(azur_lane),1,碧蓝航线,0
souryuu_(hallway_monitor)_(azur_lane),souryuu_(azur_lane),1,碧蓝航线,0
portland_(school_life_with_indy!)_(azur_lane),portland_(azur_lane),1,碧蓝航线,0
indianapolis_(school_life_with_my_sister...)_(azur_lane),indianapolis_(azur_lane),1,碧蓝航线,0
z1_leberecht_maass_(rebellious_vierzehn)_(azur_lane),z1_leberecht_maass_(azur_lane),1,碧蓝航线,0
eldridge_(new_year's_handholding)_(azur_lane),eldridge_(azur_lane),1,碧蓝航线,0
mikasa_(leisure_rest_cherish)_(azur_lane),mikasa_(azur_lane),1,碧蓝航线,0
mikasa_(leisur_rest_cherish)_(azur_lane),mikasa_(azur_lane),1,碧蓝航线,0
nagato_(fox_vacation_day)_(azur_lane),nagato_(azur_lane),1,碧蓝航线,0
fubuki_(nearly_late_for_school)_(azur_lane),fubuki_(azur_lane),1,碧蓝航线,0
akashi_(akashi's_in_the_red!)_(azur_lane),akashi_(azur_lane),1,碧蓝航线,0
akashi_(black_cat_strikes!)_(azur_lane),akashi_(azur_lane),1,碧蓝航线,0
swiftsure_(secluded_cyclamen)_(azur_lane),swiftsure_(azur_lane),1,碧蓝航线,0
ooshio_(decorate_with_new_year's_blessings)_(azur_lane),ooshio_(azur_lane),1,碧蓝航线,0
nagato_(great_fox's_sleepwear)_(azur_lane),nagato_(azur_lane),1,碧蓝航线,0
laffey_(snow_rabbit_and_candied_apple)_(azur_lane),laffey_(azur_lane),1,碧蓝航线,0
ayanami_(demon's_dress)_(azur_lane),ayanami_(azur_lane),1,碧蓝航线,0
independence_(new_transfer_student)_(azur_lane),independence_(azur_lane),1,碧蓝航线,0
essex_(carry_crane)_(azur_lane),essex_(azur_lane),1,碧蓝航线,0
saratoga_(festival_in_spring)_(azur_lane),saratoga_(azur_lane),1,碧蓝航线,0
nicholas_(niconurse)_(azur_lane),nicholas_(azur_lane),1,碧蓝航线,0
javelin_(blissful_june_bride)_(azur_lane),javelin_(azur_lane),1,碧蓝航线,0
saratoga_(ocean_holidays)_(azur_lane),saratoga_(azur_lane),1,碧蓝航线,0
kashino_(after-bath_pleasure)_(azur_lane),kashino_(azur_lane),1,碧蓝航线,0
illustrious_(foreign_style_illustrious)_(azur_lane),illustrious_(azur_lane),1,碧蓝航线,0
cleveland_(heart-throbbing_moment)_(azur_lane),cleveland_(azur_lane),1,碧蓝航线,0
montpelier_(flower_in_the_snowy_night)_(azur_lane),montpelier_(azur_lane),1,碧蓝航线,0
admiral_graf_spee_(maiden's_sunday)_(azur_lane),admiral_graf_spee_(azur_lane),1,碧蓝航线,0
admiral_graf_spee_(daily_peaceful_life)_(azur_lane),admiral_graf_spee_(azur_lane),1,碧蓝航线,0
bremerton_(action_cruise)_(azur_lane),bremerton_(azur_lane),1,碧蓝航线,0
helena_(the_blue_bird's_new_year)_(azur_lane),helena_(azur_lane),1,碧蓝航线,0
hornet_(delicious_love)_(azur_lane),hornet_(azur_lane),1,碧蓝航线,0
long_island_(no_cola_no_life)_(azur_lane),long_island_(azur_lane),1,碧蓝航线,0
victorious_(goddess'_day_off)_(azur_lane),victorious_(azur_lane),1,碧蓝航线,0
mikasa_(sakura_viewing_day)_(azur_lane),mikasa_(azur_lane),1,碧蓝航线,0
prince_of_wales_(elegant_sakura-style_outfit)_(azur_lane),prince_of_wales_(azur_lane),1,碧蓝航线,0
prince_of_wales_(windsor_sun)_(azur_lane),prince_of_wales_(azur_lane),1,碧蓝航线,0
duke_of_york_(carola_of_the_eternal_night)_(azur_lane),duke_of_york_(azur_lane),1,碧蓝航线,0
bismarck_(beacon_of_the_ironblood)_(azur_lane),bismarck_(azur_lane),1,碧蓝航线,0
le_temeraire_(dream_dolce)_(azur_lane),le_temeraire_(azur_lane),1,碧蓝航线,0
aurora_(spring's_story)_(azur_lane),aurora_(azur_lane),1,碧蓝航线,0
hiei_(pilgrimage_of_moonlight)_(azur_lane),hiei_(azur_lane),1,碧蓝航线,0
kaga_(white_fox's_new_year_greetings)_(azur_lane),kaga_(azur_lane),1,碧蓝航线,0
kaga_(sacred_bush_lily)_(azur_lane),kaga_(azur_lane),1,碧蓝航线,0
monarch_(simple_white_grandeur)_(azur_lane),monarch_(azur_lane),1,碧蓝航线,0
monarch_(black_qipao)_(azur_lane),monarch_(azur_lane),1,碧蓝航线,0
akagi_(blushing_intoxication)_(azur_lane),akagi_(azur_lane),1,碧蓝航线,0
st._louis_(splendor_of_spring)_(azur_lane),st._louis_(azur_lane),1,碧蓝航线,0
ayanami_(rock'n_kijin)_(azur_lane),ayanami_(azur_lane),1,碧蓝航线,0
belfast_(gorgeous_fans)_(azur_lane),belfast_(azur_lane),1,碧蓝航线,0
cleveland_(devil_fever)_(azur_lane),cleveland_(azur_lane),1,碧蓝航线,0
fubuki_(poster_girl_bucky)_(azur_lane),fubuki_(azur_lane),1,碧蓝航线,0
queen_elizabeth_(school_orders)_(azur_lane),queen_elizabeth_(azur_lane),1,碧蓝航线,0
ayanami_(lunar_demon_god)_(azur_lane),ayanami_(azur_lane),1,碧蓝航线,0
illustrious_(illustrious_ballroom)_(azur_lane),illustrious_(azur_lane),1,碧蓝航线,0
unicorn_(spring's_present)_(azur_lane),unicorn_(azur_lane),1,碧蓝航线,0
le_temeraire_(summer_style_temmie)_(azur_lane),le_temeraire_(azur_lane),1,碧蓝航线,0
isuzu_(fairy_tale_night)_(azur_lane),isuzu_(azur_lane),1,碧蓝航线,0
aurora_(f10)_(azur_lane),aurora_(azur_lane),1,碧蓝航线,0
hakuryuu_(slice_dice_and_server)_(azur_lane),hakuryuu_(azur_lane),1,碧蓝航线,0
bremerton_(happy_dating)_(azur_lane),bremerton_(azur_lane),1,碧蓝航线,0
avrora_(isn't_it_impossible_to_play_a_role_that_doesn't_suit_you)_(azur_lane),avrora_(azur_lane),1,碧蓝航线,0
belfast_(claddagh_ring's_vow)_(azur_lane),belfast_(azur_lane),1,碧蓝航线,0
belfast_(iridescent_rose)_(azur_lane),belfast_(azur_lane),1,碧蓝航线,0
prinz_eugen_(dance_of_a_hundred_flowers)_(azur_lane),prinz_eugen_(azur_lane),1,碧蓝航线,0
yorktown_(saint_wings)_(azur_lane),yorktown_(azur_lane),1,碧蓝航线,0
queen_elizabeth_(a_night_at_the_stage)_(azur_lane),queen_elizabeth_(azur_lane),1,碧蓝航线,0
peter_strasser_(weiss_uhrzeiger)_(azur_lane),peter_strasser_(azur_lane),1,碧蓝航线,0
ark_royal_(coastwatcher)_(azur_lane),ark_royal_(azur_lane),1,碧蓝航线,0
unicorn_(amusement_park_date)_(azur_lane),unicorn_(azur_lane),1,碧蓝航线,0
yamashiro_(stylish_black_cat)_(azur_lane),yamashiro_(azur_lane),1,碧蓝航线,0
le_malin_(lapinu_the_nap_lover)_(azur_lane),le_malin_(azur_lane),1,碧蓝航线,0
richelieu_(flagship_in_the_sea_breeze)_(azur_lane),richelieu_(azur_lane),1,碧蓝航线,0
algerie_(white_sand_angel)_(azur_lane),algerie_(azur_lane),1,碧蓝航线,0
hood_(rose_love_poem)_(azur_lane),hood_(azur_lane),1,碧蓝航线,0
hood_(sunlit_lady)_(azur_lane),hood_(azur_lane),1,碧蓝航线,0
shinano_(light_of_the_hazy_moon)_(azur_lane),shinano_(azur_lane),1,碧蓝航线,0
jean_bart_(secret_afternoon)_(azur_lane),jean_bart_(azur_lane),1,碧蓝航线,0
kongou_(talent_hospital)_(azur_lane),kongou_(azur_lane),1,碧蓝航线,0
takao_(spring_learning)_(azur_lane),takao_(azur_lane),1,碧蓝航线,0
atago_(white_promise)_(azur_lane),atago_(azur_lane),1,碧蓝航线,0
atago_(midsummer_march)_(azur_lane),atago_(azur_lane),1,碧蓝航线,0
jeanne_d'arc_(movie_set_saintess)_(azur_lane),jeanne_d'arc_(azur_lane),1,碧蓝航线,0
z23_(two-man_cell_match!)_(azur_lane),z23_(azur_lane),1,碧蓝航线,0
san_diego_(no.1_june_bride)_(azur_lane),san_diego_(azur_lane),1,碧蓝航线,0
atago_(school_daydream)_(azur_lane),atago_(azur_lane),1,碧蓝航线,0
le_malin_(wednesday's_retreat)_(azur_lane),le_malin_(azur_lane),1,碧蓝航线,0
unzen_(arcane_ninja_knowlegde)_(azur_lane),unzen_(azur_lane),1,碧蓝航线,0
atago_(features_of_winter)_(azur_lane),atago_(azur_lane),1,碧蓝航线,0
takao_(academy_romantica)_(azur_lane),takao_(azur_lane),1,碧蓝航线,0
gascogne_(traveling_mood_mehcanism)_(azur_lane),gascogne_(azur_lane),1,碧蓝航线,0
nicholas_(summer_cleaning_volunteer)_(azur_lane),nicholas_(azur_lane),1,碧蓝航线,0
albion_(scent_of_pring_in_the_red-pavilion)_(azur_lane),albion_(azur_lane),1,碧蓝航线,0
kaga_(white-tailed_magnificence)_(azur_lane),kaga_(azur_lane),1,碧蓝航线,0
pearl_(fallen_angel_in_th_dark_castle)_(azur_lane),pearl_(azur_lane),1,碧蓝航线,0
amagi_(aircraft_carrier)_(azur_lane),amagi_(azur_lane),1,碧蓝航线,0
sirius_(midsummer_seirios)_(azur_lane),sirius_(azur_lane),1,碧蓝航线,0
elbing_(azur_lane)_(sleepless_night's_wishes)_(azur_lane),elbing_(azur_lane),1,碧蓝航线,0
long_island_(ghost's_halloween_live_broadcast)_(azur_lane),long_island_(azur_lane),1,碧蓝航线,0
hammann_(hammanyan_punch!)_(azur_lane),hammann_(azur_lane),1,碧蓝航线,0
shigure_(evening_lucky_star)_(azur_lane),shigure_(azur_lane),1,碧蓝航线,0
hammann_(kemonomimi_punch)_(azur_lane),hammann_(azur_lane),1,碧蓝航线,0
intrepid_(fearless_pitcher)_(azur_lane),intrepid_(azur_lane),1,碧蓝航线,0
laffey_(teriyaki_twister)_(azur_lane),laffey_(azur_lane),1,碧蓝航线,0
z46_(scavenge_huntress)_(azur_lane),z46_(azur_lane),1,碧蓝航线,0
st._louis_(tipsy_snow)_(azur_lane),st._louis_(azur_lane),1,碧蓝航线,0
illustrious_(lambent_melody)_(azur_lane),illustrious_(azur_lane),1,碧蓝航线,0
perseus_(nursery_service_time)_(azur_lane),perseus_(azur_lane),1,碧蓝航线,0
yorktown_(brilliant_breeze)_(azur_lane),yorktown_(azur_lane),1,碧蓝航线,0
ayanami_(cola)_(azur_lane),ayanami_(azur_lane),1,碧蓝航线,0
inazuma_(sunset_lightning)_(azur_lane),inazuma_(azur_lane),1,碧蓝航线,0
ning_hai_(derbao's_friend)_(azur_lane),ning_hai_(azur_lane),1,碧蓝航线,0
aquila_(green_garden_elegant_sadia)_(azur_lane),aquila_(azur_lane),1,碧蓝航线,0
laffey_(beginning_and_end_of_cleaning)_(azur_lane),laffey_(azur_lane),1,碧蓝航线,0
z23_(the_eyecatch_in_the_rye)_(azur_lane),z23_(azur_lane),1,碧蓝航线,0
haruna_(vermillion_innocence)_(azur_lane),haruna_(azur_lane),1,碧蓝航线,0
fujiwara_no_mokou,fujiwara_no_mokou,0,终末地,29943
fujimaru_ritsuka_(male),fujimaru_ritsuka_(male),0,终末地,18344
shirakami_fubuki,shirakami_fubuki,0,终末地,15196
ouro_kronii,ouro_kronii,0,终末地,13466
takanashi_kiara,takanashi_kiara,0,终末地,10051
ellen_joe,ellen_joe,0,终末地,8654
ookami_mio,ookami_mio,0,终末地,7725
nikki_(nikki),nikki_(nikki),0,终末地,4554
koseki_bijou,koseki_bijou,0,终末地,4496
piplup,piplup,0,终末地,3435
gigi_murin,gigi_murin,0,终末地,2923
ju_fufu,ju_fufu,0,终末地,2558
von_lycaon,von_lycaon,0,终末地,2318
fukawa_toko,fukawa_toko,0,终末地,1778
corin_wickes,corin_wickes,0,终末地,1766
ditto,ditto,0,终末地,1762
psyduck,psyduck,0,终末地,1389
zentreya,zentreya,0,终末地,1276
chief_(path_to_nowhere),chief_(path_to_nowhere),0,终末地,1271
alexandrina_sebastiane,alexandrina_sebastiane,0,终末地,1237
miia_(monster_musume),miia_(monster_musume),0,终末地,1190
vestia_zeta,vestia_zeta,0,终末地,1172
prinny,prinny,0,终末地,1019
creeper,creeper,0,终末地,947
tyrant_(stella_sora),tyrant_(stella_sora),0,终末地,906
female_tyrant_(stella_sora),female_tyrant_(stella_sora),0,终末地,823
zentreya_(dragon),zentreya_(dragon),0,终末地,677
pombon,pombon,0,终末地,652
tio_plato,tio_plato,0,终末地,526
peter_griffin,peter_griffin,0,终末地,472
red_hood_(black_souls),red_hood_(black_souls),0,终末地,193
adeptus_mechanicus,adeptus_mechanicus,0,终末地,148
fubuchun,fubuchun,0,终末地,136
belle_(zenless_zone_zero),belle_(zenless_zone_zero),0,绝区零,7906
wise_(zenless_zone_zero),wise_(zenless_zone_zero),0,绝区零,7429
jane_doe_(zenless_zone_zero),jane_doe_(zenless_zone_zero),0,绝区零,5552
yixuan_(zenless_zone_zero),yixuan_(zenless_zone_zero),0,绝区零,3074
sunna_(zenless_zone_zero),sunna_(zenless_zone_zero),0,绝区零,3014
eous_(zenless_zone_zero),eous_(zenless_zone_zero),0,绝区零,2695
aria_(zenless_zone_zero),aria_(zenless_zone_zero),0,绝区零,2289
qingyi_(zenless_zone_zero),qingyi_(zenless_zone_zero),0,绝区零,1797
aria_(human)_(zenless_zone_zero),aria_(zenless_zone_zero),1,绝区零,1765
soukaku_(zenless_zone_zero),soukaku_(zenless_zone_zero),0,绝区零,1698
caesar_king_(zenless_zone_zero),caesar_king_(zenless_zone_zero),0,绝区零,1625
zhao_(zenless_zone_zero),zhao_(zenless_zone_zero),0,绝区零,1499
lighter_(zenless_zone_zero),lighter_(zenless_zone_zero),0,绝区零,1455
tailless_(zenless_zone_zero),tailless_(zenless_zone_zero),0,绝区零,1367
cissia_(zenless_zone_zero),cissia_(zenless_zone_zero),0,绝区零,1345
trigger_(zenless_zone_zero),trigger_(zenless_zone_zero),0,绝区零,1270
amillion_(zenless_zone_zero),amillion_(zenless_zone_zero),0,绝区零,1166
seed_(zenless_zone_zero),seed_(zenless_zone_zero),0,绝区零,971
chalky_(zenless_zone_zero),chalky_(zenless_zone_zero),0,绝区零,929
dialyn_(zenless_zone_zero),dialyn_(zenless_zone_zero),0,绝区零,911
promeia_(zenless_zone_zero),promeia_(zenless_zone_zero),0,绝区零,892
kamanosuke_(zenless_zone_zero),kamanosuke_(zenless_zone_zero),0,绝区零,886
aria_(robot)_(zenless_zone_zero),aria_(zenless_zone_zero),1,绝区零,778
belle_(summer_skies)_(zenless_zone_zero),belle_(zenless_zone_zero),1,绝区零,771
magus_(zenless_zone_zero),magus_(zenless_zone_zero),0,绝区零,695
sweety_(zenless_zone_zero),sweety_(zenless_zone_zero),0,绝区零,679
soldier_11_(zenless_zone_zero),soldier_11_(zenless_zone_zero),0,绝区零,647
sharkboo_(zenless_zone_zero),sharkboo_(zenless_zone_zero),0,绝区零,599
qingming_bird_(zenless_zone_zero),qingming_bird_(zenless_zone_zero),0,绝区零,562
sunna_(afternoon_tea_break)_(zenless_zone_zero),sunna_(zenless_zone_zero),1,绝区零,542
belle_(delicate_sunlight)_(zenless_zone_zero),belle_(zenless_zone_zero),1,绝区零,520
wise_(soaring_crane)_(zenless_zone_zero),wise_(zenless_zone_zero),1,绝区零,447
jane_doe_(nocturne_of_light)_(zenless_zone_zero),jane_doe_(zenless_zone_zero),1,绝区零,446
drusilla_(zenless_zone_zero),drusilla_(zenless_zone_zero),0,绝区零,399
anastella_(zenless_zone_zero),anastella_(zenless_zone_zero),0,绝区零,383
lucy's_crew_(zenless_zone_zero),lucy's_crew_(zenless_zone_zero),0,绝区零,374
banyue_(zenless_zone_zero),banyue_(zenless_zone_zero),0,绝区零,374
yixuan_(trails_of_ink)_(zenless_zone_zero),yixuan_(zenless_zone_zero),1,绝区零,326
wise_(peaceful_waves)_(zenless_zone_zero),wise_(zenless_zone_zero),1,绝区零,298
sunbringer_(zenless_zone_zero),sunbringer_(zenless_zone_zero),0,绝区零,221
butler_(zenless_zone_zero),butler_(zenless_zone_zero),0,绝区零,211
safety_(zenless_zone_zero),safety_(zenless_zone_zero),0,绝区零,197
securityboo_(zenless_zone_zero),securityboo_(zenless_zone_zero),0,绝区零,196
asaboo_(zenless_zone_zero),asaboo_(zenless_zone_zero),0,绝区零,193
aria_(human)_(discordant_note)_(zenless_zone_zero),aria_(zenless_zone_zero),1,绝区零,192
hu_wei_(zenless_zone_zero),hu_wei_(zenless_zone_zero),0,绝区零,185
miyaboo_(zenless_zone_zero),miyaboo_(zenless_zone_zero),0,绝区零,144
bangboo_6_(zenless_zone_zero),bangboo_6_(zenless_zone_zero),0,绝区零,127
bangboo_18_(zenless_zone_zero),bangboo_18_(zenless_zone_zero),0,绝区零,119
venus_(zenless_zone_zero),venus_(zenless_zone_zero),0,绝区零,115
big_daddy_(zenless_zone_zero),big_daddy_(zenless_zone_zero),0,绝区零,105
yidhari_(zenless_zone_zero),yidhari_(zenless_zone_zero),0,绝区零,100
aria_(robot)_(discordant_note)_(zenless_zone_zero),aria_(zenless_zone_zero),1,绝区零,53
chalky_(cat)_(zenless_zone_zero),chalky_(zenless_zone_zero),1,绝区零,2
belle_(cat)_(zenless_zone_zero),belle_(zenless_zone_zero),1,绝区零,1
wise_(cat)_(zenless_zone_zero),wise_(zenless_zone_zero),1,绝区零,1
aria_(discordant_note)_(zenless_zone_zero),aria_(zenless_zone_zero),1,绝区零,0
belle_(delicate_daylight)_(zenless_zone_zero),belle_(zenless_zone_zero),1,绝区零,0
patchouli_knowledge,patchouli_knowledge,0,葬送的芙莉莲,37610
princess_zelda,princess_zelda,0,葬送的芙莉莲,15833
frieren,frieren,0,葬送的芙莉莲,15209
ninomae_ina'nis,ninomae_ina'nis,0,葬送的芙莉莲,12049
megumin,megumin,0,葬送的芙莉莲,10254
fern_(sousou_no_frieren),fern_(sousou_no_frieren),0,葬送的芙莉莲,7044
tatsumaki,tatsumaki,0,葬送的芙莉莲,4778
ayase_momo,ayase_momo,0,葬送的芙莉莲,4013
ubel_(sousou_no_frieren),ubel_(sousou_no_frieren),0,葬送的芙莉莲,2055
saitama_(one-punch_man),saitama_(one-punch_man),0,葬送的芙莉莲,2037
stark_(sousou_no_frieren),stark_(sousou_no_frieren),0,葬送的芙莉莲,1989
maomao_(kusuriya_no_hitorigoto),maomao_(kusuriya_no_hitorigoto),0,葬送的芙莉莲,1847
himmel_(sousou_no_frieren),himmel_(sousou_no_frieren),0,葬送的芙莉莲,1642
aura_(sousou_no_frieren),aura_(sousou_no_frieren),0,葬送的芙莉莲,1053
land_(sousou_no_frieren),land_(sousou_no_frieren),0,葬送的芙莉莲,460
heiter,heiter,0,葬送的芙莉莲,457
serie_(sousou_no_frieren),serie_(sousou_no_frieren),0,葬送的芙莉莲,437
eisen_(sousou_no_frieren),eisen_(sousou_no_frieren),0,葬送的芙莉莲,364
lawine_(sousou_no_frieren),lawine_(sousou_no_frieren),0,葬送的芙莉莲,262
kanne_(sousou_no_frieren),kanne_(sousou_no_frieren),0,葬送的芙莉莲,233
sense_(sousou_no_frieren),sense_(sousou_no_frieren),0,葬送的芙莉莲,212
laufen_(sousou_no_frieren),laufen_(sousou_no_frieren),0,葬送的芙莉莲,185
linie_(sousou_no_frieren),linie_(sousou_no_frieren),0,葬送的芙莉莲,176
methode_(sousou_no_frieren),methode_(sousou_no_frieren),0,葬送的芙莉莲,167
sein_(sousou_no_frieren),sein_(sousou_no_frieren),0,葬送的芙莉莲,158
flamme_(sousou_no_frieren),flamme_(sousou_no_frieren),0,葬送的芙莉莲,144
denken_(sousou_no_frieren),denken_(sousou_no_frieren),0,葬送的芙莉莲,105
sensei_(blue_archive),sensei_(blue_archive),0,蔚蓝档案,35411
doodle_sensei_(blue_archive),doodle_sensei_(blue_archive),0,蔚蓝档案,20230
hina_(blue_archive),hina_(blue_archive),0,蔚蓝档案,18294
yuuka_(blue_archive),yuuka_(blue_archive),0,蔚蓝档案,17988
asuna_(blue_archive),asuna_(blue_archive),0,蔚蓝档案,17413
mika_(blue_archive),mika_(blue_archive),0,蔚蓝档案,15167
hoshino_(blue_archive),hoshino_(blue_archive),0,蔚蓝档案,14016
rio_(blue_archive),rio_(blue_archive),0,蔚蓝档案,13630
toki_(blue_archive),toki_(blue_archive),0,蔚蓝档案,11404
shiroko_(blue_archive),shiroko_(blue_archive),0,蔚蓝档案,11013
kisaki_(blue_archive),kisaki_(blue_archive),0,蔚蓝档案,10948
mari_(blue_archive),mari_(blue_archive),0,蔚蓝档案,10559
kayoko_(blue_archive),kayoko_(blue_archive),0,蔚蓝档案,10555
aris_(blue_archive),aris_(blue_archive),0,蔚蓝档案,10508
kazusa_(blue_archive),kazusa_(blue_archive),0,蔚蓝档案,10230
koharu_(blue_archive),koharu_(blue_archive),0,蔚蓝档案,9700
seia_(blue_archive),seia_(blue_archive),0,蔚蓝档案,8565
karin_(blue_archive),karin_(blue_archive),0,蔚蓝档案,8132
noa_(blue_archive),noa_(blue_archive),0,蔚蓝档案,7910
plana_(blue_archive),plana_(blue_archive),0,蔚蓝档案,7855
arona_(blue_archive),arona_(blue_archive),0,蔚蓝档案,7468
momoi_(blue_archive),momoi_(blue_archive),0,蔚蓝档案,7371
aru_(blue_archive),aru_(blue_archive),0,蔚蓝档案,7255
hanako_(blue_archive),hanako_(blue_archive),0,蔚蓝档案,7132
asuna_(bunny)_(blue_archive),asuna_(blue_archive),1,蔚蓝档案,6732
ako_(blue_archive),ako_(blue_archive),0,蔚蓝档案,6691
hasumi_(blue_archive),hasumi_(blue_archive),0,蔚蓝档案,6657
kanna_(blue_archive),kanna_(blue_archive),0,蔚蓝档案,6189
midori_(blue_archive),midori_(blue_archive),0,蔚蓝档案,6167
saori_(blue_archive),saori_(blue_archive),0,蔚蓝档案,6062
toki_(bunny)_(blue_archive),toki_(blue_archive),1,蔚蓝档案,5758
nozomi_(blue_archive),nozomi_(blue_archive),0,蔚蓝档案,5718
mutsuki_(blue_archive),mutsuki_(blue_archive),0,蔚蓝档案,5696
hikari_(blue_archive),hikari_(blue_archive),0,蔚蓝档案,5594
miyu_(blue_archive),miyu_(blue_archive),0,蔚蓝档案,5228
neru_(blue_archive),neru_(blue_archive),0,蔚蓝档案,5204
ui_(blue_archive),ui_(blue_archive),0,蔚蓝档案,4869
miyako_(blue_archive),miyako_(blue_archive),0,蔚蓝档案,4802
kei_(blue_archive),kei_(blue_archive),0,蔚蓝档案,4749
ibuki_(blue_archive),ibuki_(blue_archive),0,蔚蓝档案,4682
nonomi_(blue_archive),nonomi_(blue_archive),0,蔚蓝档案,4633
hifumi_(blue_archive),hifumi_(blue_archive),0,蔚蓝档案,4594
shiroko_terror_(blue_archive),shiroko_terror_(blue_archive),0,蔚蓝档案,4342
ichika_(blue_archive),ichika_(blue_archive),0,蔚蓝档案,4309
izuna_(blue_archive),izuna_(blue_archive),0,蔚蓝档案,4221
kikyou_(blue_archive),kikyou_(blue_archive),0,蔚蓝档案,4098
nagisa_(blue_archive),nagisa_(blue_archive),0,蔚蓝档案,4029
yuzu_(blue_archive),yuzu_(blue_archive),0,蔚蓝档案,3991
iori_(blue_archive),iori_(blue_archive),0,蔚蓝档案,3987
yuuka_(track)_(blue_archive),yuuka_(blue_archive),1,蔚蓝档案,3939
serika_(blue_archive),serika_(blue_archive),0,蔚蓝档案,3734
karin_(bunny)_(blue_archive),karin_(blue_archive),1,蔚蓝档案,3705
shiroko_(swimsuit)_(blue_archive),shiroko_(blue_archive),1,蔚蓝档案,3640
iroha_(blue_archive),iroha_(blue_archive),0,蔚蓝档案,3624
wakamo_(blue_archive),wakamo_(blue_archive),0,蔚蓝档案,3559
azusa_(blue_archive),azusa_(blue_archive),0,蔚蓝档案,3520
asuna_(school_uniform)_(blue_archive),asuna_(blue_archive),1,蔚蓝档案,3444
hibiki_(blue_archive),hibiki_(blue_archive),0,蔚蓝档案,3375
kokona_(blue_archive),kokona_(blue_archive),0,蔚蓝档案,3345
natsu_(blue_archive),natsu_(blue_archive),0,蔚蓝档案,3323
reisa_(blue_archive),reisa_(blue_archive),0,蔚蓝档案,3275
peroro_(blue_archive),peroro_(blue_archive),0,蔚蓝档案,3226
hanako_(swimsuit)_(blue_archive),hanako_(blue_archive),1,蔚蓝档案,3187
professor_niyaniya_(blue_archive),professor_niyaniya_(blue_archive),0,蔚蓝档案,3150
saki_(blue_archive),saki_(blue_archive),0,蔚蓝档案,3098
hoshino_(swimsuit)_(blue_archive),hoshino_(blue_archive),1,蔚蓝档案,2890
haruka_(blue_archive),haruka_(blue_archive),0,蔚蓝档案,2852
himari_(blue_archive),himari_(blue_archive),0,蔚蓝档案,2767
haruna_(blue_archive),haruna_(blue_archive),0,蔚蓝档案,2738
seia_(swimsuit)_(blue_archive),seia_(blue_archive),1,蔚蓝档案,2707
shun_(blue_archive),shun_(blue_archive),0,蔚蓝档案,2645
mari_(track)_(blue_archive),mari_(blue_archive),1,蔚蓝档案,2608
akane_(blue_archive),akane_(blue_archive),0,蔚蓝档案,2515
atsuko_(blue_archive),atsuko_(blue_archive),0,蔚蓝档案,2378
yoshimi_(blue_archive),yoshimi_(blue_archive),0,蔚蓝档案,2377
kayoko_(dress)_(blue_archive),kayoko_(blue_archive),1,蔚蓝档案,2365
hina_(swimsuit)_(blue_archive),hina_(blue_archive),1,蔚蓝档案,2285
eimi_(blue_archive),eimi_(blue_archive),0,蔚蓝档案,2265
justice_task_force_member_(blue_archive),justice_task_force_member_(blue_archive),0,蔚蓝档案,2214
kei_(student)_(blue_archive),kei_(blue_archive),1,蔚蓝档案,2205
hibiki_(cheer_squad)_(blue_archive),hibiki_(blue_archive),1,蔚蓝档案,2196
tsurugi_(blue_archive),tsurugi_(blue_archive),0,蔚蓝档案,2184
kanna_(swimsuit)_(blue_archive),kanna_(blue_archive),1,蔚蓝档案,2158
koyuki_(blue_archive),koyuki_(blue_archive),0,蔚蓝档案,2112
miyako_(swimsuit)_(blue_archive),miyako_(blue_archive),1,蔚蓝档案,2057
shun_(small)_(blue_archive),shun_(blue_archive),1,蔚蓝档案,2052
eri_(blue_archive),eri_(blue_archive),0,蔚蓝档案,2027
airi_(blue_archive),airi_(blue_archive),0,蔚蓝档案,2023
hina_(dress)_(blue_archive),hina_(blue_archive),1,蔚蓝档案,2007
fubuki_(blue_archive),fubuki_(blue_archive),0,蔚蓝档案,1955
tsubaki_(blue_archive),tsubaki_(blue_archive),0,蔚蓝档案,1948
moe_(blue_archive),moe_(blue_archive),0,蔚蓝档案,1871
sakurako_(blue_archive),sakurako_(blue_archive),0,蔚蓝档案,1869
koharu_(swimsuit)_(blue_archive),koharu_(blue_archive),1,蔚蓝档案,1854
misaki_(blue_archive),misaki_(blue_archive),0,蔚蓝档案,1835
ayane_(blue_archive),ayane_(blue_archive),0,蔚蓝档案,1832
aris_(maid)_(blue_archive),aris_(blue_archive),1,蔚蓝档案,1805
nonomi_(swimsuit)_(blue_archive),nonomi_(blue_archive),1,蔚蓝档案,1798
hasumi_(track)_(blue_archive),hasumi_(blue_archive),1,蔚蓝档案,1794
maki_(blue_archive),maki_(blue_archive),0,蔚蓝档案,1791
hiyori_(blue_archive),hiyori_(blue_archive),0,蔚蓝档案,1772
neru_(bunny)_(blue_archive),neru_(blue_archive),1,蔚蓝档案,1743
kanoe_(blue_archive),kanoe_(blue_archive),0,蔚蓝档案,1706
shigure_(blue_archive),shigure_(blue_archive),0,蔚蓝档案,1688
niko_(blue_archive),niko_(blue_archive),0,蔚蓝档案,1679
ako_(dress)_(blue_archive),ako_(blue_archive),1,蔚蓝档案,1666
kirara_(blue_archive),kirara_(blue_archive),0,蔚蓝档案,1644
serina_(blue_archive),serina_(blue_archive),0,蔚蓝档案,1625
kasumi_(blue_archive),kasumi_(blue_archive),0,蔚蓝档案,1614
fuuka_(blue_archive),fuuka_(blue_archive),0,蔚蓝档案,1609
miyo_(blue_archive),miyo_(blue_archive),0,蔚蓝档案,1604
female_sensei_(blue_archive),female_sensei_(blue_archive),0,蔚蓝档案,1587
satsuki_(blue_archive),satsuki_(blue_archive),0,蔚蓝档案,1565
kazusa_(band)_(blue_archive),kazusa_(blue_archive),1,蔚蓝档案,1536
hinata_(blue_archive),hinata_(blue_archive),0,蔚蓝档案,1526
izuna_(swimsuit)_(blue_archive),izuna_(blue_archive),1,蔚蓝档案,1516
miyu_(swimsuit)_(blue_archive),miyu_(blue_archive),1,蔚蓝档案,1479
mika_(swimsuit)_(blue_archive),mika_(blue_archive),1,蔚蓝档案,1447
iori_(swimsuit)_(blue_archive),iori_(blue_archive),1,蔚蓝档案,1435
hare_(blue_archive),hare_(blue_archive),0,蔚蓝档案,1425
akira_(blue_archive),akira_(blue_archive),0,蔚蓝档案,1391
hasumi_(swimsuit)_(blue_archive),hasumi_(blue_archive),1,蔚蓝档案,1384
mari_(idol)_(blue_archive),mari_(blue_archive),1,蔚蓝档案,1353
aoba_(blue_archive),aoba_(blue_archive),0,蔚蓝档案,1353
rio_(armed)_(blue_archive),rio_(blue_archive),1,蔚蓝档案,1344
shuro_(blue_archive),shuro_(blue_archive),0,蔚蓝档案,1300
kei_(aris)_(blue_archive),kei_(blue_archive),1,蔚蓝档案,1292
saki_(swimsuit)_(blue_archive),saki_(blue_archive),1,蔚蓝档案,1270
chihiro_(blue_archive),chihiro_(blue_archive),0,蔚蓝档案,1265
kirino_(blue_archive),kirino_(blue_archive),0,蔚蓝档案,1261
serika_(swimsuit)_(blue_archive),serika_(blue_archive),1,蔚蓝档案,1246
hoshino_(first_year)_(blue_archive),hoshino_(blue_archive),1,蔚蓝档案,1240
ui_(swimsuit)_(blue_archive),ui_(blue_archive),1,蔚蓝档案,1226
akane_(bunny)_(blue_archive),akane_(blue_archive),1,蔚蓝档案,1195
yume_(blue_archive),yume_(blue_archive),0,蔚蓝档案,1171
hina_(pajamas)_(blue_archive),hina_(blue_archive),1,蔚蓝档案,1164
kaede_(blue_archive),kaede_(blue_archive),0,蔚蓝档案,1159
junko_(blue_archive),junko_(blue_archive),0,蔚蓝档案,1131
karin_(school_uniform)_(blue_archive),karin_(blue_archive),1,蔚蓝档案,1113
otogi_(blue_archive),otogi_(blue_archive),0,蔚蓝档案,1111
chise_(blue_archive),chise_(blue_archive),0,蔚蓝档案,1100
kotori_(blue_archive),kotori_(blue_archive),0,蔚蓝档案,1097
midori_(maid)_(blue_archive),midori_(blue_archive),1,蔚蓝档案,1092
chinatsu_(blue_archive),chinatsu_(blue_archive),0,蔚蓝档案,1090
makoto_(blue_archive),makoto_(blue_archive),0,蔚蓝档案,1090
yukari_(blue_archive),yukari_(blue_archive),0,蔚蓝档案,1090
aru_(dress)_(blue_archive),aru_(blue_archive),1,蔚蓝档案,1086
wakamo_(swimsuit)_(blue_archive),wakamo_(blue_archive),1,蔚蓝档案,1080
saori_(dress)_(blue_archive),saori_(blue_archive),1,蔚蓝档案,1068
mine_(blue_archive),mine_(blue_archive),0,蔚蓝档案,1065
rin_(blue_archive),rin_(blue_archive),0,蔚蓝档案,1058
momoi_(maid)_(blue_archive),momoi_(blue_archive),1,蔚蓝档案,1047
kaho_(blue_archive),kaho_(blue_archive),0,蔚蓝档案,1027
hifumi_(swimsuit)_(blue_archive),hifumi_(blue_archive),1,蔚蓝档案,1012
michiru_(blue_archive),michiru_(blue_archive),0,蔚蓝档案,1002
eimi_(swimsuit)_(blue_archive),eimi_(blue_archive),1,蔚蓝档案,1000
kurumi_(blue_archive),kurumi_(blue_archive),0,蔚蓝档案,991
yuuka_(pajamas)_(blue_archive),yuuka_(blue_archive),1,蔚蓝档案,989
sora_(blue_archive),sora_(blue_archive),0,蔚蓝档案,978
konoka_(blue_archive),konoka_(blue_archive),0,蔚蓝档案,973
rumi_(blue_archive),rumi_(blue_archive),0,蔚蓝档案,961
suzumi_(blue_archive),suzumi_(blue_archive),0,蔚蓝档案,952
kikyou_(swimsuit)_(blue_archive),kikyou_(blue_archive),1,蔚蓝档案,933
reijo_(blue_archive),reijo_(blue_archive),0,蔚蓝档案,924
ein_(blue_archive),ein_(blue_archive),0,蔚蓝档案,918
fubuki_(swimsuit)_(blue_archive),fubuki_(blue_archive),1,蔚蓝档案,904
shimiko_(blue_archive),shimiko_(blue_archive),0,蔚蓝档案,901
nagusa_(blue_archive),nagusa_(blue_archive),0,蔚蓝档案,897
hanae_(blue_archive),hanae_(blue_archive),0,蔚蓝档案,887
noa_(pajamas)_(blue_archive),noa_(blue_archive),1,蔚蓝档案,851
mashiro_(blue_archive),mashiro_(blue_archive),0,蔚蓝档案,833
reisa_(magical)_(blue_archive),reisa_(blue_archive),1,蔚蓝档案,826
hiyori_(swimsuit)_(blue_archive),hiyori_(blue_archive),1,蔚蓝档案,818
nagisa_(swimsuit)_(blue_archive),nagisa_(blue_archive),1,蔚蓝档案,812
shigure_(hot_spring)_(blue_archive),shigure_(blue_archive),1,蔚蓝档案,809
azusa_(swimsuit)_(blue_archive),azusa_(blue_archive),1,蔚蓝档案,805
tsukuyo_(blue_archive),tsukuyo_(blue_archive),0,蔚蓝档案,805
natsu_(band)_(blue_archive),natsu_(blue_archive),1,蔚蓝档案,798
haruna_(track)_(blue_archive),haruna_(blue_archive),1,蔚蓝档案,796
moe_(swimsuit)_(blue_archive),moe_(blue_archive),1,蔚蓝档案,779
megu_(blue_archive),megu_(blue_archive),0,蔚蓝档案,765
kayoko_(new_year)_(blue_archive),kayoko_(blue_archive),1,蔚蓝档案,760
aoi_(blue_archive),aoi_(blue_archive),0,蔚蓝档案,757
renge_(blue_archive),renge_(blue_archive),0,蔚蓝档案,757
utaha_(blue_archive),utaha_(blue_archive),0,蔚蓝档案,741
ichika_(swimsuit)_(blue_archive),ichika_(blue_archive),1,蔚蓝档案,739
airi_(band)_(blue_archive),airi_(blue_archive),1,蔚蓝档案,736
maki_(camp)_(blue_archive),maki_(blue_archive),1,蔚蓝档案,734
cherino_(blue_archive),cherino_(blue_archive),0,蔚蓝档案,712
yuzu_(maid)_(blue_archive),yuzu_(blue_archive),1,蔚蓝档案,709
mutsuki_(dress)_(blue_archive),mutsuki_(blue_archive),1,蔚蓝档案,708
izumi_(blue_archive),izumi_(blue_archive),0,蔚蓝档案,698
kei_(orange_robot)_(blue_archive),kei_(blue_archive),1,蔚蓝档案,685
akari_(blue_archive),akari_(blue_archive),0,蔚蓝档案,672
kotori_(cheer_squad)_(blue_archive),kotori_(blue_archive),1,蔚蓝档案,670
kazusa_(halloween)_(blue_archive),kazusa_(blue_archive),1,蔚蓝档案,668
chiaki_(blue_archive),chiaki_(blue_archive),0,蔚蓝档案,666
sena_(blue_archive),sena_(blue_archive),0,蔚蓝档案,662
yukino_(blue_archive),yukino_(blue_archive),0,蔚蓝档案,661
saori_(swimsuit)_(blue_archive),saori_(blue_archive),1,蔚蓝档案,660
shizuko_(blue_archive),shizuko_(blue_archive),0,蔚蓝档案,658
yoshimi_(band)_(blue_archive),yoshimi_(blue_archive),1,蔚蓝档案,653
mimori_(blue_archive),mimori_(blue_archive),0,蔚蓝档案,649
marina_(blue_archive),marina_(blue_archive),0,蔚蓝档案,634
sof_(blue_archive),sof_(blue_archive),0,蔚蓝档案,623
shiroko_(cycling)_(blue_archive),shiroko_(blue_archive),1,蔚蓝档案,617
takane_(blue_archive),takane_(blue_archive),0,蔚蓝档案,578
erika_(blue_archive),erika_(blue_archive),0,蔚蓝档案,573
kei_(robot)_(blue_archive),kei_(blue_archive),1,蔚蓝档案,567
kotama_(blue_archive),kotama_(blue_archive),0,蔚蓝档案,561
atsuko_(swimsuit)_(blue_archive),atsuko_(blue_archive),1,蔚蓝档案,560
chise_(swimsuit)_(blue_archive),chise_(blue_archive),1,蔚蓝档案,557
hoshino_(armed)_(blue_archive),hoshino_(blue_archive),1,蔚蓝档案,556
ohr_(blue_archive),ohr_(blue_archive),0,蔚蓝档案,543
niya_(blue_archive),niya_(blue_archive),0,蔚蓝档案,539
hinata_(swimsuit)_(blue_archive),hinata_(blue_archive),1,蔚蓝档案,539
shimiko_(magical)_(blue_archive),shimiko_(blue_archive),1,蔚蓝档案,539
sakurako_(idol)_(blue_archive),sakurako_(blue_archive),1,蔚蓝档案,535
mutsuki_(new_year)_(blue_archive),mutsuki_(blue_archive),1,蔚蓝档案,533
mika_(track)_(blue_archive),mika_(blue_archive),1,蔚蓝档案,520
kaya_(blue_archive),kaya_(blue_archive),0,蔚蓝档案,511
tsubaki_(guide)_(blue_archive),tsubaki_(blue_archive),1,蔚蓝档案,506
mina_(blue_archive),mina_(blue_archive),0,蔚蓝档案,503
rena_(blue_archive),rena_(blue_archive),0,蔚蓝档案,499
toki_(school_uniform)_(blue_archive),toki_(blue_archive),1,蔚蓝档案,496
neru_(school_uniform)_(blue_archive),neru_(blue_archive),1,蔚蓝档案,490
sumire_(blue_archive),sumire_(blue_archive),0,蔚蓝档案,485
suou_(blue_archive),suou_(blue_archive),0,蔚蓝档案,465
himari_(armed)_(blue_archive),himari_(blue_archive),1,蔚蓝档案,464
kirino_(swimsuit)_(blue_archive),kirino_(blue_archive),1,蔚蓝档案,455
kisaki_(kindergarten_uniform)_(blue_archive),kisaki_(blue_archive),1,蔚蓝档案,454
malkuth_(blue_archive),malkuth_(blue_archive),0,蔚蓝档案,452
misaki_(swimsuit)_(blue_archive),misaki_(blue_archive),1,蔚蓝档案,448
kaguya_(blue_archive),kaguya_(blue_archive),0,蔚蓝档案,447
aris_(armed)_(blue_archive),aris_(blue_archive),1,蔚蓝档案,447
sakurako_(justina_uniform)_(blue_archive),sakurako_(blue_archive),1,蔚蓝档案,439
akane_(school_uniform)_(blue_archive),akane_(blue_archive),1,蔚蓝档案,431
juri_(blue_archive),juri_(blue_archive),0,蔚蓝档案,430
umika_(blue_archive),umika_(blue_archive),0,蔚蓝档案,424
momoka_(blue_archive),momoka_(blue_archive),0,蔚蓝档案,420
skullman_(blue_archive),skullman_(blue_archive),0,蔚蓝档案,407
nodoka_(blue_archive),nodoka_(blue_archive),0,蔚蓝档案,397
ayane_(swimsuit)_(blue_archive),ayane_(blue_archive),1,蔚蓝档案,396
rio_(bodysuit)_(blue_archive),rio_(blue_archive),1,蔚蓝档案,380
shizuko_(swimsuit)_(blue_archive),shizuko_(blue_archive),1,蔚蓝档案,377
koyuki_(pajamas)_(blue_archive),koyuki_(blue_archive),1,蔚蓝档案,374
hare_(camp)_(blue_archive),hare_(blue_archive),1,蔚蓝档案,372
tsurugi_(swimsuit)_(blue_archive),tsurugi_(blue_archive),1,蔚蓝档案,370
subaru_(blue_archive),subaru_(blue_archive),0,蔚蓝档案,369
general_student_council_president_(blue_archive),general_student_council_president_(blue_archive),0,蔚蓝档案,368
serina_(nurse)_(blue_archive),serina_(blue_archive),1,蔚蓝档案,368
rabu_(blue_archive),rabu_(blue_archive),0,蔚蓝档案,359
saya_(blue_archive),saya_(blue_archive),0,蔚蓝档案,357
suzumi_(magical)_(blue_archive),suzumi_(blue_archive),1,蔚蓝档案,351
yoshimi_(halloween)_(blue_archive),yoshimi_(blue_archive),1,蔚蓝档案,345
rumi_(small)_(blue_archive),rumi_(blue_archive),1,蔚蓝档案,340
tomoe_(blue_archive),tomoe_(blue_archive),0,蔚蓝档案,327
blonde_student_council_president_(blue_archive),blonde_student_council_president_(blue_archive),0,蔚蓝档案,322
momiji_(blue_archive),momiji_(blue_archive),0,蔚蓝档案,314
serina_(christmas)_(blue_archive),serina_(blue_archive),1,蔚蓝档案,313
phrenapates_(blue_archive),phrenapates_(blue_archive),0,蔚蓝档案,312
problem_solver_sensei_(blue_archive),problem_solver_sensei_(blue_archive),0,蔚蓝档案,308
toki_(abi-eshuh)_(blue_archive),toki_(blue_archive),1,蔚蓝档案,302
justina_follower_(blue_archive),justina_follower_(blue_archive),0,蔚蓝档案,291
pina_(blue_archive),pina_(blue_archive),0,蔚蓝档案,286
shiroko_(young)_(blue_archive),shiroko_(blue_archive),1,蔚蓝档案,285
kisaki_(school_uniform)_(blue_archive),kisaki_(blue_archive),1,蔚蓝档案,285
sumomo_(blue_archive),sumomo_(blue_archive),0,蔚蓝档案,279
mine_(idol)_(blue_archive),mine_(blue_archive),1,蔚蓝档案,279
miyako_(young)_(blue_archive),miyako_(blue_archive),1,蔚蓝档案,275
haruna_(new_year)_(blue_archive),haruna_(blue_archive),1,蔚蓝档案,274
chlorella_observation_club_member_(blue_archive),chlorella_observation_club_member_(blue_archive),0,蔚蓝档案,271
aru_(new_year)_(blue_archive),aru_(blue_archive),1,蔚蓝档案,270
haruka_(new_year)_(blue_archive),haruka_(blue_archive),1,蔚蓝档案,270
black_suit_(blue_archive),black_suit_(blue_archive),0,蔚蓝档案,268
wavecat_(blue_archive),wavecat_(blue_archive),0,蔚蓝档案,262
chinatsu_(hot_spring)_(blue_archive),chinatsu_(blue_archive),1,蔚蓝档案,261
hoshino_(second_year)_(blue_archive),hoshino_(blue_archive),1,蔚蓝档案,260
professor_niyaniya_(teacher)_(blue_archive),professor_niyaniya_(blue_archive),1,蔚蓝档案,255
eimi_(armed)_(blue_archive),eimi_(blue_archive),1,蔚蓝档案,252
meru_(blue_archive),meru_(blue_archive),0,蔚蓝档案,247
haruka_(dress)_(blue_archive),haruka_(blue_archive),1,蔚蓝档案,240
minori_(blue_archive),minori_(blue_archive),0,蔚蓝档案,236
sena_(casual)_(blue_archive),sena_(blue_archive),1,蔚蓝档案,229
misuzu_(blue_archive),misuzu_(blue_archive),0,蔚蓝档案,229
yukari_(swimsuit)_(blue_archive),yukari_(blue_archive),1,蔚蓝档案,226
tsumugi_(blue_archive),tsumugi_(blue_archive),0,蔚蓝档案,225
binah_(blue_archive),binah_(blue_archive),0,蔚蓝档案,224
kuzunoha_(blue_archive),kuzunoha_(blue_archive),0,蔚蓝档案,221
hanae_(christmas)_(blue_archive),hanae_(blue_archive),1,蔚蓝档案,221
natsuki_(blue_archive),natsuki_(blue_archive),0,蔚蓝档案,217
kei_(amas)_(blue_archive),kei_(blue_archive),1,蔚蓝档案,215
mimori_(swimsuit)_(blue_archive),mimori_(blue_archive),1,蔚蓝档案,214
fuuka_(new_year)_(blue_archive),fuuka_(blue_archive),1,蔚蓝档案,211
mashiro_(swimsuit)_(blue_archive),mashiro_(blue_archive),1,蔚蓝档案,209
serika_(new_year)_(blue_archive),serika_(blue_archive),1,蔚蓝档案,209
mari_(swimsuit)_(blue_archive),mari_(blue_archive),1,蔚蓝档案,202
haruka_(suit)_(blue_archive),haruka_(blue_archive),1,蔚蓝档案,202
michiru_(dress)_(blue_archive),michiru_(blue_archive),1,蔚蓝档案,201
makoto_(dress)_(blue_archive),makoto_(blue_archive),1,蔚蓝档案,195
kotama_(camp)_(blue_archive),kotama_(blue_archive),1,蔚蓝档案,193
koyuki_(bunny)_(blue_archive),koyuki_(blue_archive),1,蔚蓝档案,192
toki_(armed)_(blue_archive),toki_(blue_archive),1,蔚蓝档案,191
fuyu_(blue_archive),fuyu_(blue_archive),0,蔚蓝档案,189
rei_(blue_archive),rei_(blue_archive),0,蔚蓝档案,188
ayumu_(blue_archive),ayumu_(blue_archive),0,蔚蓝档案,187
izumi_(swimsuit)_(blue_archive),izumi_(blue_archive),1,蔚蓝档案,187
aris_(winter)_(blue_archive),aris_(blue_archive),1,蔚蓝档案,187
rio_(dress)_(blue_archive),rio_(blue_archive),1,蔚蓝档案,186
millennium_science_school_student_(blue_archive),millennium_science_school_student_(blue_archive),0,蔚蓝档案,185
rickshaw_student_(blue_archive),rickshaw_student_(blue_archive),0,蔚蓝档案,184
tomoe_(qipao)_(blue_archive),tomoe_(blue_archive),1,蔚蓝档案,184
ritsu_(blue_archive),ritsu_(blue_archive),0,蔚蓝档案,184
pan-chan_(blue_archive),pan-chan_(blue_archive),0,蔚蓝档案,180
akemi_(blue_archive),akemi_(blue_archive),0,蔚蓝档案,178
junko_(new_year)_(blue_archive),junko_(blue_archive),1,蔚蓝档案,177
yakumo_(blue_archive),yakumo_(blue_archive),0,蔚蓝档案,177
renge_(swimsuit)_(blue_archive),renge_(blue_archive),1,蔚蓝档案,176
kai_(blue_archive),kai_(blue_archive),0,蔚蓝档案,173
kokuriko_(blue_archive),kokuriko_(blue_archive),0,蔚蓝档案,172
maia_(blue_archive),maia_(blue_archive),0,蔚蓝档案,172
helmet_gangster_(blue_archive),helmet_gangster_(blue_archive),0,蔚蓝档案,168
trinity_student_(blue_archive),trinity_student_(blue_archive),0,蔚蓝档案,167
prefect_team_member_(blue_archive),prefect_team_member_(blue_archive),0,蔚蓝档案,167
nagusa_(swimsuit)_(blue_archive),nagusa_(blue_archive),1,蔚蓝档案,164
kei_(decagrammaton)_(blue_archive),kei_(blue_archive),1,蔚蓝档案,160
android_(blue_archive),android_(blue_archive),0,蔚蓝档案,159
tea_party_militant_(blue_archive),tea_party_militant_(blue_archive),0,蔚蓝档案,152
momoi_(winter)_(blue_archive),momoi_(blue_archive),1,蔚蓝档案,151
azami_(blue_archive),azami_(blue_archive),0,蔚蓝档案,150
marina_(qipao)_(blue_archive),marina_(blue_archive),1,蔚蓝档案,149
millennium_science_school_student_b_(blue_archive),millennium_science_school_student_b_(blue_archive),0,蔚蓝档案,148
cherino_(hot_spring)_(blue_archive),cherino_(blue_archive),1,蔚蓝档案,147
ako_(track)_(blue_archive),ako_(blue_archive),1,蔚蓝档案,146
hatsune_miku_(blue_archive),hatsune_miku_(blue_archive),0,蔚蓝档案,146
nodoka_(hot_spring)_(blue_archive),nodoka_(blue_archive),1,蔚蓝档案,143
juri_(part-time)_(blue_archive),juri_(blue_archive),1,蔚蓝档案,143
hiromi_(blue_archive),hiromi_(blue_archive),0,蔚蓝档案,143
millennium_science_school_student_a_(blue_archive),millennium_science_school_student_a_(blue_archive),0,蔚蓝档案,141
akari_(new_year)_(blue_archive),akari_(blue_archive),1,蔚蓝档案,141
ibuki_(dress)_(blue_archive),ibuki_(blue_archive),1,蔚蓝档案,140
maki_(pajamas)_(blue_archive),maki_(blue_archive),1,蔚蓝档案,139
midori_(winter)_(blue_archive),midori_(blue_archive),1,蔚蓝档案,136
beatrice_(blue_archive),beatrice_(blue_archive),0,蔚蓝档案,135
avant_garde_(blue_archive),avant_garde_(blue_archive),0,蔚蓝档案,132
serika_(idol)_(blue_archive),serika_(blue_archive),1,蔚蓝档案,131
hoshino_(flowery_charms)_(blue_archive),hoshino_(blue_archive),1,蔚蓝档案,130
utaha_(cheer_squad)_(blue_archive),utaha_(blue_archive),1,蔚蓝档案,128
pina_(guide)_(blue_archive),pina_(blue_archive),1,蔚蓝档案,126
cherino_(qipao)_(blue_archive),cherino_(blue_archive),1,蔚蓝档案,126
himari_(winter)_(blue_archive),himari_(blue_archive),1,蔚蓝档案,125
kasumi_(swimsuit)_(blue_archive),kasumi_(blue_archive),1,蔚蓝档案,123
yuzu_(armed)_(blue_archive),yuzu_(blue_archive),1,蔚蓝档案,123
chihiro_(camp)_(blue_archive),chihiro_(blue_archive),1,蔚蓝档案,117
mutsuki_(suit)_(blue_archive),mutsuki_(blue_archive),1,蔚蓝档案,114
hoshino_terror_(blue_archive),hoshino_terror_(blue_archive),0,蔚蓝档案,114
momoi_(armed)_(blue_archive),momoi_(blue_archive),1,蔚蓝档案,114
airi_(halloween)_(blue_archive),airi_(blue_archive),1,蔚蓝档案,113
fuuka_(casual)_(blue_archive),fuuka_(blue_archive),1,蔚蓝档案,113
serika_(waitress)_(blue_archive),serika_(blue_archive),1,蔚蓝档案,112
mirai_(blue_archive),mirai_(blue_archive),0,蔚蓝档案,110
hanae_(cheer_squad)_(blue_archive),hanae_(blue_archive),1,蔚蓝档案,108
kanna_(young)_(blue_archive),kanna_(blue_archive),1,蔚蓝档案,108
big_brother_(blue_archive),big_brother_(blue_archive),0,蔚蓝档案,108
tsurugi_(dress)_(blue_archive),tsurugi_(blue_archive),1,蔚蓝档案,108
aru_(young)_(blue_archive),aru_(blue_archive),1,蔚蓝档案,104
faust_(blue_archive),faust_(blue_archive),0,蔚蓝档案,101
chlorella_observation_club_member_(swimsuit)_(blue_archive),chlorella_observation_club_member_(blue_archive),1,蔚蓝档案,101
tsubasa_(blue_archive),tsubasa_(blue_archive),0,蔚蓝档案,100
ayane_(idol)_(blue_archive),ayane_(blue_archive),1,蔚蓝档案,98
akira_(miria)_(blue_archive),akira_(blue_archive),1,蔚蓝档案,96
kaede_(guide)_(blue_archive),kaede_(blue_archive),1,蔚蓝档案,95
sumire_(part-time)_(blue_archive),sumire_(blue_archive),1,蔚蓝档案,95
natsu_(halloween)_(blue_archive),natsu_(blue_archive),1,蔚蓝档案,93
hare_(pajamas)_(blue_archive),hare_(blue_archive),1,蔚蓝档案,93
tsukuyo_(dress)_(blue_archive),tsukuyo_(blue_archive),1,蔚蓝档案,93
saya_(casual)_(blue_archive),saya_(blue_archive),1,蔚蓝档案,89
ichika_(suit)_(blue_archive),ichika_(blue_archive),1,蔚蓝档案,85
izuna_(dress)_(blue_archive),izuna_(blue_archive),1,蔚蓝档案,83
haruna_(swimsuit)_(blue_archive),haruna_(blue_archive),1,蔚蓝档案,82
midori_(armed)_(blue_archive),midori_(blue_archive),1,蔚蓝档案,72
aoba_(mom's_touch)_(blue_archive),aoba_(blue_archive),1,蔚蓝档案,71
yuzu_(winter)_(blue_archive),yuzu_(blue_archive),1,蔚蓝档案,70
rabu_(swimsuit)_(blue_archive),rabu_(blue_archive),1,蔚蓝档案,68
kayoko_(sundress)_(blue_archive),kayoko_(blue_archive),1,蔚蓝档案,68
chihiro_(pajamas)_(blue_archive),chihiro_(blue_archive),1,蔚蓝档案,66
wakamo_(valentine)_(blue_archive),wakamo_(blue_archive),1,蔚蓝档案,66
kisaki_(dress)_(blue_archive),kisaki_(blue_archive),1,蔚蓝档案,64
megu_(swimsuit)_(blue_archive),megu_(blue_archive),1,蔚蓝档案,63
aris_(mecha_suit)_(blue_archive),aris_(blue_archive),1,蔚蓝档案,62
hina_(new_year)_(blue_archive),hina_(blue_archive),1,蔚蓝档案,60
ibuki_(anniversary_swimsuit)_(blue_archive),ibuki_(blue_archive),1,蔚蓝档案,59
seia_(harem)_(blue_archive),seia_(blue_archive),1,蔚蓝档案,59
aris_(princess)_(blue_archive),aris_(blue_archive),1,蔚蓝档案,56
izumi_(new_year)_(blue_archive),izumi_(blue_archive),1,蔚蓝档案,53
mutsuki_(flowery_charms)_(blue_archive),mutsuki_(blue_archive),1,蔚蓝档案,53
subaru_(maid)_(blue_archive),subaru_(blue_archive),1,蔚蓝档案,53
hoshino_(new_year)_(blue_archive),hoshino_(blue_archive),1,蔚蓝档案,52
eri_(succubus)_(blue_archive),eri_(blue_archive),1,蔚蓝档案,50
neru_(swimsuit)_(blue_archive),neru_(blue_archive),1,蔚蓝档案,48
seia_(new_year)_(blue_archive),seia_(blue_archive),1,蔚蓝档案,48
hoshino_(mid-autumn_festival)_(blue_archive),hoshino_(blue_archive),1,蔚蓝档案,48
koharu_(pizza_hut)_(blue_archive),koharu_(blue_archive),1,蔚蓝档案,47
kaya_(prison)_(blue_archive),kaya_(blue_archive),1,蔚蓝档案,47
nozomi_(mom's_touch)_(blue_archive),nozomi_(blue_archive),1,蔚蓝档案,46
hikari_(mom's_touch)_(blue_archive),hikari_(blue_archive),1,蔚蓝档案,46
himari_(bodysuit)_(blue_archive),himari_(blue_archive),1,蔚蓝档案,42
plana_(new_year)_(blue_archive),plana_(blue_archive),1,蔚蓝档案,42
fubuki_(idol)_(blue_archive),fubuki_(blue_archive),1,蔚蓝档案,41
momoi_(battlesuit)_(blue_archive),momoi_(blue_archive),1,蔚蓝档案,40
tsubaki_(swimsuit)_(blue_archive),tsubaki_(blue_archive),1,蔚蓝档案,38
kirino_(idol)_(blue_archive),kirino_(blue_archive),1,蔚蓝档案,37
kotama_(pajamas)_(blue_archive),kotama_(blue_archive),1,蔚蓝档案,37
rin_(casual)_(blue_archive),rin_(blue_archive),1,蔚蓝档案,35
rio_(winter)_(blue_archive),rio_(blue_archive),1,蔚蓝档案,34
mika_(new_year)_(blue_archive),mika_(blue_archive),1,蔚蓝档案,33
kei_(new_body)_(blue_archive),kei_(blue_archive),1,蔚蓝档案,32
arona_(new_year)_(blue_archive),arona_(blue_archive),1,蔚蓝档案,32
hibiki_(jirai_kei)_(blue_archive),hibiki_(blue_archive),1,蔚蓝档案,32
meru_(hot_spring)_(blue_archive),meru_(blue_archive),1,蔚蓝档案,31
iroha_(anniversary_swimsuit)_(blue_archive),iroha_(blue_archive),1,蔚蓝档案,29
izumi_(track)_(blue_archive),izumi_(blue_archive),1,蔚蓝档案,28
satsuki_(anniversary_swimsuit)_(blue_archive),satsuki_(blue_archive),1,蔚蓝档案,27
misaki_(zozotown)_(blue_archive),misaki_(blue_archive),1,蔚蓝档案,26
miyo_(young)_(blue_archive),miyo_(blue_archive),1,蔚蓝档案,23
kanoe_(succubus)_(blue_archive),kanoe_(blue_archive),1,蔚蓝档案,23
midori_(battlesuit)_(blue_archive),midori_(blue_archive),1,蔚蓝档案,21
kaede_(swimsuit)_(blue_archive),kaede_(blue_archive),1,蔚蓝档案,18
plana_(dress)_(blue_archive),plana_(blue_archive),1,蔚蓝档案,17
umika_(swimsuit)_(blue_archive),umika_(blue_archive),1,蔚蓝档案,17
cherino_(portrait)_(blue_archive),cherino_(blue_archive),1,蔚蓝档案,17
nagisa_(new_year)_(blue_archive),nagisa_(blue_archive),1,蔚蓝档案,17
shiroko_(flowery_charms)_(blue_archive),shiroko_(blue_archive),1,蔚蓝档案,16
utaha_(idol)_(blue_archive),utaha_(blue_archive),1,蔚蓝档案,16
saori_(zozotown)_(blue_archive),saori_(blue_archive),1,蔚蓝档案,16
yukari_(young)_(blue_archive),yukari_(blue_archive),1,蔚蓝档案,16
hoshino_(dress)_(blue_archive),hoshino_(blue_archive),1,蔚蓝档案,16
justice_task_force_member_(maid)_(blue_archive),justice_task_force_member_(blue_archive),1,蔚蓝档案,15
plana_(qipao)_(blue_archive),plana_(blue_archive),1,蔚蓝档案,14
seia_(sundress)_(blue_archive),seia_(blue_archive),1,蔚蓝档案,14
aru_(flowery_charms)_(blue_archive),aru_(blue_archive),1,蔚蓝档案,13
shiroko_(pizza_hut)_(blue_archive),shiroko_(blue_archive),1,蔚蓝档案,13
makoto_(anniversary_swimsuit)_(blue_archive),makoto_(blue_archive),1,蔚蓝档案,12
seia_(bikini)_(blue_archive),seia_(blue_archive),1,蔚蓝档案,12
wakamo_(pizza_hut)_(blue_archive),wakamo_(blue_archive),1,蔚蓝档案,11
cherino_(dress)_(blue_archive),cherino_(blue_archive),1,蔚蓝档案,10
toki_(bodysuit)_(blue_archive),toki_(blue_archive),1,蔚蓝档案,9
aris_(moon_rabbit)_(blue_archive),aris_(blue_archive),1,蔚蓝档案,8
yuzu_(pilot_suit)_(blue_archive),yuzu_(blue_archive),1,蔚蓝档案,7
chiaki_(anniversary_swimsuit)_(blue_archive),chiaki_(blue_archive),1,蔚蓝档案,7
nagisa_(dress)_(blue_archive),nagisa_(blue_archive),1,蔚蓝档案,6
rabu_(mascot)_(blue_archive),rabu_(blue_archive),1,蔚蓝档案,6
atsuko_(zozotown)_(blue_archive),atsuko_(blue_archive),1,蔚蓝档案,5
makoto_(red_dress)_(blue_archive),makoto_(blue_archive),1,蔚蓝档案,5
kanna_(unused_character)_(blue_archive),kanna_(blue_archive),1,蔚蓝档案,4
reijo_(unused_character)_(blue_archive),reijo_(blue_archive),1,蔚蓝档案,4
yukari_(unused_character)_(blue_archive),yukari_(blue_archive),1,蔚蓝档案,4
niya_(dress)_(blue_archive),niya_(blue_archive),1,蔚蓝档案,4
hiyori_(zozotown)_(blue_archive),hiyori_(blue_archive),1,蔚蓝档案,1
kotori_(cheerleader)_(blue_archive),kotori_(blue_archive),1,蔚蓝档案,0
utaha_(cheerleader)_(blue_archive),utaha_(blue_archive),1,蔚蓝档案,0
hanae_(cheerleader)_(blue_archive),hanae_(blue_archive),1,蔚蓝档案,0
koyuki_(bunny)(blue_archive),koyuki_(blue_archive),1,蔚蓝档案,0
hoshino_(young)_(blue_archive),hoshino_(blue_archive),1,蔚蓝档案,0
hibiki_(cheerleader)_(blue_archive),hibiki_(blue_archive),1,蔚蓝档案,0
wakamo_(pizza-hut)_(blue_archive),wakamo_(blue_archive),1,蔚蓝档案,0
mika_(gym)_(blue_archive),mika_(blue_archive),1,蔚蓝档案,0
eimi_(battlesuit)_(blue_archive),eimi_(blue_archive),1,蔚蓝档案,0
momoi_(battle)_(blue_archive),momoi_(blue_archive),1,蔚蓝档案,0
midori_(battle)_(blue_archive),midori_(blue_archive),1,蔚蓝档案,0
eimi_(battle)_(blue_archive),eimi_(blue_archive),1,蔚蓝档案,0
yuzu_(battle)_(blue_archive),yuzu_(blue_archive),1,蔚蓝档案,0
aris_(evil)_(blue_archive),aris_(blue_archive),1,蔚蓝档案,0
himari_(battle)_(blue_archive),himari_(blue_archive),1,蔚蓝档案,0
female_sensei_(sakishimadara)_(blue_archive),female_sensei_(blue_archive),1,蔚蓝档案,0
shiroko_(pizza-hut)_(blue_archive),shiroko_(blue_archive),1,蔚蓝档案,0
sena_(dress)_(blue_archive),sena_(blue_archive),1,蔚蓝档案,0
sena_(sundress)_(blue_archive),sena_(blue_archive),1,蔚蓝档案,0
koharu_(pizza-hut)_(blue_archive),koharu_(blue_archive),1,蔚蓝档案,0
iori_(dress)_(blue_archive),iori_(blue_archive),1,蔚蓝档案,0
eimi_(bodysuit)_(blue_archive),eimi_(blue_archive),1,蔚蓝档案,0
aris_(mid-autumn_festival)_(blue_archive),aris_(blue_archive),1,蔚蓝档案,0
suzumi_(magical)(blue_archive),suzumi_(blue_archive),1,蔚蓝档案,0
shiroko_(terror)_(blue_archive),shiroko_(blue_archive),1,蔚蓝档案,0
moe_(lawson)_(blue_archive),moe_(blue_archive),1,蔚蓝档案,0
saki_(lawson)_(blue_archive),saki_(blue_archive),1,蔚蓝档案,0
miyu_(lawson)_(blue_archive),miyu_(blue_archive),1,蔚蓝档案,0
miyako_(lawson)_(blue_archive),miyako_(blue_archive),1,蔚蓝档案,0
akane_(bunny_girl)_(blue_archive),akane_(blue_archive),1,蔚蓝档案,0
toki_(battle)_(blue_archive),toki_(blue_archive),1,蔚蓝档案,0
shun_(kid)_(blue_archive),shun_(blue_archive),1,蔚蓝档案,0
karin_(bunny_girl)_(blue_archive),karin_(blue_archive),1,蔚蓝档案,0
asuna_(bunny_girl)_(blue_archive),asuna_(blue_archive),1,蔚蓝档案,0
rio_(battle)_(blue_archive),rio_(blue_archive),1,蔚蓝档案,0
mari_(gym_uniform)_(blue_archive),mari_(blue_archive),1,蔚蓝档案,0
neru_(bunny_girl)_(blue_archive),neru_(blue_archive),1,蔚蓝档案,0
yuuka_(gym_uniform)_(blue_archive),yuuka_(blue_archive),1,蔚蓝档案,0
aris_(battle)_(blue_archive),aris_(blue_archive),1,蔚蓝档案,0
hoshino_(battle)_(blue_archive),hoshino_(blue_archive),1,蔚蓝档案,0
hasumi_(gym_uniform)_(blue_archive),hasumi_(blue_archive),1,蔚蓝档案,0
trainer_(umamusume),trainer_(umamusume),0,赛马娘,10357
agnes_tachyon_(umamusume),agnes_tachyon_(umamusume),0,赛马娘,9499
manhattan_cafe_(umamusume),manhattan_cafe_(umamusume),0,赛马娘,8294
gold_ship_(umamusume),gold_ship_(umamusume),0,赛马娘,7367
rice_shower_(umamusume),rice_shower_(umamusume),0,赛马娘,7280
mejiro_mcqueen_(umamusume),mejiro_mcqueen_(umamusume),0,赛马娘,6727
daiwa_scarlet_(umamusume),daiwa_scarlet_(umamusume),0,赛马娘,6646
tokai_teio_(umamusume),tokai_teio_(umamusume),0,赛马娘,5530
silence_suzuka_(umamusume),silence_suzuka_(umamusume),0,赛马娘,4888
satono_diamond_(umamusume),satono_diamond_(umamusume),0,赛马娘,4220
nice_nature_(umamusume),nice_nature_(umamusume),0,赛马娘,4108
oguri_cap_(umamusume),oguri_cap_(umamusume),0,赛马娘,3886
kitasan_black_(umamusume),kitasan_black_(umamusume),0,赛马娘,3886
special_week_(umamusume),special_week_(umamusume),0,赛马娘,3785
symboli_rudolf_(umamusume),symboli_rudolf_(umamusume),0,赛马娘,3707
agnes_tachyon_(tach-nology)_(umamusume),agnes_tachyon_(umamusume),1,赛马娘,3674
haru_urara_(umamusume),haru_urara_(umamusume),0,赛马娘,3096
admire_vega_(umamusume),admire_vega_(umamusume),0,赛马娘,2989
mihono_bourbon_(umamusume),mihono_bourbon_(umamusume),0,赛马娘,2889
twin_turbo_(umamusume),twin_turbo_(umamusume),0,赛马娘,2846
king_halo_(umamusume),king_halo_(umamusume),0,赛马娘,2823
vodka_(umamusume),vodka_(umamusume),0,赛马娘,2787
t-head_trainer_(umamusume),t-head_trainer_(umamusume),0,赛马娘,2774
curren_chan_(umamusume),curren_chan_(umamusume),0,赛马娘,2771
mayano_top_gun_(umamusume),mayano_top_gun_(umamusume),0,赛马娘,2748
cheval_grand_(umamusume),cheval_grand_(umamusume),0,赛马娘,2527
tamamo_cross_(umamusume),tamamo_cross_(umamusume),0,赛马娘,2516
seiun_sky_(umamusume),seiun_sky_(umamusume),0,赛马娘,2455
eishin_flash_(umamusume),eishin_flash_(umamusume),0,赛马娘,2410
sirius_symboli_(umamusume),sirius_symboli_(umamusume),0,赛马娘,2366
matikanetannhauser_(umamusume),matikanetannhauser_(umamusume),0,赛马娘,2358
grass_wonder_(umamusume),grass_wonder_(umamusume),0,赛马娘,2317
agnes_digital_(umamusume),agnes_digital_(umamusume),0,赛马娘,2298
gentildonna_(umamusume),gentildonna_(umamusume),0,赛马娘,2276
mr._c.b._(umamusume),mr._c.b._(umamusume),0,赛马娘,2269
narita_brian_(umamusume),narita_brian_(umamusume),0,赛马娘,2164
t.m._opera_o_(umamusume),t.m._opera_o_(umamusume),0,赛马娘,2155
air_groove_(umamusume),air_groove_(umamusume),0,赛马娘,2040
daitaku_helios_(umamusume),daitaku_helios_(umamusume),0,赛马娘,1938
jungle_pocket_(umamusume),jungle_pocket_(umamusume),0,赛马娘,1884
meisho_doto_(umamusume),meisho_doto_(umamusume),0,赛马娘,1866
matikanefukukitaru_(umamusume),matikanefukukitaru_(umamusume),0,赛马娘,1842
narita_taishin_(umamusume),narita_taishin_(umamusume),0,赛马娘,1835
katsuragi_ace_(umamusume),katsuragi_ace_(umamusume),0,赛马娘,1828
super_creek_(umamusume),super_creek_(umamusume),0,赛马娘,1791
dantsu_flame_(umamusume),dantsu_flame_(umamusume),0,赛马娘,1724
mejiro_ardan_(umamusume),mejiro_ardan_(umamusume),0,赛马娘,1716
smart_falcon_(umamusume),smart_falcon_(umamusume),0,赛马娘,1713
still_in_love_(umamusume),still_in_love_(umamusume),0,赛马娘,1695
biwa_hayahide_(umamusume),biwa_hayahide_(umamusume),0,赛马娘,1626
rice_shower_(rosy_dreams)_(umamusume),rice_shower_(umamusume),1,赛马娘,1626
mejiro_dober_(umamusume),mejiro_dober_(umamusume),0,赛马娘,1613
fine_motion_(umamusume),fine_motion_(umamusume),0,赛马娘,1595
vivlos_(umamusume),vivlos_(umamusume),0,赛马娘,1592
gold_ship_(red_strife)_(umamusume),gold_ship_(umamusume),1,赛马娘,1559
verxina_(umamusume),verxina_(umamusume),0,赛马娘,1558
air_shakur_(umamusume),air_shakur_(umamusume),0,赛马娘,1520
narita_top_road_(umamusume),narita_top_road_(umamusume),0,赛马娘,1506
sweep_tosho_(umamusume),sweep_tosho_(umamusume),0,赛马娘,1478
mejiro_palmer_(umamusume),mejiro_palmer_(umamusume),0,赛马娘,1459
hokko_tarumae_(umamusume),hokko_tarumae_(umamusume),0,赛马娘,1443
tokai_teio_(peak_joy)_(umamusume),tokai_teio_(umamusume),1,赛马娘,1443
hishi_miracle_(umamusume),hishi_miracle_(umamusume),0,赛马娘,1438
fuji_kiseki_(umamusume),fuji_kiseki_(umamusume),0,赛马娘,1386
winning_ticket_(umamusume),winning_ticket_(umamusume),0,赛马娘,1308
sakura_chiyono_o_(umamusume),sakura_chiyono_o_(umamusume),0,赛马娘,1303
nakayama_festa_(umamusume),nakayama_festa_(umamusume),0,赛马娘,1291
maruzensky_(umamusume),maruzensky_(umamusume),0,赛马娘,1290
taiki_shuttle_(umamusume),taiki_shuttle_(umamusume),0,赛马娘,1260
el_condor_pasa_(umamusume),el_condor_pasa_(umamusume),0,赛马娘,1247
copano_rickey_(umamusume),copano_rickey_(umamusume),0,赛马娘,1240
orfevre_(umamusume),orfevre_(umamusume),0,赛马娘,1224
sakura_bakushin_o_(umamusume),sakura_bakushin_o_(umamusume),0,赛马娘,1218
aston_machan_(umamusume),aston_machan_(umamusume),0,赛马娘,1199
silence_suzuka_(innocent_silence)_(umamusume),silence_suzuka_(umamusume),1,赛马娘,1198
gold_city_(umamusume),gold_city_(umamusume),0,赛马娘,1175
ikuno_dictus_(umamusume),ikuno_dictus_(umamusume),0,赛马娘,1130
mejiro_ramonu_(umamusume),mejiro_ramonu_(umamusume),0,赛马娘,1107
twin_turbo_(blast_mode!_turbo_engine)_(umamusume),twin_turbo_(umamusume),1,赛马娘,1088
tosen_jordan_(umamusume),tosen_jordan_(umamusume),0,赛马娘,1083
haru_urara_(bestest_prize)_(umamusume),haru_urara_(umamusume),1,赛马娘,1061
female_trainer_(umamusume),female_trainer_(umamusume),0,赛马娘,1056
daring_tact_(umamusume),daring_tact_(umamusume),0,赛马娘,1040
mejiro_mcqueen_(frontline_elegance)_(umamusume),mejiro_mcqueen_(umamusume),1,赛马娘,1040
hishi_amazon_(umamusume),hishi_amazon_(umamusume),0,赛马娘,1034
neo_universe_(umamusume),neo_universe_(umamusume),0,赛马娘,1027
dream_journey_(umamusume),dream_journey_(umamusume),0,赛马娘,1026
tanino_gimlet_(umamusume),tanino_gimlet_(umamusume),0,赛马娘,1018
symboli_kris_s_(umamusume),symboli_kris_s_(umamusume),0,赛马娘,960
nishino_flower_(umamusume),nishino_flower_(umamusume),0,赛马娘,949
almond_eye_(umamusume),almond_eye_(umamusume),0,赛马娘,910
mejiro_bright_(umamusume),mejiro_bright_(umamusume),0,赛马娘,882
oguri_cap_(starlight_beat)_(umamusume),oguri_cap_(umamusume),1,赛马娘,862
special_week_(special_dreamer)_(umamusume),special_week_(umamusume),1,赛马娘,815
transcend_(umamusume),transcend_(umamusume),0,赛马娘,799
satono_crown_(umamusume),satono_crown_(umamusume),0,赛马娘,785
win_variation_(umamusume),win_variation_(umamusume),0,赛马娘,767
nice_nature_(run&win)_(umamusume),nice_nature_(umamusume),1,赛马娘,764
sakura_laurel_(umamusume),sakura_laurel_(umamusume),0,赛马娘,760
mayano_top_gun_(scramble_zone)_(umamusume),mayano_top_gun_(umamusume),1,赛马娘,750
inari_one_(umamusume),inari_one_(umamusume),0,赛马娘,730
still_in_love_(scarlet_vow_raiment)_(umamusume),still_in_love_(umamusume),1,赛马娘,713
king_halo_(king_of_emeralds)_(umamusume),king_halo_(umamusume),1,赛马娘,698
zenno_rob_roy_(umamusume),zenno_rob_roy_(umamusume),0,赛马娘,689
cesario_(umamusume),cesario_(umamusume),0,赛马娘,678
wonder_acute_(umamusume),wonder_acute_(umamusume),0,赛马娘,676
daiichi_ruby_(umamusume),daiichi_ruby_(umamusume),0,赛马娘,670
mejiro_ryan_(umamusume),mejiro_ryan_(umamusume),0,赛马娘,650
rice_shower_(make_up_vampire!)_(umamusume),rice_shower_(umamusume),1,赛马娘,619
fuji_kiseki_(shooting_star_revue)_(umamusume),fuji_kiseki_(umamusume),1,赛马娘,587
ines_fujin_(umamusume),ines_fujin_(umamusume),0,赛马娘,585
kawakami_princess_(umamusume),kawakami_princess_(umamusume),0,赛马娘,572
matikanetannhauser_(panpaka_tiltott)_(umamusume),matikanetannhauser_(umamusume),1,赛马娘,567
chrono_genesis_(umamusume),chrono_genesis_(umamusume),0,赛马娘,555
manhattan_cafe_(creeping_black)_(umamusume),manhattan_cafe_(umamusume),1,赛马娘,537
matikanefukukitaru_(rising_fortune)_(umamusume),matikanefukukitaru_(umamusume),1,赛马娘,532
curren_chan_(fille_eclair)_(umamusume),curren_chan_(umamusume),1,赛马娘,527
daiwa_scarlet_(peak_blue)_(umamusume),daiwa_scarlet_(umamusume),1,赛马娘,521
rhein_kraft_(umamusume),rhein_kraft_(umamusume),0,赛马娘,517
k.s.miracle_(umamusume),k.s.miracle_(umamusume),0,赛马娘,506
mihono_bourbon_(mb-19890425)_(umamusume),mihono_bourbon_(umamusume),1,赛马娘,504
yamanin_zephyr_(umamusume),yamanin_zephyr_(umamusume),0,赛马娘,496
calstone_light_o_(umamusume),calstone_light_o_(umamusume),0,赛马娘,492
cheval_grand_(grand_itineraire)_(umamusume),cheval_grand_(umamusume),1,赛马娘,490
yukino_bijin_(umamusume),yukino_bijin_(umamusume),0,赛马娘,488
duramente_(umamusume),duramente_(umamusume),0,赛马娘,486
durandal_(umamusume),durandal_(umamusume),0,赛马娘,486
gold_ship_(run_revolt_launcher)_(umamusume),gold_ship_(umamusume),1,赛马娘,483
symboli_rudolf_(emperor's_path)_(umamusume),symboli_rudolf_(umamusume),1,赛马娘,483
marvelous_sunday_(umamusume),marvelous_sunday_(umamusume),0,赛马娘,478
kin'iro_ryotei_(umamusume),kin'iro_ryotei_(umamusume),0,赛马娘,476
agnes_tachyon_(lunatic_lab)_(umamusume),agnes_tachyon_(umamusume),1,赛马娘,475
vodka_(wild_top_gear)_(umamusume),vodka_(umamusume),1,赛马娘,467
daitaku_helios_(fun_fun_party_night)_(umamusume),daitaku_helios_(umamusume),1,赛马娘,434
yaeno_muteki_(umamusume),yaeno_muteki_(umamusume),0,赛马娘,423
grass_wonder_(stone-piercing_blue)_(umamusume),grass_wonder_(umamusume),1,赛马娘,414
gold_city_(authentic/1928)_(umamusume),gold_city_(umamusume),1,赛马娘,408
seiun_sky_(reeling_in_the_big_one)_(umamusume),seiun_sky_(umamusume),1,赛马娘,406
akikawa_yayoi_(umamusume),akikawa_yayoi_(umamusume),0,赛马娘,403
buena_vista_(umamusume),buena_vista_(umamusume),0,赛马娘,402
sakura_chiyono_o_(hinoshita_kaisan_hana_akari)_(umamusume),sakura_chiyono_o_(umamusume),1,赛马娘,396
sweep_tosho_(platanus_witch)_(umamusume),sweep_tosho_(umamusume),1,赛马娘,396
curren_bouquetd'or_(umamusume),curren_bouquetd'or_(umamusume),0,赛马娘,394
fenomeno_(umamusume),fenomeno_(umamusume),0,赛马娘,384
sakura_bakushin_o_(blossom_in_learning)_(umamusume),sakura_bakushin_o_(umamusume),1,赛马娘,378
narita_brian_(maverick)_(umamusume),narita_brian_(umamusume),1,赛马娘,365
tsurumaru_tsuyoshi_(umamusume),tsurumaru_tsuyoshi_(umamusume),0,赛马娘,364
mejiro_mcqueen_(ripple_fairlady)_(umamusume),mejiro_mcqueen_(umamusume),1,赛马娘,356
copano_rickey_(yin-yang_bagua_lucky_costume)_(umamusume),copano_rickey_(umamusume),1,赛马娘,355
hishi_akebono_(umamusume),hishi_akebono_(umamusume),0,赛马娘,352
daiwa_scarlet_(trifle_vacation)_(umamusume),daiwa_scarlet_(umamusume),1,赛马娘,350
hokko_tarumae_(star_light_ship)_(umamusume),hokko_tarumae_(umamusume),1,赛马娘,350
smart_falcon_(love_4ever)_(umamusume),smart_falcon_(umamusume),1,赛马娘,348
orfevre_(old_design)_(umamusume),orfevre_(umamusume),1,赛马娘,335
bamboo_memory_(umamusume),bamboo_memory_(umamusume),0,赛马娘,333
stay_gold_(umamusume),stay_gold_(umamusume),0,赛马娘,327
belno_light_(umamusume),belno_light_(umamusume),0,赛马娘,322
el_condor_pasa_(el_numero_1)_(umamusume),el_condor_pasa_(umamusume),1,赛马娘,321
taiki_shuttle_(wild_frontier)_(umamusume),taiki_shuttle_(umamusume),1,赛马娘,321
happy_meek_(umamusume),happy_meek_(umamusume),0,赛马娘,319
tap_dance_city_(umamusume),tap_dance_city_(umamusume),0,赛马娘,314
agnes_tachyon_(casual)_(umamusume),agnes_tachyon_(umamusume),1,赛马娘,313
shinko_windy_(umamusume),shinko_windy_(umamusume),0,赛马娘,309
maruzensky_(formula_r)_(umamusume),maruzensky_(umamusume),1,赛马娘,308
light_hello_(umamusume),light_hello_(umamusume),0,赛马娘,305
venus_paques_(umamusume),venus_paques_(umamusume),0,赛马娘,297
maruzensky_(blasting_off_summer_night)_(umamusume),maruzensky_(umamusume),1,赛马娘,282
daiwa_scarlet_(scarlet_nuit_etoile)_(umamusume),daiwa_scarlet_(umamusume),1,赛马娘,272
north_flight_(umamusume),north_flight_(umamusume),0,赛马娘,268
mejiro_palmer_(line_breakthrough)_(umamusume),mejiro_palmer_(umamusume),1,赛马娘,265
silence_suzuka_(emerald_on_the_waves)_(umamusume),silence_suzuka_(umamusume),1,赛马娘,259
nice_nature_(poinsettia_ribbon)_(umamusume),nice_nature_(umamusume),1,赛马娘,255
sugar_lights_(umamusume),sugar_lights_(umamusume),0,赛马娘,252
gran_alegria_(umamusume),gran_alegria_(umamusume),0,赛马娘,248
t.m._opera_o_(o_sole_suo!)_(umamusume),t.m._opera_o_(umamusume),1,赛马娘,240
lucky_lilac_(umamusume),lucky_lilac_(umamusume),0,赛马娘,233
special_week_(hopping_vitamin_heart)_(umamusume),special_week_(umamusume),1,赛马娘,230
eishin_flash_(meisterschaft)_(umamusume),eishin_flash_(umamusume),1,赛马娘,225
biko_pegasus_(umamusume),biko_pegasus_(umamusume),0,赛马娘,221
aston_machan_(flare)_(umamusume),aston_machan_(umamusume),1,赛马娘,216
no_reason_(umamusume),no_reason_(umamusume),0,赛马娘,215
norn_ace_(umamusume),norn_ace_(umamusume),0,赛马娘,208
transcend_(zoku-zoku_gizmo)_(umamusume),transcend_(umamusume),1,赛马娘,206
super_creek_(chiffon_ribbon_mummy)_(umamusume),super_creek_(umamusume),1,赛马娘,205
loves_only_you_(umamusume),loves_only_you_(umamusume),0,赛马娘,204
kitasan_black_(crowning_ooban)_(umamusume),kitasan_black_(umamusume),1,赛马娘,201
yamanin_zephyr_(fluttertail_spirit)_(umamusume),yamanin_zephyr_(umamusume),1,赛马娘,195
manhattan_cafe_(verdant_night)_(umamusume),manhattan_cafe_(umamusume),1,赛马娘,193
mejiro_mcqueen_(end_of_the_skies)_(umamusume),mejiro_mcqueen_(umamusume),1,赛马娘,188
fujimasa_march_(umamusume),fujimasa_march_(umamusume),0,赛马娘,174
espoir_city_(umamusume),espoir_city_(umamusume),0,赛马娘,170
little_cocon_(umamusume),little_cocon_(umamusume),0,赛马娘,169
curren_chan_(sakutsuki_ma_cherie)_(umamusume),curren_chan_(umamusume),1,赛马娘,169
daiichi_ruby_(brilliant_red_gemstone)_(umamusume),daiichi_ruby_(umamusume),1,赛马娘,166
narita_taishin_(nevertheless)_(umamusume),narita_taishin_(umamusume),1,赛马娘,160
agnes_digital_(lovely_jiangshi)_(umamusume),agnes_digital_(umamusume),1,赛马娘,157
wonder_acute_(butterfly_sting)_(umamusume),wonder_acute_(umamusume),1,赛马娘,155
sounds_of_earth_(umamusume),sounds_of_earth_(umamusume),0,赛马娘,154
daring_heart_(umamusume),daring_heart_(umamusume),0,赛马娘,154
tosen_jordan_(pop_joker)_(umamusume),tosen_jordan_(umamusume),1,赛马娘,149
haru_urara_(casual)_(umamusume),haru_urara_(umamusume),1,赛马娘,148
curren_chan_(casual)_(umamusume),curren_chan_(umamusume),1,赛马娘,142
mihono_bourbon_(code:glassage)_(umamusume),mihono_bourbon_(umamusume),1,赛马娘,140
fusaichi_pandora_(umamusume),fusaichi_pandora_(umamusume),0,赛马娘,138
air_messiah_(umamusume),air_messiah_(umamusume),0,赛马娘,136
cheval_grand_(casual)_(umamusume),cheval_grand_(umamusume),1,赛马娘,136
tokai_teio_(beyond_the_horizon)_(umamusume),tokai_teio_(umamusume),1,赛马娘,134
godolphin_barb_(umamusume),godolphin_barb_(umamusume),0,赛马娘,132
orfevre_(control)_(umamusume),orfevre_(umamusume),1,赛马娘,132
admire_groove_(umamusume),admire_groove_(umamusume),0,赛马娘,131
sakura_laurel_(saisir_le_reve)_(umamusume),sakura_laurel_(umamusume),1,赛马娘,130
blast_onepiece_(umamusume),blast_onepiece_(umamusume),0,赛马娘,129
cheval_grand_(summer_calm_navy_drop)_(umamusume),cheval_grand_(umamusume),1,赛马娘,129
eishin_flash_(reines_plaetschern)_(umamusume),eishin_flash_(umamusume),1,赛马娘,126
mejiro_palmer_(devil_in_the_moonlight)_(umamusume),mejiro_palmer_(umamusume),1,赛马娘,123
kawakami_princess_(princess_of_pink)_(umamusume),kawakami_princess_(umamusume),1,赛马娘,122
mayano_top_gun_(sunlight_bouquet)_(umamusume),mayano_top_gun_(umamusume),1,赛马娘,120
rhein_kraft_(dream_successor)_(umamusume),rhein_kraft_(umamusume),1,赛马娘,120
aston_machan_(casual)_(umamusume),aston_machan_(umamusume),1,赛马娘,120
seeking_the_pearl_(umamusume),seeking_the_pearl_(umamusume),0,赛马娘,119
darley_arabian_(umamusume),darley_arabian_(umamusume),0,赛马娘,115
meisho_doto_(dot-o'-lantern)_(umamusume),meisho_doto_(umamusume),1,赛马娘,114
byerley_turk_(umamusume),byerley_turk_(umamusume),0,赛马娘,112
speed_symboli_(umamusume),speed_symboli_(umamusume),0,赛马娘,112
biwa_hayahide_(pf._winning_equation...)_(umamusume),biwa_hayahide_(umamusume),1,赛马娘,112
manhattan_cafe_(the_bubbles_that_i_see_with_you)_(umamusume),manhattan_cafe_(umamusume),1,赛马娘,108
nishino_flower_(tiered_petal)_(umamusume),nishino_flower_(umamusume),1,赛马娘,107
furioso_(umamusume),furioso_(umamusume),0,赛马娘,106
satono_diamond_(chevalier_bleu)_(umamusume),satono_diamond_(umamusume),1,赛马娘,105
mayano_top_gun_(casual)_(umamusume),mayano_top_gun_(umamusume),1,赛马娘,105
mejiro_ardan_(clinochlore_line)_(umamusume),mejiro_ardan_(umamusume),1,赛马娘,104
satono_diamond_(floral_star_prosperous_green)_(umamusume),satono_diamond_(umamusume),1,赛马娘,103
royce_and_royce_(umamusume),royce_and_royce_(umamusume),0,赛马娘,103
mejiro_dober_(vacation_safir)_(umamusume),mejiro_dober_(umamusume),1,赛马娘,101
chrono_genesis_(prismatic_curator)_(umamusume),chrono_genesis_(umamusume),1,赛马娘,101
seiun_sky_(soiree_de_chaton)_(umamusume),seiun_sky_(umamusume),1,赛马娘,100
mayano_top_gun_(rockin'_mewmeow)_(umamusume),mayano_top_gun_(umamusume),1,赛马娘,100
ikuno_dictus_(mantle_of_steel)_(umamusume),ikuno_dictus_(umamusume),1,赛马娘,99
cesario_(future_weaver)_(umamusume),cesario_(umamusume),1,赛马娘,99
mr._c.b._(clear_bliss)_(umamusume),mr._c.b._(umamusume),1,赛马娘,98
jungle_pocket_(tobasuze_hot_summer!)_(umamusume),jungle_pocket_(umamusume),1,赛马娘,96
matikanetannhauser_(blue_turbulence)_(umamusume),matikanetannhauser_(umamusume),1,赛马娘,96
seiun_sky_(casual)_(umamusume),seiun_sky_(umamusume),1,赛马娘,96
tamamo_cross_(with_lightning_speed)_(umamusume),tamamo_cross_(umamusume),1,赛马娘,94
sakura_chiyono_o_(casual)_(umamusume),sakura_chiyono_o_(umamusume),1,赛马娘,94
nice_nature_(converging_wishes)_(umamusume),nice_nature_(umamusume),1,赛马娘,92
rice_shower_(yummy_dreamy_fairy)_(umamusume),rice_shower_(umamusume),1,赛马娘,92
mejiro_ardan_(casual)_(umamusume),mejiro_ardan_(umamusume),1,赛马娘,92
king_halo_(noble_white_cheer_attire)_(umamusume),king_halo_(umamusume),1,赛马娘,90
satono_diamond_(natural_brilliance)_(umamusume),satono_diamond_(umamusume),1,赛马娘,90
vodka_(nonfreezing_aqua_vitae)_(umamusume),vodka_(umamusume),1,赛马娘,89
gold_ship_(la_mode_564)_(umamusume),gold_ship_(umamusume),1,赛马娘,89
super_creek_(murmuring_stream)_(umamusume),super_creek_(umamusume),1,赛马娘,87
tosen_jordan_(aurore_vacances)_(umamusume),tosen_jordan_(umamusume),1,赛马娘,85
hishi_akebono_(buono_alla_moda)_(umamusume),hishi_akebono_(umamusume),1,赛马娘,83
zenno_rob_roy_(heroic_author)_(umamusume),zenno_rob_roy_(umamusume),1,赛马娘,82
air_groove_(empress_road)_(umamusume),air_groove_(umamusume),1,赛马娘,81
oguri_cap_(miraculous_white_star)_(umamusume),oguri_cap_(umamusume),1,赛马娘,80
kitasan_black_(jubilant_star_auspicious_crane)_(umamusume),kitasan_black_(umamusume),1,赛马娘,79
mejiro_bright_(starry_snow_lolita)_(umamusume),mejiro_bright_(umamusume),1,赛马娘,79
rice_shower_(casual)_(umamusume),rice_shower_(umamusume),1,赛马娘,79
grass_wonder_(saintly_jade_cleric)_(umamusume),grass_wonder_(umamusume),1,赛马娘,79
sweep_tosho_(casual)_(umamusume),sweep_tosho_(umamusume),1,赛马娘,78
vivlos_(voyage_etincelant)_(umamusume),vivlos_(umamusume),1,赛马娘,78
north_flight_(looking_fly!)_(umamusume),north_flight_(umamusume),1,赛马娘,77
hokko_tarumae_(pastel_marine_locadol)_(umamusume),hokko_tarumae_(umamusume),1,赛马娘,76
smart_falcon_(casual)_(umamusume),smart_falcon_(umamusume),1,赛马娘,76
copano_rickey_(casual)_(umamusume),copano_rickey_(umamusume),1,赛马娘,76
gentildonna_(regina_dei_fiori)_(umamusume),gentildonna_(umamusume),1,赛马娘,76
matikanetannhauser_(casual)_(umamusume),matikanetannhauser_(umamusume),1,赛马娘,76
manhattan_cafe_(tobasuze_hot_summer!)_(umamusume),manhattan_cafe_(umamusume),1,赛马娘,74
meisho_doto_(blue/raging)_(umamusume),meisho_doto_(umamusume),1,赛马娘,74
admire_vega_(starry_nocturne)_(umamusume),admire_vega_(umamusume),1,赛马娘,73
mejiro_palmer_(casual)_(umamusume),mejiro_palmer_(umamusume),1,赛马娘,73
espoir_city_(red_devil_gear)_(umamusume),espoir_city_(umamusume),1,赛马娘,73
eishin_flash_(collect_chocolatier)_(umamusume),eishin_flash_(umamusume),1,赛马娘,72
daitaku_helios_(casual)_(umamusume),daitaku_helios_(umamusume),1,赛马娘,72
el_condor_pasa_(kukulkan_warrior)_(umamusume),el_condor_pasa_(umamusume),1,赛马娘,72
inari_one_(fields_of_gold)_(umamusume),inari_one_(umamusume),1,赛马娘,71
winning_ticket_(get_to_winning!)_(umamusume),winning_ticket_(umamusume),1,赛马娘,71
symboli_rudolf_(archer_of_the_white_moon)_(umamusume),symboli_rudolf_(umamusume),1,赛马娘,70
rice_shower_(longed-for_scenery)_(umamusume),rice_shower_(umamusume),1,赛马娘,68
taiki_shuttle_(bubblegum_memories)_(umamusume),taiki_shuttle_(umamusume),1,赛马娘,68
tamamo_cross_(fierce_thunder_god)_(umamusume),tamamo_cross_(umamusume),1,赛马娘,67
agnes_tachyon_(sigma_experiment)_(umamusume),agnes_tachyon_(umamusume),1,赛马娘,67
rice_shower_(boc'z)_(umamusume),rice_shower_(umamusume),1,赛马娘,65
tosen_jordan_(casual)_(umamusume),tosen_jordan_(umamusume),1,赛马娘,65
oguri_cap_(gray_monster)_(umamusume),oguri_cap_(umamusume),1,赛马娘,64
ines_fujin_(melty_gift)_(umamusume),ines_fujin_(umamusume),1,赛马娘,64
mejiro_ryan_(down_the_line)_(umamusume),mejiro_ryan_(umamusume),1,赛马娘,64
sakura_laurel_(oni_laurel)_(umamusume),sakura_laurel_(umamusume),1,赛马娘,63
twin_turbo_(casual)_(umamusume),twin_turbo_(umamusume),1,赛马娘,63
t.m._opera_o_(blue_dazzle)_(umamusume),t.m._opera_o_(umamusume),1,赛马娘,62
air_groove_(quercus_civilis)_(umamusume),air_groove_(umamusume),1,赛马娘,62
super_creek_(flowery_shadow_amongst_the_gentle_rain)_(umamusume),super_creek_(umamusume),1,赛马娘,62
mejiro_dober_(twisted_line)_(umamusume),mejiro_dober_(umamusume),1,赛马娘,62
verxina_(le_beau_sommet)_(umamusume),verxina_(umamusume),1,赛马娘,62
mihono_bourbon_(ghosty_and_the_magic_of_halloween)_(umamusume),mihono_bourbon_(umamusume),1,赛马娘,61
buena_vista_(old_design)_(umamusume),buena_vista_(umamusume),1,赛马娘,61
vivlos_(eclat_d'ete)_(umamusume),vivlos_(umamusume),1,赛马娘,61
hokko_tarumae_(casual)_(umamusume),hokko_tarumae_(umamusume),1,赛马娘,61
matikanefukukitaru_(casual)_(umamusume),matikanefukukitaru_(umamusume),1,赛马娘,61
haru_urara_(first_urara_saku_sakura)_(umamusume),haru_urara_(umamusume),1,赛马娘,60
wonder_acute_(casual)_(umamusume),wonder_acute_(umamusume),1,赛马娘,60
biwa_hayahide_(noel_rouge_carol)_(umamusume),biwa_hayahide_(umamusume),1,赛马娘,59
fine_motion_(titania)_(umamusume),fine_motion_(umamusume),1,赛马娘,57
katsuragi_ace_(pen_name:_ink_dragon)_(umamusume),katsuragi_ace_(umamusume),1,赛马娘,57
transcend_(casual)_(umamusume),transcend_(umamusume),1,赛马娘,57
agnes_digital_(super_express!_full_color_special)_(umamusume),agnes_digital_(umamusume),1,赛马娘,57
yukino_bijin_(cute_sweet_flower_of_mutsu)_(umamusume),yukino_bijin_(umamusume),1,赛马娘,57
symboli_rudolf_(christmas_emperor_tree)_(umamusume),symboli_rudolf_(umamusume),1,赛马娘,54
king_halo_(casual)_(umamusume),king_halo_(umamusume),1,赛马娘,54
matikanefukukitaru_(good_omen_first_storm)_(umamusume),matikanefukukitaru_(umamusume),1,赛马娘,53
mayano_top_gun_(formation:_party)_(umamusume),mayano_top_gun_(umamusume),1,赛马娘,53
special_week_(supreme_commander_of_the_rising_sun)_(umamusume),special_week_(umamusume),1,赛马娘,52
smart_falcon_(twilight_triumph)_(umamusume),smart_falcon_(umamusume),1,赛马娘,52
tsurumaru_tsuyoshi_(dream_bold_stand_tall_tsuyoshi!)_(umamusume),tsurumaru_tsuyoshi_(umamusume),1,赛马娘,51
matikanetannhauser_(boc'z)_(umamusume),matikanetannhauser_(umamusume),1,赛马娘,50
bamboo_memory_(ultra_marine)_(umamusume),bamboo_memory_(umamusume),1,赛马娘,49
hishi_amazon_(azure_amazon)_(umamusume),hishi_amazon_(umamusume),1,赛马娘,49
mejiro_ramonu_(casual)_(umamusume),mejiro_ramonu_(umamusume),1,赛马娘,49
cheval_grand_(boc'z)_(umamusume),cheval_grand_(umamusume),1,赛马娘,47
narita_top_road_(the_proud_road)_(umamusume),narita_top_road_(umamusume),1,赛马娘,47
sakura_bakushin_o_(casual)_(umamusume),sakura_bakushin_o_(umamusume),1,赛马娘,47
narita_brian_(hungry_wolves)_(umamusume),narita_brian_(umamusume),1,赛马娘,46
tokai_teio_(dream_butterfly_of_purple_clouds)_(umamusume),tokai_teio_(umamusume),1,赛马娘,46
king_halo_(evergreen_identity)_(umamusume),king_halo_(umamusume),1,赛马娘,46
el_condor_pasa_(casual)_(umamusume),el_condor_pasa_(umamusume),1,赛马娘,46
aston_machan_(everlasting_candy)_(umamusume),aston_machan_(umamusume),1,赛马娘,45
duramente_(red_in_black)_(umamusume),duramente_(umamusume),1,赛马娘,45
air_shakur_(belphegor's_prime)_(umamusume),air_shakur_(umamusume),1,赛马娘,44
satono_crown_(sunny_island_splendor)_(umamusume),satono_crown_(umamusume),1,赛马娘,44
mejiro_bright_(brunissage_line)_(umamusume),mejiro_bright_(umamusume),1,赛马娘,44
air_groove_(casual)_(umamusume),air_groove_(umamusume),1,赛马娘,43
dream_journey_(reminder_of_dreamland)_(umamusume),dream_journey_(umamusume),1,赛马娘,43
nakayama_festa_(entrust_myself_to_the_dice)_(umamusume),nakayama_festa_(umamusume),1,赛马娘,42
winning_ticket_(dream_deliverer)_(umamusume),winning_ticket_(umamusume),1,赛马娘,42
yaeno_muteki_(attack_of_the_four_white_meteors)_(umamusume),yaeno_muteki_(umamusume),1,赛马娘,42
katsuragi_ace_(dragon_rising_to_the_top)_(umamusume),katsuragi_ace_(umamusume),1,赛马娘,42
zenno_rob_roy_(casual)_(umamusume),zenno_rob_roy_(umamusume),1,赛马娘,42
biko_pegasus_(gale_pegasus_type_zero)_(umamusume),biko_pegasus_(umamusume),1,赛马娘,42
narita_taishin_(difference_engineer)_(umamusume),narita_taishin_(umamusume),1,赛马娘,41
symboli_kris_s_(onyx_soldier)_(umamusume),symboli_kris_s_(umamusume),1,赛马娘,41
jungle_pocket_(champion's_battle_cry)_(umamusume),jungle_pocket_(umamusume),1,赛马娘,41
sakura_bakushin_o_(red-hot_leader)_(umamusume),sakura_bakushin_o_(umamusume),1,赛马娘,40
vivlos_(casual)_(umamusume),vivlos_(umamusume),1,赛马娘,40
sakura_chiyono_o_(sakura_hearts_are_super_good_hearts)_(umamusume),sakura_chiyono_o_(umamusume),1,赛马娘,39
vodka_(heart_ignition!!)_(umamusume),vodka_(umamusume),1,赛马娘,39
satono_crown_(emerald_journey)_(umamusume),satono_crown_(umamusume),1,赛马娘,39
chrono_genesis_(casual)_(umamusume),chrono_genesis_(umamusume),1,赛马娘,39
air_groove_(seaside_bloom)_(umamusume),air_groove_(umamusume),1,赛马娘,38
mejiro_ramonu_(onyx_line)_(umamusume),mejiro_ramonu_(umamusume),1,赛马娘,38
marvelous_sunday_(kira_doki_waku_mabe)_(umamusume),marvelous_sunday_(umamusume),1,赛马娘,38
sirius_symboli_(feroce)_(umamusume),sirius_symboli_(umamusume),1,赛马娘,37
nishino_flower_(sweet_juneberry)_(umamusume),nishino_flower_(umamusume),1,赛马娘,36
admire_vega_(glacialis_vega)_(umamusume),admire_vega_(umamusume),1,赛马娘,36
neo_universe_(universe-naut)_(umamusume),neo_universe_(umamusume),1,赛马娘,36
mejiro_mcqueen_(casual)_(umamusume),mejiro_mcqueen_(umamusume),1,赛马娘,36
sweep_tosho_(monopolizing_the_chill?)_(umamusume),sweep_tosho_(umamusume),1,赛马娘,35
mr._c.b._(boc'z)_(umamusume),mr._c.b._(umamusume),1,赛马娘,35
mejiro_palmer_(warm-hearted_reindeer)_(umamusume),mejiro_palmer_(umamusume),1,赛马娘,35
sweep_tosho_(realize_rune)_(umamusume),sweep_tosho_(umamusume),1,赛马娘,35
mr._c.b._(dazzling_kabuki_flower)_(umamusume),mr._c.b._(umamusume),1,赛马娘,35
fine_motion_(noble_seamair)_(umamusume),fine_motion_(umamusume),1,赛马娘,35
sakura_laurel_(casual)_(umamusume),sakura_laurel_(umamusume),1,赛马娘,35
"neo_universe_(like_""zeer"")_(umamusume)",neo_universe_(umamusume),1,赛马娘,34
furioso_(triumphant_return_of_the_auspicious_star)_(umamusume),furioso_(umamusume),1,赛马娘,34
sounds_of_earth_(ritmo_della_terra)_(umamusume),sounds_of_earth_(umamusume),1,赛马娘,33
gold_city_(casual)_(umamusume),gold_city_(umamusume),1,赛马娘,33
tamamo_cross_(go_get_'em_halloween_knight!)_(umamusume),tamamo_cross_(umamusume),1,赛马娘,32
mejiro_mcqueen_(let's_go!_yes!?)_(umamusume),mejiro_mcqueen_(umamusume),1,赛马娘,32
mejiro_ardan_(neige_emeraude)_(umamusume),mejiro_ardan_(umamusume),1,赛马娘,31
daiwa_scarlet_(something_blue)_(umamusume),daiwa_scarlet_(umamusume),1,赛马娘,31
kitasan_black_(final_bloom)_(umamusume),kitasan_black_(umamusume),1,赛马娘,31
tanino_gimlet_(embodiment_of_keravnos)_(umamusume),tanino_gimlet_(umamusume),1,赛马娘,31
rhein_kraft_(casual)_(umamusume),rhein_kraft_(umamusume),1,赛马娘,31
daitaku_helios_(devil_in_the_moonlight)_(umamusume),daitaku_helios_(umamusume),1,赛马娘,30
sakura_chiyono_o_(fleur_enneigee)_(umamusume),sakura_chiyono_o_(umamusume),1,赛马娘,30
mejiro_mcqueen_(heart_exposed_to_the_night_breeze)_(umamusume),mejiro_mcqueen_(umamusume),1,赛马娘,30
daitaku_helios_(joyful_jamboree!)_(umamusume),daitaku_helios_(umamusume),1,赛马娘,30
win_variation_(dramatic_tutu)_(umamusume),win_variation_(umamusume),1,赛马娘,30
yukino_bijin_(casual)_(umamusume),yukino_bijin_(umamusume),1,赛马娘,30
fenomeno_(black_flames_of_the_righteous_spirit)_(umamusume),fenomeno_(umamusume),1,赛马娘,30
k.s.miracle_(prism)_(umamusume),k.s.miracle_(umamusume),1,赛马娘,30
narita_brian_(heavenly_laughter_kaburaya)_(umamusume),narita_brian_(umamusume),1,赛马娘,29
ines_fujin_(all-time_fever)_(umamusume),ines_fujin_(umamusume),1,赛马娘,29
sirius_symboli_(escorte_etoile)_(umamusume),sirius_symboli_(umamusume),1,赛马娘,28
matikanefukukitaru_(chance_encounters_can_be_a_blessing)_(umamusume),matikanefukukitaru_(umamusume),1,赛马娘,28
tokai_teio_(waltz_of_hiwing)_(umamusume),tokai_teio_(umamusume),1,赛马娘,28
hishi_amazon_(hungry_veil)_(umamusume),hishi_amazon_(umamusume),1,赛马娘,28
yukino_bijin_(tea_girl_snow_girl)_(umamusume),yukino_bijin_(umamusume),1,赛马娘,28
manhattan_cafe_(casual)_(umamusume),manhattan_cafe_(umamusume),1,赛马娘,28
hokko_tarumae_(boc'z)_(umamusume),hokko_tarumae_(umamusume),1,赛马娘,27
zenno_rob_roy_(inlaid_stories)_(umamusume),zenno_rob_roy_(umamusume),1,赛马娘,27
mejiro_ramonu_(untouchable_eden)_(umamusume),mejiro_ramonu_(umamusume),1,赛马娘,27
durandal_(casual)_(umamusume),durandal_(umamusume),1,赛马娘,27
gold_city_(akizakura_danzatrice)_(umamusume),gold_city_(umamusume),1,赛马娘,26
copano_rickey_(lucky_summertime)_(umamusume),copano_rickey_(umamusume),1,赛马娘,26
grass_wonder_(honor_of_the_blue_flame)_(umamusume),grass_wonder_(umamusume),1,赛马娘,26
nakayama_festa_(shichuukyuukatsu)_(umamusume),nakayama_festa_(umamusume),1,赛马娘,26
calstone_light_o_(one_true_path)_(umamusume),calstone_light_o_(umamusume),1,赛马娘,26
zenno_rob_roy_(magically_gifted_hero)_(umamusume),zenno_rob_roy_(umamusume),1,赛马娘,25
mejiro_dober_(holy_night_to_change)_(umamusume),mejiro_dober_(umamusume),1,赛马娘,25
admire_vega_(casual)_(umamusume),admire_vega_(umamusume),1,赛马娘,25
fusaichi_pandora_(assorted_cuteness)_(umamusume),fusaichi_pandora_(umamusume),1,赛马娘,25
daiichi_ruby_(casual)_(umamusume),daiichi_ruby_(umamusume),1,赛马娘,25
symboli_kris_s_(jetblack_automaton)_(umamusume),symboli_kris_s_(umamusume),1,赛马娘,24
smart_falcon_(just_in_time!?_uma<3dol)_(umamusume),smart_falcon_(umamusume),1,赛马娘,24
yamanin_zephyr_(sugary_wind)_(umamusume),yamanin_zephyr_(umamusume),1,赛马娘,24
haru_urara_(uraraka_passion)_(umamusume),haru_urara_(umamusume),1,赛马娘,23
meisho_doto_(padding_sores_should_she_go_flying)_(umamusume),meisho_doto_(umamusume),1,赛马娘,23
daiichi_ruby_(flowing_blue)_(umamusume),daiichi_ruby_(umamusume),1,赛马娘,23
ines_fujin_(hello_hello_island)_(umamusume),ines_fujin_(umamusume),1,赛马娘,23
eishin_flash_(casual)_(umamusume),eishin_flash_(umamusume),1,赛马娘,23
air_shakur_(unsigned)_(umamusume),air_shakur_(umamusume),1,赛马娘,23
tokai_teio_(casual)_(umamusume),tokai_teio_(umamusume),1,赛马娘,23
air_messiah_(inherited_hope)_(umamusume),air_messiah_(umamusume),1,赛马娘,23
aston_machan_(haute_couture_memory)_(umamusume),aston_machan_(umamusume),1,赛马娘,22
hishi_miracle_(work_a_miracle)_(umamusume),hishi_miracle_(umamusume),1,赛马娘,22
inari_one_(inari_yukari_edomurasaki)_(umamusume),inari_one_(umamusume),1,赛马娘,22
agnes_digital_(casual)_(umamusume),agnes_digital_(umamusume),1,赛马娘,22
nishino_flower_(casual)_(umamusume),nishino_flower_(umamusume),1,赛马娘,22
wonder_acute_(that_summer's_cut-off_line)_(umamusume),wonder_acute_(umamusume),1,赛马娘,21
daiwa_scarlet_(casual)_(umamusume),daiwa_scarlet_(umamusume),1,赛马娘,21
king_halo_(tonight_we_waltz)_(umamusume),king_halo_(umamusume),1,赛马娘,21
daitaku_helios_(sunshine_angel)_(umamusume),daitaku_helios_(umamusume),1,赛马娘,20
mihono_bourbon_(casual)_(umamusume),mihono_bourbon_(umamusume),1,赛马娘,20
satono_crown_(casual)_(umamusume),satono_crown_(umamusume),1,赛马娘,20
verxina_(casual)_(umamusume),verxina_(umamusume),1,赛马娘,20
fuji_kiseki_(succes_etoile)_(umamusume),fuji_kiseki_(umamusume),1,赛马娘,19
mayano_top_gun_(chill_chill_night)_(umamusume),mayano_top_gun_(umamusume),1,赛马娘,19
tanino_gimlet_(applause_of_fortuna)_(umamusume),tanino_gimlet_(umamusume),1,赛马娘,19
verxina_(boc'z_we\n)_(umamusume),verxina_(umamusume),1,赛马娘,19
kawakami_princess_(casual)_(umamusume),kawakami_princess_(umamusume),1,赛马娘,19
tap_dance_city_(tap!_tap!_tap!)_(umamusume),tap_dance_city_(umamusume),1,赛马娘,19
sakura_laurel_(don't_stop_from_here!)_(umamusume),sakura_laurel_(umamusume),1,赛马娘,18
narita_top_road_(celestial_road)_(umamusume),narita_top_road_(umamusume),1,赛马娘,18
hishi_miracle_(miracle_make-up!)_(umamusume),hishi_miracle_(umamusume),1,赛马娘,18
bamboo_memory_(ambition_of_the_black_iron)_(umamusume),bamboo_memory_(umamusume),1,赛马娘,18
special_week_(casual)_(umamusume),special_week_(umamusume),1,赛马娘,18
gold_ship_(that_time_i_became_the_strongest)_(umamusume),gold_ship_(umamusume),1,赛马娘,18
curren_chan_(miss_sad_;_miss_beautiful)_(umamusume),curren_chan_(umamusume),1,赛马娘,17
biwa_hayahide_(uchronia_architect)_(umamusume),biwa_hayahide_(umamusume),1,赛马娘,17
smart_falcon_(candid_shot_between_the_waves)_(umamusume),smart_falcon_(umamusume),1,赛马娘,17
gold_ship_(casual)_(umamusume),gold_ship_(umamusume),1,赛马娘,17
symboli_kris_s_(casual)_(umamusume),symboli_kris_s_(umamusume),1,赛马娘,17
north_flight_(casual)_(umamusume),north_flight_(umamusume),1,赛马娘,17
mejiro_ardan_(flowers_of_prayer_dance_in_the_night_breeze)_(umamusume),mejiro_ardan_(umamusume),1,赛马娘,16
air_groove_(are_you_merry?)_(umamusume),air_groove_(umamusume),1,赛马娘,16
cesario_(twinbell_queen)_(umamusume),cesario_(umamusume),1,赛马娘,16
durandal_(chevalier_fidele)_(umamusume),durandal_(umamusume),1,赛马娘,16
cesario_(casual)_(umamusume),cesario_(umamusume),1,赛马娘,16
yaeno_muteki_(black_general_zen)_(umamusume),yaeno_muteki_(umamusume),1,赛马娘,15
biwa_hayahide_(engineered_victory)_(umamusume),biwa_hayahide_(umamusume),1,赛马娘,15
sirius_symboli_(louve_stellaire)_(umamusume),sirius_symboli_(umamusume),1,赛马娘,15
cheval_grand_(boc'z_we\n)_(umamusume),cheval_grand_(umamusume),1,赛马娘,15
gold_city_(boho_flare)_(umamusume),gold_city_(umamusume),1,赛马娘,15
seeking_the_pearl_(rocket_star)_(umamusume),seeking_the_pearl_(umamusume),1,赛马娘,15
satono_diamond_(casual)_(umamusume),satono_diamond_(umamusume),1,赛马娘,15
air_shakur_(mag!c_number)_(umamusume),air_shakur_(umamusume),1,赛马娘,14
mejiro_ryan_(margaret_latte)_(umamusume),mejiro_ryan_(umamusume),1,赛马娘,14
hishi_miracle_(happy_little_notes)_(umamusume),hishi_miracle_(umamusume),1,赛马娘,14
narita_brian_(casual)_(umamusume),narita_brian_(umamusume),1,赛马娘,14
seiun_sky_(paint_the_sky_red)_(umamusume),seiun_sky_(umamusume),1,赛马娘,14
symboli_rudolf_(escorte_etoile)_(umamusume),symboli_rudolf_(umamusume),1,赛马娘,13
north_flight_(boc'z_we\n)_(umamusume),north_flight_(umamusume),1,赛马娘,13
win_variation_(principal_on_the_water_surface)_(umamusume),win_variation_(umamusume),1,赛马娘,13
kitasan_black_(casual)_(umamusume),kitasan_black_(umamusume),1,赛马娘,13
marvelous_sunday_(casual)_(umamusume),marvelous_sunday_(umamusume),1,赛马娘,13
silence_suzuka_(casual)_(umamusume),silence_suzuka_(umamusume),1,赛马娘,13
gran_alegria_(smile_my_way!)_(umamusume),gran_alegria_(umamusume),1,赛马娘,13
admire_vega_(auspicious_star_in_the_sky_at_daybreak)_(umamusume),admire_vega_(umamusume),1,赛马娘,12
narita_brian_(glad_tidings)_(umamusume),narita_brian_(umamusume),1,赛马娘,12
grass_wonder_(unchangingness_that_flows_forever)_(umamusume),grass_wonder_(umamusume),1,赛马娘,12
kawakami_princess_(suikan_beauty)_(umamusume),kawakami_princess_(umamusume),1,赛马娘,12
meisho_doto_(indomitable_howl)_(umamusume),meisho_doto_(umamusume),1,赛马娘,12
rice_shower_(boc'z_we\n)_(umamusume),rice_shower_(umamusume),1,赛马娘,12
smart_falcon_(luminous_twirler)_(umamusume),smart_falcon_(umamusume),1,赛马娘,12
mejiro_dober_(my_thoughts_my_desires)_(umamusume),mejiro_dober_(umamusume),1,赛马娘,12
grass_wonder_(casual)_(umamusume),grass_wonder_(umamusume),1,赛马娘,12
narita_taishin_(stubborn_markt)_(umamusume),narita_taishin_(umamusume),1,赛马娘,11
nice_nature_(don't_close_your_eyes_now)_(umamusume),nice_nature_(umamusume),1,赛马娘,11
mihono_bourbon_(mission_mental_nutrition)_(umamusume),mihono_bourbon_(umamusume),1,赛马娘,11
daitaku_helios_(#summer_#new_me)_(umamusume),daitaku_helios_(umamusume),1,赛马娘,11
matikanefukukitaru_(make-power_trio)_(umamusume),matikanefukukitaru_(umamusume),1,赛马娘,11
maruzensky_(heavenly_maiden_of_divine_speed)_(umamusume),maruzensky_(umamusume),1,赛马娘,11
vivlos_(boc'z_we\n)_(umamusume),vivlos_(umamusume),1,赛马娘,11
taiki_shuttle_(casual)_(umamusume),taiki_shuttle_(umamusume),1,赛马娘,11
meisho_doto_(casual)_(umamusume),meisho_doto_(umamusume),1,赛马娘,11
shinko_windy_(wicked_punk)_(umamusume),shinko_windy_(umamusume),1,赛马娘,11
loves_only_you_(9927_wishes)_(umamusume),loves_only_you_(umamusume),1,赛马娘,11
vodka_(casual)_(umamusume),vodka_(umamusume),1,赛马娘,11
symboli_rudolf_(casual)_(umamusume),symboli_rudolf_(umamusume),1,赛马娘,11
yamanin_zephyr_(casual)_(umamusume),yamanin_zephyr_(umamusume),1,赛马娘,11
bamboo_memory_(deliver_this_feeling!)_(umamusume),bamboo_memory_(umamusume),1,赛马娘,10
winning_ticket_(full_power!_tantrum!!)_(umamusume),winning_ticket_(umamusume),1,赛马娘,10
shinko_windy_(burst_out!_the_demon_king's_army_of_terror)_(umamusume),shinko_windy_(umamusume),1,赛马娘,10
tsurumaru_tsuyoshi_(a_smile_sent_from_heaven)_(umamusume),tsurumaru_tsuyoshi_(umamusume),1,赛马娘,10
mejiro_ryan_(casual)_(umamusume),mejiro_ryan_(umamusume),1,赛马娘,10
biwa_hayahide_(casual)_(umamusume),biwa_hayahide_(umamusume),1,赛马娘,10
hishi_amazon_(casual)_(umamusume),hishi_amazon_(umamusume),1,赛马娘,10
sweep_tosho_(whimsical_scenery)_(umamusume),sweep_tosho_(umamusume),1,赛马娘,9
ikuno_dictus_(arrived_scenery)_(umamusume),ikuno_dictus_(umamusume),1,赛马娘,9
king_halo_(my_dance_coming_around)_(umamusume),king_halo_(umamusume),1,赛马娘,9
mejiro_ramonu_(winter_melting_fire)_(umamusume),mejiro_ramonu_(umamusume),1,赛马娘,9
narita_taishin_(stray_light_override)_(umamusume),narita_taishin_(umamusume),1,赛马娘,9
nakayama_festa_(boc'z_we\n)_(umamusume),nakayama_festa_(umamusume),1,赛马娘,9
kawakami_princess_(princess_bride)_(umamusume),kawakami_princess_(umamusume),1,赛马娘,9
tokai_teio_(teio-oh-oh!!!)_(umamusume),tokai_teio_(umamusume),1,赛马娘,8
fine_motion_(hello_my_clover)_(umamusume),fine_motion_(umamusume),1,赛马娘,8
winning_ticket_(glorious_coat)_(umamusume),winning_ticket_(umamusume),1,赛马娘,8
oguri_cap_(casual)_(umamusume),oguri_cap_(umamusume),1,赛马娘,8
mr._c.b._(casual)_(umamusume),mr._c.b._(umamusume),1,赛马娘,8
nice_nature_(casual)_(umamusume),nice_nature_(umamusume),1,赛马娘,8
jungle_pocket_(casual)_(umamusume),jungle_pocket_(umamusume),1,赛马娘,8
hishi_akebono_(casual)_(umamusume),hishi_akebono_(umamusume),1,赛马娘,8
narita_taishin_(casual)_(umamusume),narita_taishin_(umamusume),1,赛马娘,8
winning_ticket_(casual)_(umamusume),winning_ticket_(umamusume),1,赛马娘,8
nishino_flower_(feelings_loaded_into_a_small_prize)_(umamusume),nishino_flower_(umamusume),1,赛马娘,7
special_week_(wish_away_the_demons)_(umamusume),special_week_(umamusume),1,赛马娘,7
sakura_laurel_(ticked_cherry_blossom)_(umamusume),sakura_laurel_(umamusume),1,赛马娘,7
tap_dance_city_(proudly_yo-ho!)_(umamusume),tap_dance_city_(umamusume),1,赛马娘,7
loves_only_you_(boc'z_we\n)_(umamusume),loves_only_you_(umamusume),1,赛马娘,7
copano_rickey_(glorious_land_off)_(umamusume),copano_rickey_(umamusume),1,赛马娘,7
hishi_akebono_(who_wants_the_first_bite?)_(umamusume),hishi_akebono_(umamusume),1,赛马娘,7
mejiro_dober_(casual)_(umamusume),mejiro_dober_(umamusume),1,赛马娘,7
seeking_the_pearl_(yell_that_changed_the_world)_(umamusume),seeking_the_pearl_(umamusume),1,赛马娘,6
sakura_bakushin_o_(explosive!_quick!_a_flower_storm!)_(umamusume),sakura_bakushin_o_(umamusume),1,赛马娘,6
yukino_bijin_(illuminate_the_evening_with_a_votive_dance)_(umamusume),yukino_bijin_(umamusume),1,赛马娘,6
haru_urara_(oh_fun_fun!)_(umamusume),haru_urara_(umamusume),1,赛马娘,6
mejiro_ryan_(choose_choose_and_put_your_thoughts_into_it)_(umamusume),mejiro_ryan_(umamusume),1,赛马娘,6
rhein_kraft_(eternal_fairytale)_(umamusume),rhein_kraft_(umamusume),1,赛马娘,6
maruzensky_(casual)_(umamusume),maruzensky_(umamusume),1,赛马娘,6
katsuragi_ace_(casual)_(umamusume),katsuragi_ace_(umamusume),1,赛马娘,6
neo_universe_(casual)_(umamusume),neo_universe_(umamusume),1,赛马娘,6
nakayama_festa_(casual)_(umamusume),nakayama_festa_(umamusume),1,赛马娘,6
no_reason_(speedy_red_armor)_(umamusume),no_reason_(umamusume),1,赛马娘,6
fuji_kiseki_(casual)_(umamusume),fuji_kiseki_(umamusume),1,赛马娘,6
sirius_symboli_(enchainment)_(umamusume),sirius_symboli_(umamusume),1,赛马娘,5
twin_turbo_(tt_ignition!)_(umamusume),twin_turbo_(umamusume),1,赛马娘,5
gold_city_(gentle_moon)_(umamusume),gold_city_(umamusume),1,赛马娘,5
seeking_the_pearl_(be-witched)_(umamusume),seeking_the_pearl_(umamusume),1,赛马娘,5
agnes_tachyon_(uma_stars)_(umamusume),agnes_tachyon_(umamusume),1,赛马娘,5
dream_journey_(a_dreamy_invitation)_(umamusume),dream_journey_(umamusume),1,赛马娘,5
duramente_(tranquillo)_(umamusume),duramente_(umamusume),1,赛马娘,5
super_creek_(casual)_(umamusume),super_creek_(umamusume),1,赛马娘,5
dream_journey_(casual)_(umamusume),dream_journey_(umamusume),1,赛马娘,5
sounds_of_earth_(casual)_(umamusume),sounds_of_earth_(umamusume),1,赛马娘,5
calstone_light_o_(casual)_(umamusume),calstone_light_o_(umamusume),1,赛马娘,5
duramente_(casual)_(umamusume),duramente_(umamusume),1,赛马娘,5
yaeno_muteki_(casual)_(umamusume),yaeno_muteki_(umamusume),1,赛马娘,5
narita_top_road_(casual)_(umamusume),narita_top_road_(umamusume),1,赛马娘,5
no_reason_(casual)_(umamusume),no_reason_(umamusume),1,赛马娘,5
oguri_cap_(run_run_run!!)_(umamusume),oguri_cap_(umamusume),1,赛马娘,4
agnes_digital_(report:_new_issue_available!)_(umamusume),agnes_digital_(umamusume),1,赛马娘,4
admire_vega_(uma_stars)_(umamusume),admire_vega_(umamusume),1,赛马娘,4
vivlos_(uma_stars)_(umamusume),vivlos_(umamusume),1,赛马娘,4
narita_brian_(apoyando_of_the_roar)_(umamusume),narita_brian_(umamusume),1,赛马娘,4
tanino_gimlet_(with_a_twist)_(umamusume),tanino_gimlet_(umamusume),1,赛马娘,4
ines_fujin_(casual)_(umamusume),ines_fujin_(umamusume),1,赛马娘,4
furioso_(casual)_(umamusume),furioso_(umamusume),1,赛马娘,4
mejiro_bright_(casual)_(umamusume),mejiro_bright_(umamusume),1,赛马娘,4
gentildonna_(casual)_(umamusume),gentildonna_(umamusume),1,赛马娘,4
still_in_love_(casual)_(umamusume),still_in_love_(umamusume),1,赛马娘,4
symboli_rudolf_(enchainment)_(umamusume),symboli_rudolf_(umamusume),1,赛马娘,3
ikuno_dictus_(beloved_friends_get-together)_(umamusume),ikuno_dictus_(umamusume),1,赛马娘,3
yaeno_muteki_(scorch_the_heavens_with_a_prayer_of_fire)_(umamusume),yaeno_muteki_(umamusume),1,赛马娘,3
marvelous_sunday_(marvelous_chocolate_show)_(umamusume),marvelous_sunday_(umamusume),1,赛马娘,3
symboli_rudolf_(emerald_emeraude)_(umamusume),symboli_rudolf_(umamusume),1,赛马娘,3
mihono_bourbon_(uma_stars)_(umamusume),mihono_bourbon_(umamusume),1,赛马娘,3
neo_universe_(uma_stars)_(umamusume),neo_universe_(umamusume),1,赛马娘,3
vodka_(ballroom_tempest)_(umamusume),vodka_(umamusume),1,赛马娘,3
buena_vista_(luz_de_ensueno)_(umamusume),buena_vista_(umamusume),1,赛马娘,3
tamamo_cross_(casual)_(umamusume),tamamo_cross_(umamusume),1,赛马娘,3
sirius_symboli_(casual)_(umamusume),sirius_symboli_(umamusume),1,赛马娘,3
ikuno_dictus_(casual)_(umamusume),ikuno_dictus_(umamusume),1,赛马娘,3
kawakami_princess_(hurrah_princess)_(umamusume),kawakami_princess_(umamusume),1,赛马娘,2
mejiro_palmer_(sunshine_angel)_(umamusume),mejiro_palmer_(umamusume),1,赛马娘,2
hishi_akebono_(laughing_at_fondente)_(umamusume),hishi_akebono_(umamusume),1,赛马娘,2
maruzensky_(ruby_enneigee)_(umamusume),maruzensky_(umamusume),1,赛马娘,2
hishi_amazon_(baring_fangs_refrain)_(umamusume),hishi_amazon_(umamusume),1,赛马娘,2
hishi_miracle_(casual)_(umamusume),hishi_miracle_(umamusume),1,赛马娘,2
gran_alegria_(casual)_(umamusume),gran_alegria_(umamusume),1,赛马娘,2
loves_only_you_(casual)_(umamusume),loves_only_you_(umamusume),1,赛马娘,2
inari_one_(casual)_(umamusume),inari_one_(umamusume),1,赛马娘,2
t.m._opera_o_(casual)_(umamusume),t.m._opera_o_(umamusume),1,赛马娘,2
tanino_gimlet_(casual)_(umamusume),tanino_gimlet_(umamusume),1,赛马娘,2
air_messiah_(casual)_(umamusume),air_messiah_(umamusume),1,赛马娘,2
k.s.miracle_(casual)_(umamusume),k.s.miracle_(umamusume),1,赛马娘,2
tap_dance_city_(casual)_(umamusume),tap_dance_city_(umamusume),1,赛马娘,2
biko_pegasus_(transform!_garson_form!)_(umamusume),biko_pegasus_(umamusume),1,赛马娘,1
k.s.miracle_(arabesque_of_a_white_bird)_(umamusume),k.s.miracle_(umamusume),1,赛马娘,1
taiki_shuttle_(sunshine_under_the_moon)_(umamusume),taiki_shuttle_(umamusume),1,赛马娘,1
k.s.miracle_(autumn_color_andante)_(umamusume),k.s.miracle_(umamusume),1,赛马娘,1
biko_pegasus_(casual)_(umamusume),biko_pegasus_(umamusume),1,赛马娘,1
fine_motion_(casual)_(umamusume),fine_motion_(umamusume),1,赛马娘,1
win_variation_(casual)_(umamusume),win_variation_(umamusume),1,赛马娘,1
marcille_donato,marcille_donato,0,迷宫饭,5641
falin_touden,falin_touden,0,迷宫饭,3706
laios_touden,laios_touden,0,迷宫饭,3239
senshi_(dungeon_meshi),senshi_(dungeon_meshi),0,迷宫饭,2367
mithrun,mithrun,0,迷宫饭,2233
chilchuck_tims,chilchuck_tims,0,迷宫饭,1818
falin_touden_(tallman),falin_touden_(tallman),0,迷宫饭,1803
kabru,kabru,0,迷宫饭,1777
falin_touden_(chimera),falin_touden_(chimera),0,迷宫饭,1337
izutsumi,izutsumi,0,迷宫饭,1231
marcille_donato_(lord),marcille_donato_(lord),0,迷宫饭,577
mithrun_(young),mithrun_(young),0,迷宫饭,438
thistle_(dungeon_meshi),thistle_(dungeon_meshi),0,迷宫饭,427
walking_mushroom_(dungeon_meshi),walking_mushroom_(dungeon_meshi),0,迷宫饭,376
fleki,fleki,0,迷宫饭,360
winged_lion_(dungeon_meshi),winged_lion_(dungeon_meshi),0,迷宫饭,343
lycion,lycion,0,迷宫饭,322
cithis,cithis,0,迷宫饭,291
pattadol,pattadol,0,迷宫饭,285
inutade,inutade,0,迷宫饭,234
shurou,shurou,0,迷宫饭,175
milsiril,milsiril,0,迷宫饭,162
goat_(dungeon_meshi),goat_(dungeon_meshi),0,迷宫饭,158
otta_(dungeon_meshi),otta_(dungeon_meshi),0,迷宫饭,151
namari_(dungeon_meshi),namari_(dungeon_meshi),0,迷宫饭,148
fairy_(dungeon_meshi),fairy_(dungeon_meshi),0,迷宫饭,122
laios_touden_(chimera),laios_touden_(chimera),0,迷宫饭,102
senshi_(half-foot)_(dungeon_meshi),senshi_(dungeon_meshi),1,迷宫饭,41
vertin_(reverse:1999),vertin_(reverse:1999),0,重返未来1999,2878
sonetto_(reverse:1999),sonetto_(reverse:1999),0,重返未来1999,2035
37_(reverse:1999),37_(reverse:1999),0,重返未来1999,1447
isolde_(reverse:1999),isolde_(reverse:1999),0,重返未来1999,1218
regulus_(reverse:1999),regulus_(reverse:1999),0,重返未来1999,936
kakania_(reverse:1999),kakania_(reverse:1999),0,重返未来1999,848
schneider_(reverse:1999),schneider_(reverse:1999),0,重返未来1999,828
voyager_(reverse:1999),voyager_(reverse:1999),0,重返未来1999,768
marcus_(reverse:1999),marcus_(reverse:1999),0,重返未来1999,698
apple_(reverse:1999),apple_(reverse:1999),0,重返未来1999,684
tooth_fairy_(reverse:1999),tooth_fairy_(reverse:1999),0,重返未来1999,576
windsong_(reverse:1999),windsong_(reverse:1999),0,重返未来1999,538
jessica_(reverse:1999),jessica_(reverse:1999),0,重返未来1999,499
vila_(reverse:1999),vila_(reverse:1999),0,重返未来1999,486
sophia_(reverse:1999),sophia_(reverse:1999),0,重返未来1999,478
6_(reverse:1999),6_(reverse:1999),0,重返未来1999,436
tuesday_(reverse:1999),tuesday_(reverse:1999),0,重返未来1999,436
x_(reverse:1999),x_(reverse:1999),0,重返未来1999,424
recoleta_(reverse:1999),recoleta_(reverse:1999),0,重返未来1999,418
liang_yue_(reverse:1999),liang_yue_(reverse:1999),0,重返未来1999,370
aleph_(reverse:1999),aleph_(reverse:1999),0,重返未来1999,355
nautika_(reverse:1999),nautika_(reverse:1999),0,重返未来1999,350
lilya_(reverse:1999),lilya_(reverse:1999),0,重返未来1999,345
semmelweis_(reverse:1999),semmelweis_(reverse:1999),0,重返未来1999,335
lucy_(reverse:1999),lucy_(reverse:1999),0,重返未来1999,303
arcana_(reverse:1999),arcana_(reverse:1999),0,重返未来1999,292
yenisei_(reverse:1999),yenisei_(reverse:1999),0,重返未来1999,290
marsha_(reverse:1999),marsha_(reverse:1999),0,重返未来1999,287
willow_(reverse:1999),willow_(reverse:1999),0,重返未来1999,283
carbuncle_(reverse:1999),carbuncle_(reverse:1999),0,重返未来1999,282
sentinel_(reverse:1999),sentinel_(reverse:1999),0,重返未来1999,281
argus_(reverse:1999),argus_(reverse:1999),0,重返未来1999,280
getian_(reverse:1999),getian_(reverse:1999),0,重返未来1999,237
enigma_(reverse:1999),enigma_(reverse:1999),0,重返未来1999,215
isolde_(polyphony)_(reverse:1999),isolde_(reverse:1999),1,重返未来1999,214
mercuria_(reverse:1999),mercuria_(reverse:1999),0,重返未来1999,207
ulrich_(reverse:1999),ulrich_(reverse:1999),0,重返未来1999,200
barcarola_(reverse:1999),barcarola_(reverse:1999),0,重返未来1999,199
melania_(reverse:1999),melania_(reverse:1999),0,重返未来1999,194
j_(reverse:1999),j_(reverse:1999),0,重返未来1999,194
sophia_(manus_vindictae)_(reverse:1999),sophia_(reverse:1999),1,重返未来1999,191
eternity_(reverse:1999),eternity_(reverse:1999),0,重返未来1999,188
charon_(reverse:1999),charon_(reverse:1999),0,重返未来1999,170
spathodea_(reverse:1999),spathodea_(reverse:1999),0,重返未来1999,167
brume_(reverse:1999),brume_(reverse:1999),0,重返未来1999,167
eagle_(reverse:1999),eagle_(reverse:1999),0,重返未来1999,165
z_(reverse:1999),z_(reverse:1999),0,重返未来1999,160
lopera_(reverse:1999),lopera_(reverse:1999),0,重返未来1999,157
moldir_(reverse:1999),moldir_(reverse:1999),0,重返未来1999,155
lorelei_(reverse:1999),lorelei_(reverse:1999),0,重返未来1999,154
dikke_(reverse:1999),dikke_(reverse:1999),0,重返未来1999,146
pavia_(reverse:1999),pavia_(reverse:1999),0,重返未来1999,134
isolde_(and_all_that_jazz)_(reverse:1999),isolde_(reverse:1999),1,重返未来1999,134
igor_(reverse:1999),igor_(reverse:1999),0,重返未来1999,131
name_day_(reverse:1999),name_day_(reverse:1999),0,重返未来1999,130
sonetto_(emotion_in_tranquility)_(reverse:1999),sonetto_(reverse:1999),1,重返未来1999,127
zima_(reverse:1999),zima_(reverse:1999),0,重返未来1999,126
avgust_(reverse:1999),avgust_(reverse:1999),0,重返未来1999,126
37_(down_in_the_grotto)_(reverse:1999),37_(reverse:1999),1,重返未来1999,125
merlin_(reverse:1999),merlin_(reverse:1999),0,重返未来1999,123
pickles_(reverse:1999),pickles_(reverse:1999),0,重返未来1999,117
sonetto_(parade_anthem)_(reverse:1999),sonetto_(reverse:1999),1,重返未来1999,117
a_knight_(reverse:1999),a_knight_(reverse:1999),0,重返未来1999,116
corvus_(reverse:1999),corvus_(reverse:1999),0,重返未来1999,114
voyager_(choir_of_the_stars)_(reverse:1999),voyager_(reverse:1999),1,重返未来1999,113
ms._stranger_(reverse:1999),ms._stranger_(reverse:1999),0,重返未来1999,110
pointer_(reverse:1999),pointer_(reverse:1999),0,重返未来1999,107
210_(reverse:1999),210_(reverse:1999),0,重返未来1999,102
qiangliang_(reverse:1999),qiangliang_(reverse:1999),0,重返未来1999,101
noire_(reverse:1999),noire_(reverse:1999),0,重返未来1999,100
kakania_(seminars_on_serenity)_(reverse:1999),kakania_(reverse:1999),1,重返未来1999,78
semmelweis_(the_wax_and_wane_of_the_heart)_(reverse:1999),semmelweis_(reverse:1999),1,重返未来1999,76
apple_(the_fruit_of_wisdom)_(reverse:1999),apple_(reverse:1999),1,重返未来1999,74
semmelweis_(the_mirror)_(reverse:1999),semmelweis_(reverse:1999),1,重返未来1999,72
arcana_(paradise_regained)_(reverse:1999),arcana_(reverse:1999),1,重返未来1999,66
marcus_(on_the_white_sand)_(reverse:1999),marcus_(reverse:1999),1,重返未来1999,62
yenisei_(around_the_riverbend)_(reverse:1999),yenisei_(reverse:1999),1,重返未来1999,58
vertin_(winter)_(reverse:1999),vertin_(reverse:1999),1,重返未来1999,57
vertin_(ipstar)_(reverse:1999),vertin_(reverse:1999),1,重返未来1999,56
x_(breathing_in_silence)_(reverse:1999),x_(reverse:1999),1,重返未来1999,56
37_(maidjump_goods_cafe)_(reverse:1999),37_(reverse:1999),1,重返未来1999,53
isolde_(the_last_fluttering_beat)_(reverse:1999),isolde_(reverse:1999),1,重返未来1999,52
37_(happy_bird_catcher)_(reverse:1999),37_(reverse:1999),1,重返未来1999,51
6_(time_and_location)_(reverse:1999),6_(reverse:1999),1,重返未来1999,51
jessica_(voyage_from_your_bed)_(reverse:1999),jessica_(reverse:1999),1,重返未来1999,47
tuesday_(miss_horror)_(reverse:1999),tuesday_(reverse:1999),1,重返未来1999,45
vila_(by_the_painted_city)_(reverse:1999),vila_(reverse:1999),1,重返未来1999,42
regulus_(pizza_hut)_(reverse:1999),regulus_(reverse:1999),1,重返未来1999,41
lucy_(the_queen's_game)_(reverse:1999),lucy_(reverse:1999),1,重返未来1999,40
liang_yue_(the_moon's_reflection)_(reverse:1999),liang_yue_(reverse:1999),1,重返未来1999,38
dikke_(the_pointy_end_up)_(reverse:1999),dikke_(reverse:1999),1,重返未来1999,37
aleph_(a_feast_of_imagery)_(reverse:1999),aleph_(reverse:1999),1,重返未来1999,36
sonetto_(winter)_(reverse:1999),sonetto_(reverse:1999),1,重返未来1999,36
tuesday_(story_of_the_jade_vase)_(reverse:1999),tuesday_(reverse:1999),1,重返未来1999,34
sonetto_(the_steadfast_heart)_(reverse:1999),sonetto_(reverse:1999),1,重返未来1999,34
regulus_(the_fierce_fan)_(reverse:1999),regulus_(reverse:1999),1,重返未来1999,32
isolde_(the_caged_lamenter)_(reverse:1999),isolde_(reverse:1999),1,重返未来1999,32
tooth_fairy_(ace_through_the_bagel)_(reverse:1999),tooth_fairy_(reverse:1999),1,重返未来1999,29
windsong_(records_from_the_jade_hunt)_(reverse:1999),windsong_(reverse:1999),1,重返未来1999,29
eagle_(weekend_excursion)_(reverse:1999),eagle_(reverse:1999),1,重返未来1999,29
37_(naisnow)_(reverse:1999),37_(reverse:1999),1,重返未来1999,29
kakania_(the_emerald_witch)_(reverse:1999),kakania_(reverse:1999),1,重返未来1999,29
37_(a_gift_of_nourishment)_(reverse:1999),37_(reverse:1999),1,重返未来1999,29
eagle_(the_sixth_sense)_(reverse:1999),eagle_(reverse:1999),1,重返未来1999,27
marcus_(naisnow)_(reverse:1999),marcus_(reverse:1999),1,重返未来1999,27
melania_(a_peaceful_night)_(reverse:1999),melania_(reverse:1999),1,重返未来1999,24
regulus_(take_off!_to_the_future)_(reverse:1999),regulus_(reverse:1999),1,重返未来1999,24
6_(by_the_razed_polis)_(reverse:1999),6_(reverse:1999),1,重返未来1999,24
a_knight_(order_of_st._gabriel)_(reverse:1999),a_knight_(reverse:1999),1,重返未来1999,24
vertin_(the_long-eared_watchmaker)_(reverse:1999),vertin_(reverse:1999),1,重返未来1999,24
jessica_(the_sound_of_paradise)_(reverse:1999),jessica_(reverse:1999),1,重返未来1999,23
marcus_(to_the_gates_of_the_underworld)_(reverse:1999),marcus_(reverse:1999),1,重返未来1999,23
aleph_(the_masked_spectre)_(reverse:1999),aleph_(reverse:1999),1,重返未来1999,22
barcarola_(as_the_sea_breeze_leads)_(reverse:1999),barcarola_(reverse:1999),1,重返未来1999,22
tooth_fairy_(fairies_dancing_at_dawn)_(reverse:1999),tooth_fairy_(reverse:1999),1,重返未来1999,21
j_(the_lone_wolf's_howl)_(reverse:1999),j_(reverse:1999),1,重返未来1999,19
lilya_(the_art_of_destreza)_(reverse:1999),lilya_(reverse:1999),1,重返未来1999,17
melania_(the_ramirez_style)_(reverse:1999),melania_(reverse:1999),1,重返未来1999,17
barcarola_(asteroid_allegro)_(reverse:1999),barcarola_(reverse:1999),1,重返未来1999,16
willow_(the_nettle_gatherer)_(reverse:1999),willow_(reverse:1999),1,重返未来1999,14
zima_(a_day_in_the_mountains)_(reverse:1999),zima_(reverse:1999),1,重返未来1999,14
eagle_(the_other_path)_(reverse:1999),eagle_(reverse:1999),1,重返未来1999,13
yenisei_(in_the_same_river)_(reverse:1999),yenisei_(reverse:1999),1,重返未来1999,13
lilya_(justice_cannot_be_delayed)_(reverse:1999),lilya_(reverse:1999),1,重返未来1999,12
apple_(erudite_and_juicy)_(reverse:1999),apple_(reverse:1999),1,重返未来1999,12
spathodea_(onwards_to_victory)_(reverse:1999),spathodea_(reverse:1999),1,重返未来1999,10
name_day_(before_the_light_fades)_(reverse:1999),name_day_(reverse:1999),1,重返未来1999,9
corvus_(the_warmth_she_knitted)_(reverse:1999),corvus_(reverse:1999),1,重返未来1999,9
semmelweis_(a_knock_on_the_door)_(reverse:1999),semmelweis_(reverse:1999),1,重返未来1999,9
lopera_(the_wayward_soul_returns)_(reverse:1999),lopera_(reverse:1999),1,重返未来1999,9
a_knight_(galloping_across_the_times)_(reverse:1999),a_knight_(reverse:1999),1,重返未来1999,8
x_(genius_of_useless_inventions)_(reverse:1999),x_(reverse:1999),1,重返未来1999,8
lilya_(barents_sea_witch)_(reverse:1999),lilya_(reverse:1999),1,重返未来1999,8
pickles_(an_indigo_fluff)_(reverse:1999),pickles_(reverse:1999),1,重返未来1999,8
getian_(herald_of_horus)_(reverse:1999),getian_(reverse:1999),1,重返未来1999,7
"tooth_fairy_(""sweet_dream"")_(reverse:1999)",tooth_fairy_(reverse:1999),1,重返未来1999,7
lilya_(ipstar)_(reverse:1999),lilya_(reverse:1999),1,重返未来1999,7
melania_(red_and_white)_(reverse:1999),melania_(reverse:1999),1,重返未来1999,7
zima_(the_loner)_(reverse:1999),zima_(reverse:1999),1,重返未来1999,6
x_(lawson)_(reverse:1999),x_(reverse:1999),1,重返未来1999,6
moldir_(things_never_forgotten)_(reverse:1999),moldir_(reverse:1999),1,重返未来1999,6
avgust_(corner_on_the_square)_(reverse:1999),avgust_(reverse:1999),1,重返未来1999,6
pavia_(my_dear_good_friends)_(reverse:1999),pavia_(reverse:1999),1,重返未来1999,6
jessica_(hide_and_seek)_(reverse:1999),jessica_(reverse:1999),1,重返未来1999,6
sentinel_(the_shackles_of_sin)_(reverse:1999),sentinel_(reverse:1999),1,重返未来1999,5
lopera_(stellamap_cafe)_(reverse:1999),lopera_(reverse:1999),1,重返未来1999,4
a_knight_(the_evergreen_soul)_(reverse:1999),a_knight_(reverse:1999),1,重返未来1999,4
getian_(the_breeze_of_ease)_(reverse:1999),getian_(reverse:1999),1,重返未来1999,4
noire_(on_the_red_carpet)_(reverse:1999),noire_(reverse:1999),1,重返未来1999,3
lopera_(friend_of_the_splintercat)_(reverse:1999),lopera_(reverse:1999),1,重返未来1999,3
tooth_fairy_(stellamap_cafe)_(reverse:1999),tooth_fairy_(reverse:1999),1,重返未来1999,3
pickles_(the_young_dog_and_the_sea)_(reverse:1999),pickles_(reverse:1999),1,重返未来1999,3
apple_(echoing_to_woodstock)_(reverse:1999),apple_(reverse:1999),1,重返未来1999,2
pavia_(the_leap_of_a_wolf)_(reverse:1999),pavia_(reverse:1999),1,重返未来1999,2
lucy_(a_robot_is_born)_(reverse:1999),lucy_(reverse:1999),1,重返未来1999,1
pavia_(ipstar)_(reverse:1999),pavia_(reverse:1999),1,重返未来1999,1
a_knight_(maidjump_goods_cafe)_(reverse:1999),a_knight_(reverse:1999),1,重返未来1999,0
willow_(the_nettie_gatherer)_(reverse:1999),willow_(reverse:1999),1,重返未来1999,0
j_(top_speed_rider)_(reverse:1999),j_(reverse:1999),1,重返未来1999,0
tifa_lockhart,tifa_lockhart,0,间谍过家家,15709
cloud_strife,cloud_strife,0,间谍过家家,14831
mori_calliope,mori_calliope,0,间谍过家家,12078
yor_briar,yor_briar,0,间谍过家家,11088
kirby,kirby,0,间谍过家家,10422
chun-li,chun-li,0,间谍过家家,8768
princess_peach,princess_peach,0,间谍过家家,8246
kitagawa_marin,kitagawa_marin,0,间谍过家家,6185
anya_(spy_x_family),anya_(spy_x_family),0,间谍过家家,5817
gojo_satoru,gojo_satoru,0,间谍过家家,5416
twilight_(spy_x_family),twilight_(spy_x_family),0,间谍过家家,3778
kanna_kamui,kanna_kamui,0,间谍过家家,3205
sakata_gintoki,sakata_gintoki,0,间谍过家家,2699
shinomiya_kaguya,shinomiya_kaguya,0,间谍过家家,2538
komi_shouko,komi_shouko,0,间谍过家家,2416
hornet_(hollow_knight),hornet_(hollow_knight),0,间谍过家家,2295
fujiwara_chika,fujiwara_chika,0,间谍过家家,2224
nagatoro_hayase,nagatoro_hayase,0,间谍过家家,2186
ada_wong,ada_wong,0,间谍过家家,2014
jumpy_dumpty,jumpy_dumpty,0,间谍过家家,1685
damian_desmond,damian_desmond,0,间谍过家家,1561
uzaki_hana,uzaki_hana,0,间谍过家家,1459
espurr,espurr,0,间谍过家家,1108
bond_(spy_x_family),bond_(spy_x_family),0,间谍过家家,816
becky_blackbell,becky_blackbell,0,间谍过家家,810
koiwai_yotsuba,koiwai_yotsuba,0,间谍过家家,755
yuri_briar,yuri_briar,0,间谍过家家,609
shirogane_miyuki,shirogane_miyuki,0,间谍过家家,578
fiona_frost,fiona_frost,0,间谍过家家,424
director_chimera_(spy_x_family),director_chimera_(spy_x_family),0,间谍过家家,415
franky_franklin,franky_franklin,0,间谍过家家,227
hayami_saori,hayami_saori,0,间谍过家家,208
ewen_egeburg,ewen_egeburg,0,间谍过家家,195
emile_elman,emile_elman,0,间谍过家家,184
tanezaki_atsumi,tanezaki_atsumi,0,间谍过家家,159
sylvia_sherwood,sylvia_sherwood,0,间谍过家家,135
rover_(wuthering_waves),rover_(wuthering_waves),0,鸣潮,8180
zani_(wuthering_waves),zani_(wuthering_waves),0,鸣潮,4907
female_rover_(wuthering_waves),female_rover_(wuthering_waves),0,鸣潮,4506
male_rover_(wuthering_waves),male_rover_(wuthering_waves),0,鸣潮,4485
changli_(wuthering_waves),changli_(wuthering_waves),0,鸣潮,3527
chisa_(wuthering_waves),chisa_(wuthering_waves),0,鸣潮,2943
phoebe_(wuthering_waves),phoebe_(wuthering_waves),0,鸣潮,2845
aemeath_(wuthering_waves),aemeath_(wuthering_waves),0,鸣潮,2599
shorekeeper_(wuthering_waves),shorekeeper_(wuthering_waves),0,鸣潮,2469
camellya_(wuthering_waves),camellya_(wuthering_waves),0,鸣潮,2234
carlotta_(wuthering_waves),carlotta_(wuthering_waves),0,鸣潮,2162
cartethyia_(wuthering_waves),cartethyia_(wuthering_waves),0,鸣潮,2154
iuno_(wuthering_waves),iuno_(wuthering_waves),0,鸣潮,2068
phrolova_(wuthering_waves),phrolova_(wuthering_waves),0,鸣潮,1897
cantarella_(wuthering_waves),cantarella_(wuthering_waves),0,鸣潮,1849
jinhsi_(wuthering_waves),jinhsi_(wuthering_waves),0,鸣潮,1749
lynae_(wuthering_waves),lynae_(wuthering_waves),0,鸣潮,1632
fleurdelys_(wuthering_waves),fleurdelys_(wuthering_waves),0,鸣潮,1425
denia_(wuthering_waves),denia_(wuthering_waves),0,鸣潮,1414
mornye_(wuthering_waves),mornye_(wuthering_waves),0,鸣潮,1377
hiyuki_(wuthering_waves),hiyuki_(wuthering_waves),0,鸣潮,1193
lupa_(wuthering_waves),lupa_(wuthering_waves),0,鸣潮,1182
yinlin_(wuthering_waves),yinlin_(wuthering_waves),0,鸣潮,1148
augusta_(wuthering_waves),augusta_(wuthering_waves),0,鸣潮,1003
galbrena_(wuthering_waves),galbrena_(wuthering_waves),0,鸣潮,997
sigrika_(wuthering_waves),sigrika_(wuthering_waves),0,鸣潮,836
brant_(wuthering_waves),brant_(wuthering_waves),0,鸣潮,805
yangyang_(wuthering_waves),yangyang_(wuthering_waves),0,鸣潮,745
abby_(wuthering_waves),abby_(wuthering_waves),0,鸣潮,671
roccia_(wuthering_waves),roccia_(wuthering_waves),0,鸣潮,536
encore_(wuthering_waves),encore_(wuthering_waves),0,鸣潮,475
jiyan_(wuthering_waves),jiyan_(wuthering_waves),0,鸣潮,455
luuk_herssen_(wuthering_waves),luuk_herssen_(wuthering_waves),0,鸣潮,455
scar_(wuthering_waves),scar_(wuthering_waves),0,鸣潮,444
sanhua_(wuthering_waves),sanhua_(wuthering_waves),0,鸣潮,425
qiuyuan_(wuthering_waves),qiuyuan_(wuthering_waves),0,鸣潮,419
ciaccona_(wuthering_waves),ciaccona_(wuthering_waves),0,鸣潮,389
xiangli_yao_(wuthering_waves),xiangli_yao_(wuthering_waves),0,鸣潮,387
female_rover_(perpetual_spark)_(wuthering_waves),female_rover_(wuthering_waves),1,鸣潮,375
baizhi_(wuthering_waves),baizhi_(wuthering_waves),0,鸣潮,370
zhezhi_(wuthering_waves),zhezhi_(wuthering_waves),0,鸣潮,370
namipon_(wuthering_waves),namipon_(wuthering_waves),0,鸣潮,338
danjin_(wuthering_waves),danjin_(wuthering_waves),0,鸣潮,326
male_rover_(perpetual_spark)_(wuthering_waves),male_rover_(wuthering_waves),1,鸣潮,313
zapstring_(wuthering_waves),zapstring_(wuthering_waves),0,鸣潮,298
verina_(wuthering_waves),verina_(wuthering_waves),0,鸣潮,294
soliskin_(wuthering_waves),soliskin_(wuthering_waves),0,鸣潮,284
aemeath_(young)_(wuthering_waves),aemeath_(wuthering_waves),1,鸣潮,284
chixia_(wuthering_waves),chixia_(wuthering_waves),0,鸣潮,256
exostrider_(wuthering_waves),exostrider_(wuthering_waves),0,鸣潮,240
lucilla_(wuthering_waves),lucilla_(wuthering_waves),0,鸣潮,234
jue_(wuthering_waves),jue_(wuthering_waves),0,鸣潮,227
pero_(wuthering_waves),pero_(wuthering_waves),0,鸣潮,225
taoqi_(wuthering_waves),taoqi_(wuthering_waves),0,鸣潮,224
cloudy_(wuthering_waves),cloudy_(wuthering_waves),0,鸣潮,216
carlotta_(splashing_summer)_(wuthering_waves),carlotta_(wuthering_waves),1,鸣潮,209
calcharo_(wuthering_waves),calcharo_(wuthering_waves),0,鸣潮,200
cosmos_(wuthering_waves),cosmos_(wuthering_waves),0,鸣潮,198
youhu_(wuthering_waves),youhu_(wuthering_waves),0,鸣潮,191
changli_(laurel_nymph)_(wuthering_waves),changli_(wuthering_waves),1,鸣潮,182
jinhsi_(peach_blossom)_(wuthering_waves),jinhsi_(wuthering_waves),1,鸣潮,170
chimera_(wuthering_waves),chimera_(wuthering_waves),0,鸣潮,170
aalto_(wuthering_waves),aalto_(wuthering_waves),0,鸣潮,165
lingyang_(wuthering_waves),lingyang_(wuthering_waves),0,鸣潮,164
denia_(breakdown)_(wuthering_waves),denia_(wuthering_waves),1,鸣潮,152
lumi_(wuthering_waves),lumi_(wuthering_waves),0,鸣潮,151
phrolova_(ostina)_(wuthering_waves),phrolova_(wuthering_waves),1,鸣潮,149
jianxin_(wuthering_waves),jianxin_(wuthering_waves),0,鸣潮,142
zani_(downtown_repose)_(wuthering_waves),zani_(wuthering_waves),1,鸣潮,125
imperator_(wuthering_waves),imperator_(wuthering_waves),0,鸣潮,113
buling_(wuthering_waves),buling_(wuthering_waves),0,鸣潮,113
nimbus_wraith_(wuthering_waves),nimbus_wraith_(wuthering_waves),0,鸣潮,109
aemeath_(student)_(wuthering_waves),aemeath_(wuthering_waves),1,鸣潮,100
sanhua_(exorcistic_adjuration)_(wuthering_waves),sanhua_(wuthering_waves),1,鸣潮,55
mornye_(plush_dream)_(wuthering_waves),mornye_(wuthering_waves),1,鸣潮,48
yangyang_(bird)_(wuthering_waves),yangyang_(wuthering_waves),1,鸣潮,36
scar_(aberrant_nightmare)_(wuthering_waves),scar_(wuthering_waves),1,鸣潮,9
yinlin_(guangzhou_firefly_acg_festival)_(wuthering_waves),yinlin_(wuthering_waves),1,鸣潮,0
phrolova_(pre-lament)_(wuthering_waves),phrolova_(wuthering_waves),1,鸣潮,0
